2026-05-27 19:40:35 | DEBUG | P03 | No variables found in .env
2026-05-27 19:40:35 | INFO | P03 | === RUN START ===
2026-05-27 19:40:35 | INFO | P03 | project=P03
2026-05-27 19:40:35 | INFO | P03 | repo_dir=streaming-03-analytics
2026-05-27 19:40:35 | INFO | P03 | python=3.14.5
2026-05-27 19:40:35 | INFO | P03 | os=Windows 11
2026-05-27 19:40:35 | INFO | P03 | shell=powershell
2026-05-27 19:40:35 | INFO | P03 | cwd=.
2026-05-27 19:40:35 | INFO | P03 | github_actions=False
2026-05-27 19:40:35 | INFO | P03 | ========================
2026-05-27 19:40:35 | INFO | P03 | START producer main()
2026-05-27 19:40:35 | INFO | P03 | ========================
2026-05-27 19:40:35 | INFO | P03 | ROOT_DIR = .
2026-05-27 19:40:35 | INFO | P03 | DATA_DIR = data
2026-05-27 19:40:35 | INFO | P03 | SALES_CSV = data\sales.csv
2026-05-27 19:40:35 | INFO | P03 | REGIONS_CSV = data\regions.csv
2026-05-27 19:40:35 | INFO | P03 | PRODUCTS_CSV = data\products.csv
2026-05-27 19:40:35 | INFO | P03 | REJECTED_SALES_CSV = data\output\producer_rejected_sales.csv
2026-05-27 19:40:35 | INFO | P03 | ========================
2026-05-27 19:40:35 | INFO | P03 | SECTION A. Acquire
2026-05-27 19:40:35 | INFO | P03 | ========================
2026-05-27 19:40:35 | INFO | P03 | Loading settings from .env...
2026-05-27 19:40:35 | INFO | P03 | KAFKA_BOOTSTRAP_SERVERS           = localhost:9092
2026-05-27 19:40:35 | INFO | P03 | KAFKA_TOPIC                       = product-sales-case
2026-05-27 19:40:35 | INFO | P03 | PRODUCER_MESSAGE_COUNT            = 6
2026-05-27 19:40:35 | INFO | P03 | PRODUCER_MESSAGE_INTERVAL_SECONDS = 2.0
2026-05-27 19:40:35 | INFO | P03 | KAFKA_CLEAR_TOPIC_ON_START        = False
2026-05-27 19:40:35 | INFO | P03 | Verifying Kafka connection...
2026-05-27 19:40:36 | INFO | P03 | Kafka port is reachable.
2026-05-27 19:40:44 | INFO | P03 | Loading validation reference data...
2026-05-27 19:40:44 | INFO | P03 | Found 6 valid regions, 
2026-05-27 19:40:44 | INFO | P03 | 6 valid products.
2026-05-27 19:40:44 | INFO | P03 | ========================
2026-05-27 19:40:44 | INFO | P03 | SECTION P. Produce Messages
2026-05-27 19:40:44 | INFO | P03 | ========================
2026-05-27 19:40:44 | INFO | P03 | Initializing output...
2026-05-27 19:40:44 | INFO | P03 | Output directory ready: output
2026-05-27 19:40:44 | INFO | P03 | Sending messages...
2026-05-27 19:40:44 | INFO | P03 | Sending up to 6 message(s) to topic 'product-sales-case'.
2026-05-27 19:40:44 | INFO | P03 | Watch each sale arrive. Press CTRL+C to stop early.

2026-05-27 19:40:44 | INFO | P03 | {
  order_id: e7324981-a9f0-419f-b708-d0a333451fff
  datetime: 2026-05-04T08:11:00Z
  region_id: US-TX
  currency_code: USD
  product_id: PY-STREAM-005
  unit_price: 59.99
  quantity: 3
  is_online: true
  customer_id: CUST-4150
  is_new_customer: false
  device_type: tablet
  payment_method: paypal
  referral_source: paid_search
  discount_code: 
  customer_note: Gift for my team
}
2026-05-27 19:40:44 | INFO | P03 |   Sending message with key=US-TX
2026-05-27 19:40:49 | ERROR | P03 | !!!!!!!!!!!!!!!!!!!!!!!!!!!!!!!!!
The message was generated, but Kafka did not accept it.
Kafka did not confirm message delivery.
Details:
    KafkaError{code=_MSG_TIMED_OUT,val=-192,str="Local: Message timed out"}

CHECK:
1. Confirm Kafka is running.
2. Confirm the topic exists.
3. Confirm the broker is reachable at localhost:9092.
4. Try MANAGE_TOPIC.md to verify Kafka independently of Python.
!!!!!!!!!!!!!!!!!!!!!!!!!!!!!!!!!
2026-05-27 19:40:49 | ERROR | P03 | Producer stopped before completing all messages.
2026-05-27 19:41:59 | DEBUG | P03 | KAFKA_BOOTSTRAP_SERVERS           = localhost:9092
2026-05-27 19:41:59 | DEBUG | P03 | KAFKA_BROKER_ADDRESS_FAMILY       = v6
2026-05-27 19:41:59 | DEBUG | P03 | KAFKA_TOPIC                       = streaming-03-analytics-case
2026-05-27 19:41:59 | DEBUG | P03 | KAFKA_CLEAR_TOPIC_ON_START        = true
2026-05-27 19:41:59 | DEBUG | P03 | PRODUCER_MESSAGE_COUNT            = 3
2026-05-27 19:41:59 | DEBUG | P03 | PRODUCER_MESSAGE_INTERVAL_SECONDS = 2
2026-05-27 19:41:59 | DEBUG | P03 | PRODUCER_MAX_MESSAGES             = 50
2026-05-27 19:41:59 | DEBUG | P03 | PRODUCER_POLL_INTERVAL_SECONDS    = 15
2026-05-27 19:41:59 | DEBUG | P03 | KAFKA_GROUP_ID                    = streaming-consumer-group-A
2026-05-27 19:41:59 | DEBUG | P03 | KAFKA_AUTO_OFFSET_RESET           = earliest
2026-05-27 19:41:59 | DEBUG | P03 | CONSUMER_TIMEOUT_SECONDS          = 10
2026-05-27 19:41:59 | DEBUG | P03 | CONSUMER_MAX_MESSAGES             = 1000
2026-05-27 19:41:59 | INFO | P03 | === RUN START ===
2026-05-27 19:41:59 | INFO | P03 | project=P03
2026-05-27 19:41:59 | INFO | P03 | repo_dir=streaming-03-analytics
2026-05-27 19:41:59 | INFO | P03 | python=3.14.5
2026-05-27 19:41:59 | INFO | P03 | os=Windows 11
2026-05-27 19:41:59 | INFO | P03 | shell=powershell
2026-05-27 19:41:59 | INFO | P03 | cwd=.
2026-05-27 19:41:59 | INFO | P03 | github_actions=False
2026-05-27 19:41:59 | INFO | P03 | ========================
2026-05-27 19:41:59 | INFO | P03 | START producer main()
2026-05-27 19:41:59 | INFO | P03 | ========================
2026-05-27 19:41:59 | INFO | P03 | ROOT_DIR = .
2026-05-27 19:41:59 | INFO | P03 | DATA_DIR = data
2026-05-27 19:41:59 | INFO | P03 | SALES_CSV = data\sales.csv
2026-05-27 19:41:59 | INFO | P03 | REGIONS_CSV = data\regions.csv
2026-05-27 19:41:59 | INFO | P03 | PRODUCTS_CSV = data\products.csv
2026-05-27 19:41:59 | INFO | P03 | REJECTED_SALES_CSV = data\output\producer_rejected_sales.csv
2026-05-27 19:41:59 | INFO | P03 | ========================
2026-05-27 19:41:59 | INFO | P03 | SECTION A. Acquire
2026-05-27 19:41:59 | INFO | P03 | ========================
2026-05-27 19:41:59 | INFO | P03 | Loading settings from .env...
2026-05-27 19:41:59 | INFO | P03 | KAFKA_BOOTSTRAP_SERVERS           = localhost:9092
2026-05-27 19:41:59 | INFO | P03 | KAFKA_TOPIC                       = streaming-03-analytics-case
2026-05-27 19:41:59 | INFO | P03 | PRODUCER_MESSAGE_COUNT            = 3
2026-05-27 19:41:59 | INFO | P03 | PRODUCER_MESSAGE_INTERVAL_SECONDS = 2.0
2026-05-27 19:41:59 | INFO | P03 | KAFKA_CLEAR_TOPIC_ON_START        = True
2026-05-27 19:41:59 | INFO | P03 | Verifying Kafka connection...
2026-05-27 19:41:59 | INFO | P03 | Kafka port is reachable.
2026-05-27 19:42:04 | INFO | P03 | Loading validation reference data...
2026-05-27 19:42:04 | INFO | P03 | Found 6 valid regions, 
2026-05-27 19:42:04 | INFO | P03 | 6 valid products.
2026-05-27 19:42:04 | INFO | P03 | ========================
2026-05-27 19:42:04 | INFO | P03 | SECTION P. Produce Messages
2026-05-27 19:42:04 | INFO | P03 | ========================
2026-05-27 19:42:04 | INFO | P03 | Initializing output...
2026-05-27 19:42:04 | INFO | P03 | Output directory ready: output
2026-05-27 19:42:04 | INFO | P03 | Sending messages...
2026-05-27 19:42:04 | INFO | P03 | Sending up to 3 message(s) to topic 'streaming-03-analytics-case'.
2026-05-27 19:42:04 | INFO | P03 | Watch each sale arrive. Press CTRL+C to stop early.

2026-05-27 19:42:04 | INFO | P03 | {
  order_id: e7324981-a9f0-419f-b708-d0a333451fff
  datetime: 2026-05-04T08:11:00Z
  region_id: US-TX
  currency_code: USD
  product_id: PY-STREAM-005
  unit_price: 59.99
  quantity: 3
  is_online: true
  customer_id: CUST-4150
  is_new_customer: false
  device_type: tablet
  payment_method: paypal
  referral_source: paid_search
  discount_code: 
  customer_note: Gift for my team
}
2026-05-27 19:42:04 | INFO | P03 |   Sending message with key=US-TX
2026-05-27 19:42:04 | INFO | P03 |   MESSAGE SENT  sent=1
2026-05-27 19:42:06 | INFO | P03 | {
  order_id: d61943e0-f543-4b5f-9c9a-18605ea4cfe5
  datetime: 2026-05-04T08:23:00Z
  region_id: US-TX
  currency_code: USD
  product_id: PY-DATA-002
  unit_price: 49.99
  quantity: 1
  is_online: true
  customer_id: CUST-1106
  is_new_customer: false
  device_type: mobile
  payment_method: paypal
  referral_source: paid_search
  discount_code: 
  customer_note: Gift for my team
}
2026-05-27 19:42:06 | INFO | P03 |   Sending message with key=US-TX
2026-05-27 19:42:06 | INFO | P03 |   MESSAGE SENT  sent=2
2026-05-27 19:42:08 | INFO | P03 | {
  order_id: 14da1915-8e74-47be-9e10-f7275d31af46
  datetime: 2026-05-04T08:28:00Z
  region_id: CA-QC
  currency_code: CAD
  product_id: PY-NLP-006
  unit_price: 54.99
  quantity: 1
  is_online: true
  customer_id: CUST-2133
  is_new_customer: false
  device_type: desktop
  payment_method: paypal
  referral_source: organic
  discount_code: 
  customer_note: Learning at my own pace
}
2026-05-27 19:42:08 | INFO | P03 |   Sending message with key=CA-QC
2026-05-27 19:42:08 | INFO | P03 |   MESSAGE SENT  sent=3
2026-05-27 19:42:10 | INFO | P03 | Checking for rejected records...
2026-05-27 19:42:10 | INFO | P03 |   No records rejected.
2026-05-27 19:42:10 | INFO | P03 | ========================
2026-05-27 19:42:10 | INFO | P03 | SECTION E. Exit
2026-05-27 19:42:10 | INFO | P03 | ========================
2026-05-27 19:42:10 | INFO | P03 | Summary:
2026-05-27 19:42:10 | INFO | P03 | Sent 3 message(s) to topic 'streaming-03-analytics-case'.
2026-05-27 19:42:10 | INFO | P03 | Rejected 0 message(s).
2026-05-27 19:42:10 | INFO | P03 | ========================
2026-05-27 19:42:10 | INFO | P03 | Producer executed successfully!
2026-05-27 19:42:10 | INFO | P03 | ========================
2026-05-27 19:43:58 | DEBUG | C03 | KAFKA_BOOTSTRAP_SERVERS           = localhost:9092
2026-05-27 19:43:58 | DEBUG | C03 | KAFKA_BROKER_ADDRESS_FAMILY       = v6
2026-05-27 19:43:58 | DEBUG | C03 | KAFKA_TOPIC                       = streaming-03-analytics-case
2026-05-27 19:43:58 | DEBUG | C03 | KAFKA_CLEAR_TOPIC_ON_START        = true
2026-05-27 19:43:58 | DEBUG | C03 | PRODUCER_MESSAGE_COUNT            = 3
2026-05-27 19:43:58 | DEBUG | C03 | PRODUCER_MESSAGE_INTERVAL_SECONDS = 2
2026-05-27 19:43:58 | DEBUG | C03 | PRODUCER_MAX_MESSAGES             = 50
2026-05-27 19:43:58 | DEBUG | C03 | PRODUCER_POLL_INTERVAL_SECONDS    = 15
2026-05-27 19:43:58 | DEBUG | C03 | KAFKA_GROUP_ID                    = streaming-consumer-group-A
2026-05-27 19:43:58 | DEBUG | C03 | KAFKA_AUTO_OFFSET_RESET           = earliest
2026-05-27 19:43:58 | DEBUG | C03 | CONSUMER_TIMEOUT_SECONDS          = 10
2026-05-27 19:43:58 | DEBUG | C03 | CONSUMER_MAX_MESSAGES             = 1000
2026-05-27 19:43:58 | INFO | C03 | === RUN START ===
2026-05-27 19:43:58 | INFO | C03 | project=C03
2026-05-27 19:43:58 | INFO | C03 | repo_dir=streaming-03-analytics
2026-05-27 19:43:58 | INFO | C03 | python=3.14.5
2026-05-27 19:43:58 | INFO | C03 | os=Windows 11
2026-05-27 19:43:58 | INFO | C03 | shell=powershell
2026-05-27 19:43:58 | INFO | C03 | cwd=.
2026-05-27 19:43:58 | INFO | C03 | github_actions=False
2026-05-27 19:43:58 | INFO | C03 | ========================
2026-05-27 19:43:58 | INFO | C03 | START consumer main()
2026-05-27 19:43:58 | INFO | C03 | ========================
2026-05-27 19:43:58 | INFO | C03 | ROOT_DIR = .
2026-05-27 19:43:58 | INFO | C03 | DATA_DIR = data
2026-05-27 19:43:58 | INFO | C03 | OUTPUT_CSV = data\output\consumed_sales.csv
2026-05-27 19:43:58 | INFO | C03 | REGIONS_CSV = data\regions.csv
2026-05-27 19:43:58 | INFO | C03 | PRODUCTS_CSV = data\products.csv
2026-05-27 19:43:58 | INFO | C03 | CURRENCIES_CSV = data\currencies.csv
2026-05-27 19:43:58 | INFO | C03 | DISCOUNT_CODES_CSV = data\discount_codes.csv
2026-05-27 19:43:58 | INFO | C03 | ========================
2026-05-27 19:43:58 | INFO | C03 | SECTION A. Acquire
2026-05-27 19:43:58 | INFO | C03 | ========================
2026-05-27 19:43:58 | INFO | C03 | Loading settings from .env...
2026-05-27 19:43:58 | INFO | C03 | KAFKA_BOOTSTRAP_SERVERS  = localhost:9092
2026-05-27 19:43:58 | INFO | C03 | KAFKA_TOPIC              = streaming-03-analytics-case
2026-05-27 19:43:58 | INFO | C03 | KAFKA_GROUP_ID           = streaming-consumer-group-A
2026-05-27 19:43:58 | INFO | C03 | CONSUMER_TIMEOUT_SECONDS = 10.0
2026-05-27 19:43:58 | INFO | C03 | CONSUMER_MAX_MESSAGES    = 1000
2026-05-27 19:43:58 | INFO | C03 | Verifying Kafka connection...
2026-05-27 19:43:58 | INFO | C03 | Kafka port is reachable.
2026-05-27 19:43:58 | INFO | C03 | Verifying Kafka topic...
2026-05-27 19:44:03 | INFO | C03 | Topic 'streaming-03-analytics-case' exists.
2026-05-27 19:44:03 | INFO | C03 | Found 3 message(s) available.
2026-05-27 19:44:03 | INFO | C03 | Creating Kafka consumer...
2026-05-27 19:44:03 | INFO | C03 | Subscribed to topic: 'streaming-03-analytics-case' (reading from beginning)
2026-05-27 19:44:03 | INFO | C03 | ========================
2026-05-27 19:44:03 | INFO | C03 | SECTION C. Consume and Process Messages
2026-05-27 19:44:03 | INFO | C03 | ========================
2026-05-27 19:44:03 | INFO | C03 | Initializing output...
2026-05-27 19:44:03 | INFO | C03 | Output CSV cleared: consumed_sales.csv
2026-05-27 19:44:03 | INFO | C03 | Loading enrichment reference data...
2026-05-27 19:44:03 | INFO | C03 | Found 6 region tax rates.
2026-05-27 19:44:03 | INFO | C03 | Consuming messages...
2026-05-27 19:44:03 | INFO | C03 | Waiting for up to 1000 message(s).
2026-05-27 19:44:03 | INFO | C03 | Press CTRL+C to stop early.

2026-05-27 19:44:09 | INFO | C03 | {'currency_code': 'USD', 'customer_id': 'CUST-4150', 'customer_note': 'Gift for my team', 'datetime': '2026-05-04T08:11:00Z', 'device_type': 'tablet', 'discount_code': '', 'is_new_customer': 'false', 'is_online': 'true', 'order_id': 'e7324981-a9f0-419f-b708-d0a333451fff', 'payment_method': 'paypal', 'product_id': 'PY-STREAM-005', 'quantity': '3', 'referral_source': 'paid_search', 'region_id': 'US-TX', 'unit_price': '59.99', '_kafka_key': 'US-TX', '_kafka_partition': 0, '_kafka_offset': 0}
2026-05-27 19:44:09 | INFO | C03 | subtotal=179.97
2026-05-27 19:44:09 | INFO | C03 | tax=14.85
2026-05-27 19:44:09 | INFO | C03 | total=194.82
2026-05-27 19:44:09 | INFO | C03 | running_total=194.82
2026-05-27 19:44:09 | INFO | C03 | MESSAGE ACCEPTED
2026-05-27 19:44:09 | INFO | C03 | order=e7324981-a9f0-419f-b708-d0a333451fff
2026-05-27 19:44:09 | INFO | C03 | total=$194.82
2026-05-27 19:44:09 | INFO | C03 | consumed=1
2026-05-27 19:44:09 | INFO | C03 | RUNNING STATS
2026-05-27 19:44:09 | INFO | C03 | total_sales=$194.82
2026-05-27 19:44:09 | INFO | C03 | average=$194.82
2026-05-27 19:44:09 | INFO | C03 | min=$194.82
2026-05-27 19:44:09 | INFO | C03 | max=$194.82
2026-05-27 19:44:09 | INFO | C03 | {'currency_code': 'USD', 'customer_id': 'CUST-1106', 'customer_note': 'Gift for my team', 'datetime': '2026-05-04T08:23:00Z', 'device_type': 'mobile', 'discount_code': '', 'is_new_customer': 'false', 'is_online': 'true', 'order_id': 'd61943e0-f543-4b5f-9c9a-18605ea4cfe5', 'payment_method': 'paypal', 'product_id': 'PY-DATA-002', 'quantity': '1', 'referral_source': 'paid_search', 'region_id': 'US-TX', 'unit_price': '49.99', '_kafka_key': 'US-TX', '_kafka_partition': 0, '_kafka_offset': 1}
2026-05-27 19:44:09 | INFO | C03 | subtotal=49.99
2026-05-27 19:44:09 | INFO | C03 | tax=4.12
2026-05-27 19:44:09 | INFO | C03 | total=54.11
2026-05-27 19:44:09 | INFO | C03 | running_total=248.93
2026-05-27 19:44:09 | INFO | C03 | MESSAGE ACCEPTED
2026-05-27 19:44:09 | INFO | C03 | order=d61943e0-f543-4b5f-9c9a-18605ea4cfe5
2026-05-27 19:44:09 | INFO | C03 | total=$54.11
2026-05-27 19:44:09 | INFO | C03 | consumed=2
2026-05-27 19:44:09 | INFO | C03 | RUNNING STATS
2026-05-27 19:44:09 | INFO | C03 | total_sales=$248.93
2026-05-27 19:44:09 | INFO | C03 | average=$124.47
2026-05-27 19:44:09 | INFO | C03 | min=$54.11
2026-05-27 19:44:09 | INFO | C03 | max=$194.82
2026-05-27 19:44:09 | INFO | C03 | {'currency_code': 'CAD', 'customer_id': 'CUST-2133', 'customer_note': 'Learning at my own pace', 'datetime': '2026-05-04T08:28:00Z', 'device_type': 'desktop', 'discount_code': '', 'is_new_customer': 'false', 'is_online': 'true', 'order_id': '14da1915-8e74-47be-9e10-f7275d31af46', 'payment_method': 'paypal', 'product_id': 'PY-NLP-006', 'quantity': '1', 'referral_source': 'organic', 'region_id': 'CA-QC', 'unit_price': '54.99', '_kafka_key': 'CA-QC', '_kafka_partition': 0, '_kafka_offset': 2}
2026-05-27 19:44:09 | INFO | C03 | subtotal=54.99
2026-05-27 19:44:09 | INFO | C03 | tax=8.23
2026-05-27 19:44:09 | INFO | C03 | total=63.22
2026-05-27 19:44:09 | INFO | C03 | running_total=312.15
2026-05-27 19:44:09 | INFO | C03 | MESSAGE ACCEPTED
2026-05-27 19:44:09 | INFO | C03 | order=14da1915-8e74-47be-9e10-f7275d31af46
2026-05-27 19:44:09 | INFO | C03 | total=$63.22
2026-05-27 19:44:09 | INFO | C03 | consumed=3
2026-05-27 19:44:09 | INFO | C03 | RUNNING STATS
2026-05-27 19:44:09 | INFO | C03 | total_sales=$312.15
2026-05-27 19:44:09 | INFO | C03 | average=$104.05
2026-05-27 19:44:09 | INFO | C03 | min=$54.11
2026-05-27 19:44:09 | INFO | C03 | max=$194.82
2026-05-27 19:44:19 | INFO | C03 | No message received within 10.0s timeout.
2026-05-27 19:44:19 | INFO | C03 | Producer finished or paused. Stopping consumer.
2026-05-27 19:44:19 | INFO | C03 | Kafka consumer closed.
2026-05-27 19:44:19 | INFO | C03 | ========================
2026-05-27 19:44:19 | INFO | C03 | SECTION E. Exit
2026-05-27 19:44:19 | INFO | C03 | ========================
2026-05-27 19:44:19 | INFO | C03 | Summary:
2026-05-27 19:44:19 | INFO | C03 | Consumed 3 message(s) from topic 'streaming-03-analytics-case'.
2026-05-27 19:44:19 | INFO | C03 | Skipped  0 message(s).
2026-05-27 19:44:19 | INFO | C03 | OUTPUT_CSV = data\output\consumed_sales.csv
2026-05-27 19:44:19 | INFO | C03 |   Total sales:  $312.15
2026-05-27 19:44:19 | INFO | C03 |   Average sale: $104.05
2026-05-27 19:44:19 | INFO | C03 |   Minimum sale: $54.11
2026-05-27 19:44:19 | INFO | C03 |   Maximum sale: $194.82
2026-05-27 19:44:19 | INFO | C03 | ========================
2026-05-27 19:44:19 | INFO | C03 | Consumer executed successfully!
2026-05-27 19:44:19 | INFO | C03 | ========================
2026-05-31 16:00:24 | DEBUG | P03 | KAFKA_BOOTSTRAP_SERVERS           = localhost:9092
2026-05-31 16:00:24 | DEBUG | P03 | KAFKA_BROKER_ADDRESS_FAMILY       = v6
2026-05-31 16:00:24 | DEBUG | P03 | KAFKA_TOPIC                       = streaming-03-analytics-critical-section
2026-05-31 16:00:24 | DEBUG | P03 | KAFKA_CLEAR_TOPIC_ON_START        = true
2026-05-31 16:00:24 | DEBUG | P03 | PRODUCER_MESSAGE_COUNT            = 3
2026-05-31 16:00:24 | DEBUG | P03 | PRODUCER_MESSAGE_INTERVAL_SECONDS = 2
2026-05-31 16:00:24 | DEBUG | P03 | PRODUCER_MAX_MESSAGES             = 50
2026-05-31 16:00:24 | DEBUG | P03 | PRODUCER_POLL_INTERVAL_SECONDS    = 15
2026-05-31 16:00:24 | DEBUG | P03 | KAFKA_GROUP_ID                    = streaming-consumer-group-A
2026-05-31 16:00:24 | DEBUG | P03 | KAFKA_AUTO_OFFSET_RESET           = earliest
2026-05-31 16:00:24 | DEBUG | P03 | CONSUMER_TIMEOUT_SECONDS          = 10
2026-05-31 16:00:24 | DEBUG | P03 | CONSUMER_MAX_MESSAGES             = 1000
2026-05-31 16:00:24 | INFO | P03 | === RUN START ===
2026-05-31 16:00:24 | INFO | P03 | project=P03
2026-05-31 16:00:24 | INFO | P03 | repo_dir=streaming-03-analytics
2026-05-31 16:00:24 | INFO | P03 | python=3.14.5
2026-05-31 16:00:24 | INFO | P03 | os=Windows 11
2026-05-31 16:00:24 | INFO | P03 | shell=powershell
2026-05-31 16:00:24 | INFO | P03 | cwd=.
2026-05-31 16:00:24 | INFO | P03 | github_actions=False
2026-05-31 16:00:24 | INFO | P03 | ========================
2026-05-31 16:00:24 | INFO | P03 | START producer main()
2026-05-31 16:00:24 | INFO | P03 | ========================
2026-05-31 16:00:24 | INFO | P03 | ROOT_DIR = .
2026-05-31 16:00:24 | INFO | P03 | DATA_DIR = data
2026-05-31 16:00:24 | INFO | P03 | SALES_CSV = data\sales.csv
2026-05-31 16:00:24 | INFO | P03 | REGIONS_CSV = data\regions.csv
2026-05-31 16:00:24 | INFO | P03 | PRODUCTS_CSV = data\products.csv
2026-05-31 16:00:24 | INFO | P03 | REJECTED_SALES_CSV = data\output\producer_rejected_sales.csv
2026-05-31 16:00:24 | INFO | P03 | ========================
2026-05-31 16:00:24 | INFO | P03 | SECTION A. Acquire
2026-05-31 16:00:24 | INFO | P03 | ========================
2026-05-31 16:00:24 | INFO | P03 | Loading settings from .env...
2026-05-31 16:00:24 | INFO | P03 | KAFKA_BOOTSTRAP_SERVERS           = localhost:9092
2026-05-31 16:00:24 | INFO | P03 | KAFKA_TOPIC                       = streaming-03-analytics-critical-section
2026-05-31 16:00:24 | INFO | P03 | PRODUCER_MESSAGE_COUNT            = 3
2026-05-31 16:00:24 | INFO | P03 | PRODUCER_MESSAGE_INTERVAL_SECONDS = 2.0
2026-05-31 16:00:24 | INFO | P03 | KAFKA_CLEAR_TOPIC_ON_START        = True
2026-05-31 16:00:24 | INFO | P03 | Verifying Kafka connection...
2026-05-31 16:00:24 | INFO | P03 | Kafka port is reachable.
2026-05-31 16:00:26 | INFO | P03 | Loading validation reference data...
2026-05-31 16:00:27 | INFO | P03 | Found 6 valid regions, 
2026-05-31 16:00:27 | INFO | P03 | 6 valid products.
2026-05-31 16:00:27 | INFO | P03 | ========================
2026-05-31 16:00:27 | INFO | P03 | SECTION P. Produce Messages
2026-05-31 16:00:27 | INFO | P03 | ========================
2026-05-31 16:00:27 | INFO | P03 | Initializing output...
2026-05-31 16:00:27 | INFO | P03 | Output directory ready: output
2026-05-31 16:00:27 | INFO | P03 | Sending messages...
2026-05-31 16:00:27 | INFO | P03 | Sending up to 3 message(s) to topic 'streaming-03-analytics-critical-section'.
2026-05-31 16:00:27 | INFO | P03 | Watch each sale arrive. Press CTRL+C to stop early.

2026-05-31 16:00:27 | INFO | P03 | {
  order_id: e7324981-a9f0-419f-b708-d0a333451fff
  datetime: 2026-05-04T08:11:00Z
  region_id: US-TX
  currency_code: USD
  product_id: PY-STREAM-005
  unit_price: 59.99
  quantity: 3
  is_online: true
  customer_id: CUST-4150
  is_new_customer: false
  device_type: tablet
  payment_method: paypal
  referral_source: paid_search
  discount_code: 
  customer_note: Gift for my team
}
2026-05-31 16:00:27 | INFO | P03 |   Sending message with key=US-TX
2026-05-31 16:00:27 | INFO | P03 |   MESSAGE SENT  sent=1
2026-05-31 16:00:29 | INFO | P03 | {
  order_id: d61943e0-f543-4b5f-9c9a-18605ea4cfe5
  datetime: 2026-05-04T08:23:00Z
  region_id: US-TX
  currency_code: USD
  product_id: PY-DATA-002
  unit_price: 49.99
  quantity: 1
  is_online: true
  customer_id: CUST-1106
  is_new_customer: false
  device_type: mobile
  payment_method: paypal
  referral_source: paid_search
  discount_code: 
  customer_note: Gift for my team
}
2026-05-31 16:00:29 | INFO | P03 |   Sending message with key=US-TX
2026-05-31 16:00:29 | INFO | P03 |   MESSAGE SENT  sent=2
2026-05-31 16:00:31 | INFO | P03 | {
  order_id: 14da1915-8e74-47be-9e10-f7275d31af46
  datetime: 2026-05-04T08:28:00Z
  region_id: CA-QC
  currency_code: CAD
  product_id: PY-NLP-006
  unit_price: 54.99
  quantity: 1
  is_online: true
  customer_id: CUST-2133
  is_new_customer: false
  device_type: desktop
  payment_method: paypal
  referral_source: organic
  discount_code: 
  customer_note: Learning at my own pace
}
2026-05-31 16:00:31 | INFO | P03 |   Sending message with key=CA-QC
2026-05-31 16:00:31 | INFO | P03 |   MESSAGE SENT  sent=3
2026-05-31 16:00:33 | INFO | P03 | Checking for rejected records...
2026-05-31 16:00:33 | INFO | P03 |   No records rejected.
2026-05-31 16:00:33 | INFO | P03 | ========================
2026-05-31 16:00:33 | INFO | P03 | SECTION E. Exit
2026-05-31 16:00:33 | INFO | P03 | ========================
2026-05-31 16:00:33 | INFO | P03 | Summary:
2026-05-31 16:00:33 | INFO | P03 | Sent 3 message(s) to topic 'streaming-03-analytics-critical-section'.
2026-05-31 16:00:33 | INFO | P03 | Rejected 0 message(s).
2026-05-31 16:00:33 | INFO | P03 | ========================
2026-05-31 16:00:33 | INFO | P03 | Producer executed successfully!
2026-05-31 16:00:33 | INFO | P03 | ========================
2026-05-31 16:03:24 | DEBUG | C03 | KAFKA_BOOTSTRAP_SERVERS           = localhost:9092
2026-05-31 16:03:24 | DEBUG | C03 | KAFKA_BROKER_ADDRESS_FAMILY       = v6
2026-05-31 16:03:24 | DEBUG | C03 | KAFKA_TOPIC                       = streaming-03-analytics-critical-section
2026-05-31 16:03:24 | DEBUG | C03 | KAFKA_CLEAR_TOPIC_ON_START        = true
2026-05-31 16:03:24 | DEBUG | C03 | PRODUCER_MESSAGE_COUNT            = 20
2026-05-31 16:03:24 | DEBUG | C03 | PRODUCER_MESSAGE_INTERVAL_SECONDS = 2
2026-05-31 16:03:24 | DEBUG | C03 | PRODUCER_MAX_MESSAGES             = 50
2026-05-31 16:03:24 | DEBUG | C03 | PRODUCER_POLL_INTERVAL_SECONDS    = 15
2026-05-31 16:03:24 | DEBUG | C03 | KAFKA_GROUP_ID                    = streaming-consumer-group-A
2026-05-31 16:03:24 | DEBUG | C03 | KAFKA_AUTO_OFFSET_RESET           = earliest
2026-05-31 16:03:24 | DEBUG | C03 | CONSUMER_TIMEOUT_SECONDS          = 10
2026-05-31 16:03:24 | DEBUG | C03 | CONSUMER_MAX_MESSAGES             = 1000
2026-05-31 16:03:24 | DEBUG | P03 | KAFKA_BOOTSTRAP_SERVERS           = localhost:9092
2026-05-31 16:03:24 | DEBUG | P03 | KAFKA_BROKER_ADDRESS_FAMILY       = v6
2026-05-31 16:03:24 | DEBUG | P03 | KAFKA_TOPIC                       = streaming-03-analytics-critical-section
2026-05-31 16:03:24 | DEBUG | P03 | KAFKA_CLEAR_TOPIC_ON_START        = true
2026-05-31 16:03:24 | DEBUG | P03 | PRODUCER_MESSAGE_COUNT            = 20
2026-05-31 16:03:24 | DEBUG | P03 | PRODUCER_MESSAGE_INTERVAL_SECONDS = 2
2026-05-31 16:03:24 | DEBUG | P03 | PRODUCER_MAX_MESSAGES             = 50
2026-05-31 16:03:24 | DEBUG | P03 | PRODUCER_POLL_INTERVAL_SECONDS    = 15
2026-05-31 16:03:24 | DEBUG | P03 | KAFKA_GROUP_ID                    = streaming-consumer-group-A
2026-05-31 16:03:24 | DEBUG | P03 | KAFKA_AUTO_OFFSET_RESET           = earliest
2026-05-31 16:03:24 | DEBUG | P03 | CONSUMER_TIMEOUT_SECONDS          = 10
2026-05-31 16:03:24 | DEBUG | P03 | CONSUMER_MAX_MESSAGES             = 1000
2026-05-31 16:03:46 | DEBUG | P03 | KAFKA_BOOTSTRAP_SERVERS           = localhost:9092
2026-05-31 16:03:46 | DEBUG | P03 | KAFKA_BROKER_ADDRESS_FAMILY       = v6
2026-05-31 16:03:46 | DEBUG | P03 | KAFKA_TOPIC                       = streaming-03-analytics-critical-section
2026-05-31 16:03:46 | DEBUG | P03 | KAFKA_CLEAR_TOPIC_ON_START        = true
2026-05-31 16:03:46 | DEBUG | P03 | PRODUCER_MESSAGE_COUNT            = 20
2026-05-31 16:03:46 | DEBUG | P03 | PRODUCER_MESSAGE_INTERVAL_SECONDS = 2
2026-05-31 16:03:46 | DEBUG | P03 | PRODUCER_MAX_MESSAGES             = 50
2026-05-31 16:03:46 | DEBUG | P03 | PRODUCER_POLL_INTERVAL_SECONDS    = 15
2026-05-31 16:03:46 | DEBUG | P03 | KAFKA_GROUP_ID                    = streaming-consumer-group-A
2026-05-31 16:03:46 | DEBUG | P03 | KAFKA_AUTO_OFFSET_RESET           = earliest
2026-05-31 16:03:46 | DEBUG | P03 | CONSUMER_TIMEOUT_SECONDS          = 10
2026-05-31 16:03:46 | DEBUG | P03 | CONSUMER_MAX_MESSAGES             = 1000
2026-05-31 16:03:46 | INFO | P03 | === RUN START ===
2026-05-31 16:03:46 | INFO | P03 | project=P03
2026-05-31 16:03:46 | INFO | P03 | repo_dir=streaming-03-analytics
2026-05-31 16:03:46 | INFO | P03 | python=3.14.5
2026-05-31 16:03:47 | INFO | P03 | os=Windows 11
2026-05-31 16:03:47 | INFO | P03 | shell=powershell
2026-05-31 16:03:47 | INFO | P03 | cwd=.
2026-05-31 16:03:47 | INFO | P03 | github_actions=False
2026-05-31 16:03:47 | INFO | P03 | ========================
2026-05-31 16:03:47 | INFO | P03 | START producer main()
2026-05-31 16:03:47 | INFO | P03 | ========================
2026-05-31 16:03:47 | INFO | P03 | ROOT_DIR = .
2026-05-31 16:03:47 | INFO | P03 | DATA_DIR = data
2026-05-31 16:03:47 | INFO | P03 | SALES_CSV = data\sales.csv
2026-05-31 16:03:47 | INFO | P03 | REGIONS_CSV = data\regions.csv
2026-05-31 16:03:47 | INFO | P03 | PRODUCTS_CSV = data\products.csv
2026-05-31 16:03:47 | INFO | P03 | REJECTED_SALES_CSV = data\output\producer_rejected_sales.csv
2026-05-31 16:03:47 | INFO | P03 | ========================
2026-05-31 16:03:47 | INFO | P03 | SECTION A. Acquire
2026-05-31 16:03:47 | INFO | P03 | ========================
2026-05-31 16:03:47 | INFO | P03 | Loading settings from .env...
2026-05-31 16:03:47 | INFO | P03 | KAFKA_BOOTSTRAP_SERVERS           = localhost:9092
2026-05-31 16:03:47 | INFO | P03 | KAFKA_TOPIC                       = streaming-03-analytics-critical-section
2026-05-31 16:03:47 | INFO | P03 | PRODUCER_MESSAGE_COUNT            = 20
2026-05-31 16:03:47 | INFO | P03 | PRODUCER_MESSAGE_INTERVAL_SECONDS = 2.0
2026-05-31 16:03:47 | INFO | P03 | KAFKA_CLEAR_TOPIC_ON_START        = True
2026-05-31 16:03:47 | INFO | P03 | Verifying Kafka connection...
2026-05-31 16:03:47 | INFO | P03 | Kafka port is reachable.
2026-05-31 16:03:49 | INFO | P03 | Loading validation reference data...
2026-05-31 16:03:49 | INFO | P03 | Found 6 valid regions, 
2026-05-31 16:03:49 | INFO | P03 | 6 valid products.
2026-05-31 16:03:49 | INFO | P03 | ========================
2026-05-31 16:03:49 | INFO | P03 | SECTION P. Produce Messages
2026-05-31 16:03:49 | INFO | P03 | ========================
2026-05-31 16:03:49 | INFO | P03 | Initializing output...
2026-05-31 16:03:49 | INFO | P03 | Output directory ready: output
2026-05-31 16:03:49 | INFO | P03 | Sending messages...
2026-05-31 16:03:49 | INFO | P03 | Sending up to 20 message(s) to topic 'streaming-03-analytics-critical-section'.
2026-05-31 16:03:49 | INFO | P03 | Watch each sale arrive. Press CTRL+C to stop early.

2026-05-31 16:03:49 | INFO | P03 | {
  order_id: e7324981-a9f0-419f-b708-d0a333451fff
  datetime: 2026-05-04T08:11:00Z
  region_id: US-TX
  currency_code: USD
  product_id: PY-STREAM-005
  unit_price: 59.99
  quantity: 3
  is_online: true
  customer_id: CUST-4150
  is_new_customer: false
  device_type: tablet
  payment_method: paypal
  referral_source: paid_search
  discount_code: 
  customer_note: Gift for my team
}
2026-05-31 16:03:49 | INFO | P03 |   Sending message with key=US-TX
2026-05-31 16:03:49 | INFO | P03 |   MESSAGE SENT  sent=1
2026-05-31 16:03:51 | INFO | P03 | {
  order_id: d61943e0-f543-4b5f-9c9a-18605ea4cfe5
  datetime: 2026-05-04T08:23:00Z
  region_id: US-TX
  currency_code: USD
  product_id: PY-DATA-002
  unit_price: 49.99
  quantity: 1
  is_online: true
  customer_id: CUST-1106
  is_new_customer: false
  device_type: mobile
  payment_method: paypal
  referral_source: paid_search
  discount_code: 
  customer_note: Gift for my team
}
2026-05-31 16:03:51 | INFO | P03 |   Sending message with key=US-TX
2026-05-31 16:03:51 | INFO | P03 |   MESSAGE SENT  sent=2
2026-05-31 16:03:53 | INFO | P03 | {
  order_id: 14da1915-8e74-47be-9e10-f7275d31af46
  datetime: 2026-05-04T08:28:00Z
  region_id: CA-QC
  currency_code: CAD
  product_id: PY-NLP-006
  unit_price: 54.99
  quantity: 1
  is_online: true
  customer_id: CUST-2133
  is_new_customer: false
  device_type: desktop
  payment_method: paypal
  referral_source: organic
  discount_code: 
  customer_note: Learning at my own pace
}
2026-05-31 16:03:53 | INFO | P03 |   Sending message with key=CA-QC
2026-05-31 16:03:53 | INFO | P03 |   MESSAGE SENT  sent=3
2026-05-31 16:03:55 | INFO | P03 | {
  order_id: d77ed935-9b28-431d-bc25-0a3fd98f4154
  datetime: 2026-05-04T08:40:00Z
  region_id: US-CA
  currency_code: USD
  product_id: PY-STREAM-005
  unit_price: 59.99
  quantity: 1
  is_online: true
  customer_id: CUST-5333
  is_new_customer: false
  device_type: mobile
  payment_method: paypal
  referral_source: organic
  discount_code: 
  customer_note: Highly recommend
}
2026-05-31 16:03:55 | INFO | P03 |   Sending message with key=US-CA
2026-05-31 16:03:55 | INFO | P03 |   MESSAGE SENT  sent=4
2026-05-31 16:03:57 | INFO | P03 | {
  order_id: 24b91995-25f8-4ad7-8fa6-2e4c15750e5e
  datetime: 2026-05-04T08:41:00Z
  region_id: US-MO
  currency_code: USD
  product_id: PY-VIZ-003
  unit_price: 39.99
  quantity: 1
  is_online: true
  customer_id: CUST-8573
  is_new_customer: false
  device_type: mobile
  payment_method: apple_pay
  referral_source: paid_search
  discount_code: 
  customer_note: Learning at my own pace
}
2026-05-31 16:03:57 | INFO | P03 |   Sending message with key=US-MO
2026-05-31 16:03:57 | INFO | P03 |   MESSAGE SENT  sent=5
2026-05-31 16:03:59 | INFO | P03 | {
  order_id: 1ec0fc8b-998c-4f43-8a66-19e1fa7d5fa8
  datetime: 2026-05-04T08:54:00Z
  region_id: CA-ON
  currency_code: CAD
  product_id: PY-SQL-004
  unit_price: 44.99
  quantity: 1
  is_online: true
  customer_id: CUST-8062
  is_new_customer: false
  device_type: tablet
  payment_method: paypal
  referral_source: organic
  discount_code: 
  customer_note: 
}
2026-05-31 16:03:59 | INFO | P03 |   Sending message with key=CA-ON
2026-05-31 16:03:59 | INFO | P03 |   MESSAGE SENT  sent=6
2026-05-31 16:04:01 | INFO | P03 | {
  order_id: 392dd49b-b385-499c-9b4a-a38387fa39ae
  datetime: 2026-05-04T09:07:00Z
  region_id: CA-ON
  currency_code: CAD
  product_id: PY-INTRO-001
  unit_price: 29.99
  quantity: 1
  is_online: false
  customer_id: CUST-9348
  is_new_customer: false
  device_type: desktop
  payment_method: credit_card
  referral_source: paid_search
  discount_code: 
  customer_note: For my study group
}
2026-05-31 16:04:01 | INFO | P03 |   Sending message with key=CA-ON
2026-05-31 16:04:01 | INFO | P03 |   MESSAGE SENT  sent=7
2026-05-31 16:04:03 | INFO | P03 | {
  order_id: 02782ab7-dd7d-4ebe-8abc-ef81cdc4193b
  datetime: 2026-05-04T09:15:00Z
  region_id: US-CA
  currency_code: USD
  product_id: PY-VIZ-003
  unit_price: 39.99
  quantity: 1
  is_online: true
  customer_id: CUST-5889
  is_new_customer: false
  device_type: tablet
  payment_method: paypal
  referral_source: organic
  discount_code: 
  customer_note: 
}
2026-05-31 16:04:03 | INFO | P03 |   Sending message with key=US-CA
2026-05-31 16:04:03 | INFO | P03 |   MESSAGE SENT  sent=8
2026-05-31 16:04:05 | INFO | P03 | {
  order_id: 67bd3492-cc96-429a-9a91-1b4d2132d261
  datetime: 2026-05-04T09:19:00Z
  region_id: CA-ON
  currency_code: CAD
  product_id: PY-VIZ-003
  unit_price: 39.99
  quantity: 1
  is_online: true
  customer_id: CUST-4770
  is_new_customer: false
  device_type: desktop
  payment_method: credit_card
  referral_source: paid_search
  discount_code: 
  customer_note: Excellent content
}
2026-05-31 16:04:05 | INFO | P03 |   Sending message with key=CA-ON
2026-05-31 16:04:05 | INFO | P03 |   MESSAGE SENT  sent=9
2026-05-31 16:04:07 | INFO | P03 | {
  order_id: 0a021628-6937-4876-8875-b00c07a39e0f
  datetime: 2026-05-04T09:37:00Z
  region_id: MX-CMX
  currency_code: MXN
  product_id: PY-DATA-002
  unit_price: 49.99
  quantity: 1
  is_online: true
  customer_id: CUST-6168
  is_new_customer: false
  device_type: desktop
  payment_method: paypal
  referral_source: organic
  discount_code: 
  customer_note: 
}
2026-05-31 16:04:07 | INFO | P03 |   Sending message with key=MX-CMX
2026-05-31 16:04:07 | INFO | P03 |   MESSAGE SENT  sent=10
2026-05-31 16:04:09 | INFO | P03 | {
  order_id: b05fc600-a5fc-4826-934c-cc1f188b0715
  datetime: 2026-05-04T09:42:00Z
  region_id: US-MO
  currency_code: USD
  product_id: PY-DATA-002
  unit_price: 49.99
  quantity: 3
  is_online: true
  customer_id: CUST-3340
  is_new_customer: false
  device_type: tablet
  payment_method: credit_card
  referral_source: organic
  discount_code: 
  customer_note: Recommended by a colleague
}
2026-05-31 16:04:09 | INFO | P03 |   Sending message with key=US-MO
2026-05-31 16:04:10 | INFO | P03 |   MESSAGE SENT  sent=11
2026-05-31 16:04:12 | INFO | P03 | {
  order_id: 03d437fb-6966-47ad-a67a-728630c8b3f8
  datetime: 2026-05-04T10:06:00Z
  region_id: US-MO
  currency_code: USD
  product_id: PY-INTRO-001
  unit_price: 29.99
  quantity: 1
  is_online: true
  customer_id: CUST-8668
  is_new_customer: false
  device_type: mobile
  payment_method: apple_pay
  referral_source: email
  discount_code: 
  customer_note: 
}
2026-05-31 16:04:12 | INFO | P03 |   Sending message with key=US-MO
2026-05-31 16:04:12 | INFO | P03 |   MESSAGE SENT  sent=12
2026-05-31 16:04:14 | INFO | P03 | {
  order_id: 6914aea4-448f-4dc1-b68f-0fe4a2c06188
  datetime: 2026-05-04T10:15:00Z
  region_id: US-TX
  currency_code: USD
  product_id: PY-DATA-002
  unit_price: 49.99
  quantity: 1
  is_online: true
  customer_id: CUST-2827
  is_new_customer: false
  device_type: tablet
  payment_method: credit_card
  referral_source: organic
  discount_code: 
  customer_note: Learning at my own pace
}
2026-05-31 16:04:14 | INFO | P03 |   Sending message with key=US-TX
2026-05-31 16:04:14 | INFO | P03 |   MESSAGE SENT  sent=13
2026-05-31 16:04:16 | INFO | P03 | {
  order_id: e1adb233-3aa8-4d60-9684-1ddf52e9d656
  datetime: 2026-05-04T10:16:00Z
  region_id: US-MO
  currency_code: USD
  product_id: PY-STREAM-005
  unit_price: 59.99
  quantity: 5
  is_online: false
  customer_id: CUST-4295
  is_new_customer: false
  device_type: desktop
  payment_method: paypal
  referral_source: organic
  discount_code: 
  customer_note: For my study group
}
2026-05-31 16:04:16 | INFO | P03 |   Sending message with key=US-MO
2026-05-31 16:04:16 | INFO | P03 |   MESSAGE SENT  sent=14
2026-05-31 16:04:18 | INFO | P03 | {
  order_id: 80e9a9ea-9add-4d51-981a-d26aaacd4dc9
  datetime: 2026-05-04T10:30:00Z
  region_id: US-MO
  currency_code: USD
  product_id: PY-DATA-002
  unit_price: 49.99
  quantity: 1
  is_online: true
  customer_id: CUST-8953
  is_new_customer: false
  device_type: desktop
  payment_method: credit_card
  referral_source: social
  discount_code: 
  customer_note: For my study group
}
2026-05-31 16:04:18 | INFO | P03 |   Sending message with key=US-MO
2026-05-31 16:04:18 | INFO | P03 |   MESSAGE SENT  sent=15
2026-05-31 16:04:20 | INFO | P03 | {
  order_id: 68920c43-44f0-4e51-bd21-7904c9427810
  datetime: 2026-05-04T10:43:00Z
  region_id: CA-ON
  currency_code: CAD
  product_id: PY-INTRO-001
  unit_price: 29.99
  quantity: 1
  is_online: true
  customer_id: CUST-1488
  is_new_customer: true
  device_type: mobile
  payment_method: apple_pay
  referral_source: organic
  discount_code: 
  customer_note: 
}
2026-05-31 16:04:20 | INFO | P03 |   Sending message with key=CA-ON
2026-05-31 16:04:20 | INFO | P03 |   MESSAGE SENT  sent=16
2026-05-31 16:04:22 | INFO | P03 | {
  order_id: d22acb5c-8fa2-437a-be68-16a3407c5919
  datetime: 2026-05-04T10:43:00Z
  region_id: US-MO
  currency_code: USD
  product_id: PY-SQL-004
  unit_price: 44.99
  quantity: 1
  is_online: true
  customer_id: CUST-1319
  is_new_customer: false
  device_type: desktop
  payment_method: credit_card
  referral_source: social
  discount_code: 
  customer_note: Recommended by a colleague
}
2026-05-31 16:04:22 | INFO | P03 |   Sending message with key=US-MO
2026-05-31 16:04:22 | INFO | P03 |   MESSAGE SENT  sent=17
2026-05-31 16:04:24 | INFO | P03 | {
  order_id: 89715d88-8d25-4fee-9179-438fe49ebd60
  datetime: 2026-05-04T11:00:00Z
  region_id: US-TX
  currency_code: USD
  product_id: PY-INTRO-001
  unit_price: 29.99
  quantity: 1
  is_online: true
  customer_id: CUST-6977
  is_new_customer: false
  device_type: desktop
  payment_method: credit_card
  referral_source: email
  discount_code: 
  customer_note: For my study group
}
2026-05-31 16:04:24 | INFO | P03 |   Sending message with key=US-TX
2026-05-31 16:04:24 | INFO | P03 |   MESSAGE SENT  sent=18
2026-05-31 16:04:25 | DEBUG | C03 | KAFKA_BOOTSTRAP_SERVERS           = localhost:9092
2026-05-31 16:04:25 | DEBUG | C03 | KAFKA_BROKER_ADDRESS_FAMILY       = v6
2026-05-31 16:04:25 | DEBUG | C03 | KAFKA_TOPIC                       = streaming-03-analytics-critical-section
2026-05-31 16:04:25 | DEBUG | C03 | KAFKA_CLEAR_TOPIC_ON_START        = true
2026-05-31 16:04:25 | DEBUG | C03 | PRODUCER_MESSAGE_COUNT            = 20
2026-05-31 16:04:25 | DEBUG | C03 | PRODUCER_MESSAGE_INTERVAL_SECONDS = 2
2026-05-31 16:04:25 | DEBUG | C03 | PRODUCER_MAX_MESSAGES             = 50
2026-05-31 16:04:25 | DEBUG | C03 | PRODUCER_POLL_INTERVAL_SECONDS    = 15
2026-05-31 16:04:25 | DEBUG | C03 | KAFKA_GROUP_ID                    = streaming-consumer-group-A
2026-05-31 16:04:25 | DEBUG | C03 | KAFKA_AUTO_OFFSET_RESET           = earliest
2026-05-31 16:04:25 | DEBUG | C03 | CONSUMER_TIMEOUT_SECONDS          = 10
2026-05-31 16:04:25 | DEBUG | C03 | CONSUMER_MAX_MESSAGES             = 1000
2026-05-31 16:04:25 | INFO | C03 | === RUN START ===
2026-05-31 16:04:25 | INFO | C03 | project=C03
2026-05-31 16:04:25 | INFO | C03 | repo_dir=streaming-03-analytics
2026-05-31 16:04:25 | INFO | C03 | python=3.14.5
2026-05-31 16:04:26 | INFO | C03 | os=Windows 11
2026-05-31 16:04:26 | INFO | C03 | shell=powershell
2026-05-31 16:04:26 | INFO | C03 | cwd=.
2026-05-31 16:04:26 | INFO | C03 | github_actions=False
2026-05-31 16:04:26 | INFO | C03 | ========================
2026-05-31 16:04:26 | INFO | C03 | START consumer main()
2026-05-31 16:04:26 | INFO | C03 | ========================
2026-05-31 16:04:26 | INFO | C03 | ROOT_DIR = .
2026-05-31 16:04:26 | INFO | C03 | DATA_DIR = data
2026-05-31 16:04:26 | INFO | C03 | OUTPUT_CSV = data\output\consumed_sales.csv
2026-05-31 16:04:26 | INFO | C03 | REGIONS_CSV = data\regions.csv
2026-05-31 16:04:26 | INFO | C03 | PRODUCTS_CSV = data\products.csv
2026-05-31 16:04:26 | INFO | C03 | CURRENCIES_CSV = data\currencies.csv
2026-05-31 16:04:26 | INFO | C03 | DISCOUNT_CODES_CSV = data\discount_codes.csv
2026-05-31 16:04:26 | INFO | C03 | ========================
2026-05-31 16:04:26 | INFO | C03 | SECTION A. Acquire
2026-05-31 16:04:26 | INFO | C03 | ========================
2026-05-31 16:04:26 | INFO | C03 | Loading settings from .env...
2026-05-31 16:04:26 | INFO | C03 | KAFKA_BOOTSTRAP_SERVERS  = localhost:9092
2026-05-31 16:04:26 | INFO | C03 | KAFKA_TOPIC              = streaming-03-analytics-critical-section
2026-05-31 16:04:26 | INFO | C03 | KAFKA_GROUP_ID           = streaming-consumer-group-A
2026-05-31 16:04:26 | INFO | C03 | CONSUMER_TIMEOUT_SECONDS = 10.0
2026-05-31 16:04:26 | INFO | C03 | CONSUMER_MAX_MESSAGES    = 1000
2026-05-31 16:04:26 | INFO | C03 | Verifying Kafka connection...
2026-05-31 16:04:26 | INFO | C03 | Kafka port is reachable.
2026-05-31 16:04:26 | INFO | C03 | Verifying Kafka topic...
2026-05-31 16:04:26 | INFO | P03 | {
  order_id: 733e6b9b-c9e7-49ef-82d8-b976d0df90cc
  datetime: 2026-05-04T11:06:00Z
  region_id: MX-CMX
  currency_code: MXN
  product_id: PY-INTRO-001
  unit_price: 29.99
  quantity: 1
  is_online: true
  customer_id: CUST-9099
  is_new_customer: false
  device_type: desktop
  payment_method: paypal
  referral_source: paid_search
  discount_code: 
  customer_note: Learning at my own pace
}
2026-05-31 16:04:26 | INFO | P03 |   Sending message with key=MX-CMX
2026-05-31 16:04:26 | INFO | P03 |   MESSAGE SENT  sent=19
2026-05-31 16:04:28 | INFO | P03 | {
  order_id: 267b5686-afa9-4ce6-bf68-4b861afa6a29
  datetime: 2026-05-04T11:10:00Z
  region_id: US-MO
  currency_code: USD
  product_id: PY-NLP-006
  unit_price: 54.99
  quantity: 5
  is_online: true
  customer_id: CUST-4878
  is_new_customer: true
  device_type: mobile
  payment_method: apple_pay
  referral_source: email
  discount_code: 
  customer_note: Learning at my own pace
}
2026-05-31 16:04:28 | INFO | P03 |   Sending message with key=US-MO
2026-05-31 16:04:28 | INFO | P03 |   MESSAGE SENT  sent=20
2026-05-31 16:04:30 | INFO | P03 | Checking for rejected records...
2026-05-31 16:04:30 | INFO | P03 |   No records rejected.
2026-05-31 16:04:30 | INFO | P03 | ========================
2026-05-31 16:04:30 | INFO | P03 | SECTION E. Exit
2026-05-31 16:04:30 | INFO | P03 | ========================
2026-05-31 16:04:30 | INFO | P03 | Summary:
2026-05-31 16:04:30 | INFO | P03 | Sent 20 message(s) to topic 'streaming-03-analytics-critical-section'.
2026-05-31 16:04:30 | INFO | P03 | Rejected 0 message(s).
2026-05-31 16:04:30 | INFO | P03 | ========================
2026-05-31 16:04:30 | INFO | P03 | Producer executed successfully!
2026-05-31 16:04:30 | INFO | P03 | ========================
2026-05-31 16:04:33 | INFO | C03 | Topic 'streaming-03-analytics-critical-section' exists.
2026-05-31 16:04:35 | INFO | C03 | Found 20 message(s) available.
2026-05-31 16:04:35 | INFO | C03 | Creating Kafka consumer...
2026-05-31 16:04:35 | INFO | C03 | Subscribed to topic: 'streaming-03-analytics-critical-section' (reading from beginning)
2026-05-31 16:04:35 | INFO | C03 | ========================
2026-05-31 16:04:35 | INFO | C03 | SECTION C. Consume and Process Messages
2026-05-31 16:04:35 | INFO | C03 | ========================
2026-05-31 16:04:35 | INFO | C03 | Initializing output...
2026-05-31 16:04:35 | INFO | C03 | Output CSV cleared: consumed_sales.csv
2026-05-31 16:04:35 | INFO | C03 | Loading enrichment reference data...
2026-05-31 16:04:35 | INFO | C03 | Found 6 region tax rates.
2026-05-31 16:04:35 | INFO | C03 | Consuming messages...
2026-05-31 16:04:35 | INFO | C03 | Waiting for up to 1000 message(s).
2026-05-31 16:04:35 | INFO | C03 | Press CTRL+C to stop early.

2026-05-31 16:04:41 | INFO | C03 | {'currency_code': 'USD', 'customer_id': 'CUST-4150', 'customer_note': 'Gift for my team', 'datetime': '2026-05-04T08:11:00Z', 'device_type': 'tablet', 'discount_code': '', 'is_new_customer': 'false', 'is_online': 'true', 'order_id': 'e7324981-a9f0-419f-b708-d0a333451fff', 'payment_method': 'paypal', 'product_id': 'PY-STREAM-005', 'quantity': '3', 'referral_source': 'paid_search', 'region_id': 'US-TX', 'unit_price': '59.99', '_kafka_key': 'US-TX', '_kafka_partition': 0, '_kafka_offset': 0}
2026-05-31 16:04:41 | INFO | C03 | subtotal=179.97
2026-05-31 16:04:41 | INFO | C03 | tax=14.85
2026-05-31 16:04:41 | INFO | C03 | total=194.82
2026-05-31 16:04:41 | INFO | C03 | running_total=194.82
2026-05-31 16:04:41 | INFO | C03 | MESSAGE ACCEPTED
2026-05-31 16:04:41 | INFO | C03 | order=e7324981-a9f0-419f-b708-d0a333451fff
2026-05-31 16:04:41 | INFO | C03 | total=$194.82
2026-05-31 16:04:41 | INFO | C03 | consumed=1
2026-05-31 16:04:41 | INFO | C03 | RUNNING STATS
2026-05-31 16:04:41 | INFO | C03 | total_sales=$194.82
2026-05-31 16:04:41 | INFO | C03 | average=$194.82
2026-05-31 16:04:41 | INFO | C03 | min=$194.82
2026-05-31 16:04:41 | INFO | C03 | max=$194.82
2026-05-31 16:04:41 | INFO | C03 | {'currency_code': 'USD', 'customer_id': 'CUST-1106', 'customer_note': 'Gift for my team', 'datetime': '2026-05-04T08:23:00Z', 'device_type': 'mobile', 'discount_code': '', 'is_new_customer': 'false', 'is_online': 'true', 'order_id': 'd61943e0-f543-4b5f-9c9a-18605ea4cfe5', 'payment_method': 'paypal', 'product_id': 'PY-DATA-002', 'quantity': '1', 'referral_source': 'paid_search', 'region_id': 'US-TX', 'unit_price': '49.99', '_kafka_key': 'US-TX', '_kafka_partition': 0, '_kafka_offset': 1}
2026-05-31 16:04:41 | INFO | C03 | subtotal=49.99
2026-05-31 16:04:41 | INFO | C03 | tax=4.12
2026-05-31 16:04:41 | INFO | C03 | total=54.11
2026-05-31 16:04:41 | INFO | C03 | running_total=248.93
2026-05-31 16:04:41 | INFO | C03 | MESSAGE ACCEPTED
2026-05-31 16:04:41 | INFO | C03 | order=d61943e0-f543-4b5f-9c9a-18605ea4cfe5
2026-05-31 16:04:41 | INFO | C03 | total=$54.11
2026-05-31 16:04:41 | INFO | C03 | consumed=2
2026-05-31 16:04:41 | INFO | C03 | RUNNING STATS
2026-05-31 16:04:41 | INFO | C03 | total_sales=$248.93
2026-05-31 16:04:41 | INFO | C03 | average=$124.47
2026-05-31 16:04:41 | INFO | C03 | min=$54.11
2026-05-31 16:04:41 | INFO | C03 | max=$194.82
2026-05-31 16:04:41 | INFO | C03 | {'currency_code': 'CAD', 'customer_id': 'CUST-2133', 'customer_note': 'Learning at my own pace', 'datetime': '2026-05-04T08:28:00Z', 'device_type': 'desktop', 'discount_code': '', 'is_new_customer': 'false', 'is_online': 'true', 'order_id': '14da1915-8e74-47be-9e10-f7275d31af46', 'payment_method': 'paypal', 'product_id': 'PY-NLP-006', 'quantity': '1', 'referral_source': 'organic', 'region_id': 'CA-QC', 'unit_price': '54.99', '_kafka_key': 'CA-QC', '_kafka_partition': 0, '_kafka_offset': 2}
2026-05-31 16:04:41 | INFO | C03 | subtotal=54.99
2026-05-31 16:04:41 | INFO | C03 | tax=8.23
2026-05-31 16:04:41 | INFO | C03 | total=63.22
2026-05-31 16:04:41 | INFO | C03 | running_total=312.15
2026-05-31 16:04:41 | INFO | C03 | MESSAGE ACCEPTED
2026-05-31 16:04:41 | INFO | C03 | order=14da1915-8e74-47be-9e10-f7275d31af46
2026-05-31 16:04:41 | INFO | C03 | total=$63.22
2026-05-31 16:04:41 | INFO | C03 | consumed=3
2026-05-31 16:04:41 | INFO | C03 | RUNNING STATS
2026-05-31 16:04:41 | INFO | C03 | total_sales=$312.15
2026-05-31 16:04:41 | INFO | C03 | average=$104.05
2026-05-31 16:04:41 | INFO | C03 | min=$54.11
2026-05-31 16:04:41 | INFO | C03 | max=$194.82
2026-05-31 16:04:41 | INFO | C03 | {'currency_code': 'USD', 'customer_id': 'CUST-5333', 'customer_note': 'Highly recommend', 'datetime': '2026-05-04T08:40:00Z', 'device_type': 'mobile', 'discount_code': '', 'is_new_customer': 'false', 'is_online': 'true', 'order_id': 'd77ed935-9b28-431d-bc25-0a3fd98f4154', 'payment_method': 'paypal', 'product_id': 'PY-STREAM-005', 'quantity': '1', 'referral_source': 'organic', 'region_id': 'US-CA', 'unit_price': '59.99', '_kafka_key': 'US-CA', '_kafka_partition': 0, '_kafka_offset': 3}
2026-05-31 16:04:41 | INFO | C03 | subtotal=59.99
2026-05-31 16:04:41 | INFO | C03 | tax=5.7
2026-05-31 16:04:41 | INFO | C03 | total=65.69
2026-05-31 16:04:41 | INFO | C03 | running_total=377.84
2026-05-31 16:04:41 | INFO | C03 | MESSAGE ACCEPTED
2026-05-31 16:04:41 | INFO | C03 | order=d77ed935-9b28-431d-bc25-0a3fd98f4154
2026-05-31 16:04:41 | INFO | C03 | total=$65.69
2026-05-31 16:04:41 | INFO | C03 | consumed=4
2026-05-31 16:04:41 | INFO | C03 | RUNNING STATS
2026-05-31 16:04:41 | INFO | C03 | total_sales=$377.84
2026-05-31 16:04:41 | INFO | C03 | average=$94.46
2026-05-31 16:04:41 | INFO | C03 | min=$54.11
2026-05-31 16:04:41 | INFO | C03 | max=$194.82
2026-05-31 16:04:41 | INFO | C03 | {'currency_code': 'USD', 'customer_id': 'CUST-8573', 'customer_note': 'Learning at my own pace', 'datetime': '2026-05-04T08:41:00Z', 'device_type': 'mobile', 'discount_code': '', 'is_new_customer': 'false', 'is_online': 'true', 'order_id': '24b91995-25f8-4ad7-8fa6-2e4c15750e5e', 'payment_method': 'apple_pay', 'product_id': 'PY-VIZ-003', 'quantity': '1', 'referral_source': 'paid_search', 'region_id': 'US-MO', 'unit_price': '39.99', '_kafka_key': 'US-MO', '_kafka_partition': 0, '_kafka_offset': 4}
2026-05-31 16:04:41 | INFO | C03 | subtotal=39.99
2026-05-31 16:04:41 | INFO | C03 | tax=3.2
2026-05-31 16:04:41 | INFO | C03 | total=43.19
2026-05-31 16:04:41 | INFO | C03 | running_total=421.03
2026-05-31 16:04:41 | INFO | C03 | MESSAGE ACCEPTED
2026-05-31 16:04:41 | INFO | C03 | order=24b91995-25f8-4ad7-8fa6-2e4c15750e5e
2026-05-31 16:04:41 | INFO | C03 | total=$43.19
2026-05-31 16:04:41 | INFO | C03 | consumed=5
2026-05-31 16:04:41 | INFO | C03 | RUNNING STATS
2026-05-31 16:04:41 | INFO | C03 | total_sales=$421.03
2026-05-31 16:04:41 | INFO | C03 | average=$84.21
2026-05-31 16:04:41 | INFO | C03 | min=$43.19
2026-05-31 16:04:41 | INFO | C03 | max=$194.82
2026-05-31 16:04:41 | INFO | C03 | {'currency_code': 'CAD', 'customer_id': 'CUST-8062', 'customer_note': '', 'datetime': '2026-05-04T08:54:00Z', 'device_type': 'tablet', 'discount_code': '', 'is_new_customer': 'false', 'is_online': 'true', 'order_id': '1ec0fc8b-998c-4f43-8a66-19e1fa7d5fa8', 'payment_method': 'paypal', 'product_id': 'PY-SQL-004', 'quantity': '1', 'referral_source': 'organic', 'region_id': 'CA-ON', 'unit_price': '44.99', '_kafka_key': 'CA-ON', '_kafka_partition': 0, '_kafka_offset': 5}
2026-05-31 16:04:41 | INFO | C03 | subtotal=44.99
2026-05-31 16:04:41 | INFO | C03 | tax=5.85
2026-05-31 16:04:41 | INFO | C03 | total=50.84
2026-05-31 16:04:41 | INFO | C03 | running_total=471.87
2026-05-31 16:04:41 | INFO | C03 | MESSAGE ACCEPTED
2026-05-31 16:04:41 | INFO | C03 | order=1ec0fc8b-998c-4f43-8a66-19e1fa7d5fa8
2026-05-31 16:04:41 | INFO | C03 | total=$50.84
2026-05-31 16:04:41 | INFO | C03 | consumed=6
2026-05-31 16:04:41 | INFO | C03 | RUNNING STATS
2026-05-31 16:04:41 | INFO | C03 | total_sales=$471.87
2026-05-31 16:04:41 | INFO | C03 | average=$78.64
2026-05-31 16:04:41 | INFO | C03 | min=$43.19
2026-05-31 16:04:41 | INFO | C03 | max=$194.82
2026-05-31 16:04:41 | INFO | C03 | {'currency_code': 'CAD', 'customer_id': 'CUST-9348', 'customer_note': 'For my study group', 'datetime': '2026-05-04T09:07:00Z', 'device_type': 'desktop', 'discount_code': '', 'is_new_customer': 'false', 'is_online': 'false', 'order_id': '392dd49b-b385-499c-9b4a-a38387fa39ae', 'payment_method': 'credit_card', 'product_id': 'PY-INTRO-001', 'quantity': '1', 'referral_source': 'paid_search', 'region_id': 'CA-ON', 'unit_price': '29.99', '_kafka_key': 'CA-ON', '_kafka_partition': 0, '_kafka_offset': 6}
2026-05-31 16:04:41 | INFO | C03 | subtotal=29.99
2026-05-31 16:04:41 | INFO | C03 | tax=3.9
2026-05-31 16:04:41 | INFO | C03 | total=33.89
2026-05-31 16:04:41 | INFO | C03 | running_total=505.76
2026-05-31 16:04:41 | INFO | C03 | MESSAGE ACCEPTED
2026-05-31 16:04:41 | INFO | C03 | order=392dd49b-b385-499c-9b4a-a38387fa39ae
2026-05-31 16:04:41 | INFO | C03 | total=$33.89
2026-05-31 16:04:41 | INFO | C03 | consumed=7
2026-05-31 16:04:41 | INFO | C03 | RUNNING STATS
2026-05-31 16:04:41 | INFO | C03 | total_sales=$505.76
2026-05-31 16:04:41 | INFO | C03 | average=$72.25
2026-05-31 16:04:41 | INFO | C03 | min=$33.89
2026-05-31 16:04:41 | INFO | C03 | max=$194.82
2026-05-31 16:04:41 | INFO | C03 | {'currency_code': 'USD', 'customer_id': 'CUST-5889', 'customer_note': '', 'datetime': '2026-05-04T09:15:00Z', 'device_type': 'tablet', 'discount_code': '', 'is_new_customer': 'false', 'is_online': 'true', 'order_id': '02782ab7-dd7d-4ebe-8abc-ef81cdc4193b', 'payment_method': 'paypal', 'product_id': 'PY-VIZ-003', 'quantity': '1', 'referral_source': 'organic', 'region_id': 'US-CA', 'unit_price': '39.99', '_kafka_key': 'US-CA', '_kafka_partition': 0, '_kafka_offset': 7}
2026-05-31 16:04:41 | INFO | C03 | subtotal=39.99
2026-05-31 16:04:41 | INFO | C03 | tax=3.8
2026-05-31 16:04:41 | INFO | C03 | total=43.79
2026-05-31 16:04:41 | INFO | C03 | running_total=549.55
2026-05-31 16:04:41 | INFO | C03 | MESSAGE ACCEPTED
2026-05-31 16:04:41 | INFO | C03 | order=02782ab7-dd7d-4ebe-8abc-ef81cdc4193b
2026-05-31 16:04:41 | INFO | C03 | total=$43.79
2026-05-31 16:04:41 | INFO | C03 | consumed=8
2026-05-31 16:04:41 | INFO | C03 | RUNNING STATS
2026-05-31 16:04:41 | INFO | C03 | total_sales=$549.55
2026-05-31 16:04:41 | INFO | C03 | average=$68.69
2026-05-31 16:04:41 | INFO | C03 | min=$33.89
2026-05-31 16:04:41 | INFO | C03 | max=$194.82
2026-05-31 16:04:41 | INFO | C03 | {'currency_code': 'CAD', 'customer_id': 'CUST-4770', 'customer_note': 'Excellent content', 'datetime': '2026-05-04T09:19:00Z', 'device_type': 'desktop', 'discount_code': '', 'is_new_customer': 'false', 'is_online': 'true', 'order_id': '67bd3492-cc96-429a-9a91-1b4d2132d261', 'payment_method': 'credit_card', 'product_id': 'PY-VIZ-003', 'quantity': '1', 'referral_source': 'paid_search', 'region_id': 'CA-ON', 'unit_price': '39.99', '_kafka_key': 'CA-ON', '_kafka_partition': 0, '_kafka_offset': 8}
2026-05-31 16:04:41 | INFO | C03 | subtotal=39.99
2026-05-31 16:04:41 | INFO | C03 | tax=5.2
2026-05-31 16:04:41 | INFO | C03 | total=45.19
2026-05-31 16:04:41 | INFO | C03 | running_total=594.74
2026-05-31 16:04:41 | INFO | C03 | MESSAGE ACCEPTED
2026-05-31 16:04:41 | INFO | C03 | order=67bd3492-cc96-429a-9a91-1b4d2132d261
2026-05-31 16:04:41 | INFO | C03 | total=$45.19
2026-05-31 16:04:41 | INFO | C03 | consumed=9
2026-05-31 16:04:41 | INFO | C03 | RUNNING STATS
2026-05-31 16:04:41 | INFO | C03 | total_sales=$594.74
2026-05-31 16:04:41 | INFO | C03 | average=$66.08
2026-05-31 16:04:41 | INFO | C03 | min=$33.89
2026-05-31 16:04:41 | INFO | C03 | max=$194.82
2026-05-31 16:04:41 | INFO | C03 | {'currency_code': 'MXN', 'customer_id': 'CUST-6168', 'customer_note': '', 'datetime': '2026-05-04T09:37:00Z', 'device_type': 'desktop', 'discount_code': '', 'is_new_customer': 'false', 'is_online': 'true', 'order_id': '0a021628-6937-4876-8875-b00c07a39e0f', 'payment_method': 'paypal', 'product_id': 'PY-DATA-002', 'quantity': '1', 'referral_source': 'organic', 'region_id': 'MX-CMX', 'unit_price': '49.99', '_kafka_key': 'MX-CMX', '_kafka_partition': 0, '_kafka_offset': 9}
2026-05-31 16:04:41 | INFO | C03 | subtotal=49.99
2026-05-31 16:04:41 | INFO | C03 | tax=8.0
2026-05-31 16:04:41 | INFO | C03 | total=57.99
2026-05-31 16:04:41 | INFO | C03 | running_total=652.73
2026-05-31 16:04:41 | INFO | C03 | MESSAGE ACCEPTED
2026-05-31 16:04:41 | INFO | C03 | order=0a021628-6937-4876-8875-b00c07a39e0f
2026-05-31 16:04:41 | INFO | C03 | total=$57.99
2026-05-31 16:04:41 | INFO | C03 | consumed=10
2026-05-31 16:04:41 | INFO | C03 | RUNNING STATS
2026-05-31 16:04:41 | INFO | C03 | total_sales=$652.73
2026-05-31 16:04:41 | INFO | C03 | average=$65.27
2026-05-31 16:04:41 | INFO | C03 | min=$33.89
2026-05-31 16:04:41 | INFO | C03 | max=$194.82
2026-05-31 16:04:41 | INFO | C03 | {'currency_code': 'USD', 'customer_id': 'CUST-3340', 'customer_note': 'Recommended by a colleague', 'datetime': '2026-05-04T09:42:00Z', 'device_type': 'tablet', 'discount_code': '', 'is_new_customer': 'false', 'is_online': 'true', 'order_id': 'b05fc600-a5fc-4826-934c-cc1f188b0715', 'payment_method': 'credit_card', 'product_id': 'PY-DATA-002', 'quantity': '3', 'referral_source': 'organic', 'region_id': 'US-MO', 'unit_price': '49.99', '_kafka_key': 'US-MO', '_kafka_partition': 0, '_kafka_offset': 10}
2026-05-31 16:04:41 | INFO | C03 | subtotal=149.97
2026-05-31 16:04:41 | INFO | C03 | tax=12.0
2026-05-31 16:04:41 | INFO | C03 | total=161.97
2026-05-31 16:04:41 | INFO | C03 | running_total=814.70
2026-05-31 16:04:41 | INFO | C03 | MESSAGE ACCEPTED
2026-05-31 16:04:41 | INFO | C03 | order=b05fc600-a5fc-4826-934c-cc1f188b0715
2026-05-31 16:04:41 | INFO | C03 | total=$161.97
2026-05-31 16:04:41 | INFO | C03 | consumed=11
2026-05-31 16:04:41 | INFO | C03 | RUNNING STATS
2026-05-31 16:04:41 | INFO | C03 | total_sales=$814.70
2026-05-31 16:04:41 | INFO | C03 | average=$74.06
2026-05-31 16:04:41 | INFO | C03 | min=$33.89
2026-05-31 16:04:41 | INFO | C03 | max=$194.82
2026-05-31 16:04:41 | INFO | C03 | {'currency_code': 'USD', 'customer_id': 'CUST-8668', 'customer_note': '', 'datetime': '2026-05-04T10:06:00Z', 'device_type': 'mobile', 'discount_code': '', 'is_new_customer': 'false', 'is_online': 'true', 'order_id': '03d437fb-6966-47ad-a67a-728630c8b3f8', 'payment_method': 'apple_pay', 'product_id': 'PY-INTRO-001', 'quantity': '1', 'referral_source': 'email', 'region_id': 'US-MO', 'unit_price': '29.99', '_kafka_key': 'US-MO', '_kafka_partition': 0, '_kafka_offset': 11}
2026-05-31 16:04:41 | INFO | C03 | subtotal=29.99
2026-05-31 16:04:41 | INFO | C03 | tax=2.4
2026-05-31 16:04:41 | INFO | C03 | total=32.39
2026-05-31 16:04:41 | INFO | C03 | running_total=847.09
2026-05-31 16:04:41 | INFO | C03 | MESSAGE ACCEPTED
2026-05-31 16:04:41 | INFO | C03 | order=03d437fb-6966-47ad-a67a-728630c8b3f8
2026-05-31 16:04:41 | INFO | C03 | total=$32.39
2026-05-31 16:04:41 | INFO | C03 | consumed=12
2026-05-31 16:04:41 | INFO | C03 | RUNNING STATS
2026-05-31 16:04:41 | INFO | C03 | total_sales=$847.09
2026-05-31 16:04:41 | INFO | C03 | average=$70.59
2026-05-31 16:04:41 | INFO | C03 | min=$32.39
2026-05-31 16:04:41 | INFO | C03 | max=$194.82
2026-05-31 16:04:41 | INFO | C03 | {'currency_code': 'USD', 'customer_id': 'CUST-2827', 'customer_note': 'Learning at my own pace', 'datetime': '2026-05-04T10:15:00Z', 'device_type': 'tablet', 'discount_code': '', 'is_new_customer': 'false', 'is_online': 'true', 'order_id': '6914aea4-448f-4dc1-b68f-0fe4a2c06188', 'payment_method': 'credit_card', 'product_id': 'PY-DATA-002', 'quantity': '1', 'referral_source': 'organic', 'region_id': 'US-TX', 'unit_price': '49.99', '_kafka_key': 'US-TX', '_kafka_partition': 0, '_kafka_offset': 12}
2026-05-31 16:04:41 | INFO | C03 | subtotal=49.99
2026-05-31 16:04:41 | INFO | C03 | tax=4.12
2026-05-31 16:04:41 | INFO | C03 | total=54.11
2026-05-31 16:04:41 | INFO | C03 | running_total=901.20
2026-05-31 16:04:41 | INFO | C03 | MESSAGE ACCEPTED
2026-05-31 16:04:41 | INFO | C03 | order=6914aea4-448f-4dc1-b68f-0fe4a2c06188
2026-05-31 16:04:41 | INFO | C03 | total=$54.11
2026-05-31 16:04:41 | INFO | C03 | consumed=13
2026-05-31 16:04:41 | INFO | C03 | RUNNING STATS
2026-05-31 16:04:41 | INFO | C03 | total_sales=$901.20
2026-05-31 16:04:41 | INFO | C03 | average=$69.32
2026-05-31 16:04:41 | INFO | C03 | min=$32.39
2026-05-31 16:04:41 | INFO | C03 | max=$194.82
2026-05-31 16:04:41 | INFO | C03 | {'currency_code': 'USD', 'customer_id': 'CUST-4295', 'customer_note': 'For my study group', 'datetime': '2026-05-04T10:16:00Z', 'device_type': 'desktop', 'discount_code': '', 'is_new_customer': 'false', 'is_online': 'false', 'order_id': 'e1adb233-3aa8-4d60-9684-1ddf52e9d656', 'payment_method': 'paypal', 'product_id': 'PY-STREAM-005', 'quantity': '5', 'referral_source': 'organic', 'region_id': 'US-MO', 'unit_price': '59.99', '_kafka_key': 'US-MO', '_kafka_partition': 0, '_kafka_offset': 13}
2026-05-31 16:04:41 | INFO | C03 | subtotal=299.95
2026-05-31 16:04:41 | INFO | C03 | tax=24.0
2026-05-31 16:04:41 | INFO | C03 | total=323.95
2026-05-31 16:04:41 | INFO | C03 | running_total=1225.15
2026-05-31 16:04:41 | INFO | C03 | MESSAGE ACCEPTED
2026-05-31 16:04:41 | INFO | C03 | order=e1adb233-3aa8-4d60-9684-1ddf52e9d656
2026-05-31 16:04:41 | INFO | C03 | total=$323.95
2026-05-31 16:04:41 | INFO | C03 | consumed=14
2026-05-31 16:04:41 | INFO | C03 | RUNNING STATS
2026-05-31 16:04:41 | INFO | C03 | total_sales=$1,225.15
2026-05-31 16:04:41 | INFO | C03 | average=$87.51
2026-05-31 16:04:41 | INFO | C03 | min=$32.39
2026-05-31 16:04:41 | INFO | C03 | max=$323.95
2026-05-31 16:04:41 | INFO | C03 | {'currency_code': 'USD', 'customer_id': 'CUST-8953', 'customer_note': 'For my study group', 'datetime': '2026-05-04T10:30:00Z', 'device_type': 'desktop', 'discount_code': '', 'is_new_customer': 'false', 'is_online': 'true', 'order_id': '80e9a9ea-9add-4d51-981a-d26aaacd4dc9', 'payment_method': 'credit_card', 'product_id': 'PY-DATA-002', 'quantity': '1', 'referral_source': 'social', 'region_id': 'US-MO', 'unit_price': '49.99', '_kafka_key': 'US-MO', '_kafka_partition': 0, '_kafka_offset': 14}
2026-05-31 16:04:41 | INFO | C03 | subtotal=49.99
2026-05-31 16:04:41 | INFO | C03 | tax=4.0
2026-05-31 16:04:41 | INFO | C03 | total=53.99
2026-05-31 16:04:41 | INFO | C03 | running_total=1279.14
2026-05-31 16:04:41 | INFO | C03 | MESSAGE ACCEPTED
2026-05-31 16:04:41 | INFO | C03 | order=80e9a9ea-9add-4d51-981a-d26aaacd4dc9
2026-05-31 16:04:41 | INFO | C03 | total=$53.99
2026-05-31 16:04:41 | INFO | C03 | consumed=15
2026-05-31 16:04:41 | INFO | C03 | RUNNING STATS
2026-05-31 16:04:41 | INFO | C03 | total_sales=$1,279.14
2026-05-31 16:04:41 | INFO | C03 | average=$85.28
2026-05-31 16:04:41 | INFO | C03 | min=$32.39
2026-05-31 16:04:41 | INFO | C03 | max=$323.95
2026-05-31 16:04:41 | INFO | C03 | {'currency_code': 'CAD', 'customer_id': 'CUST-1488', 'customer_note': '', 'datetime': '2026-05-04T10:43:00Z', 'device_type': 'mobile', 'discount_code': '', 'is_new_customer': 'true', 'is_online': 'true', 'order_id': '68920c43-44f0-4e51-bd21-7904c9427810', 'payment_method': 'apple_pay', 'product_id': 'PY-INTRO-001', 'quantity': '1', 'referral_source': 'organic', 'region_id': 'CA-ON', 'unit_price': '29.99', '_kafka_key': 'CA-ON', '_kafka_partition': 0, '_kafka_offset': 15}
2026-05-31 16:04:41 | INFO | C03 | subtotal=29.99
2026-05-31 16:04:41 | INFO | C03 | tax=3.9
2026-05-31 16:04:41 | INFO | C03 | total=33.89
2026-05-31 16:04:41 | INFO | C03 | running_total=1313.03
2026-05-31 16:04:41 | INFO | C03 | MESSAGE ACCEPTED
2026-05-31 16:04:41 | INFO | C03 | order=68920c43-44f0-4e51-bd21-7904c9427810
2026-05-31 16:04:41 | INFO | C03 | total=$33.89
2026-05-31 16:04:41 | INFO | C03 | consumed=16
2026-05-31 16:04:41 | INFO | C03 | RUNNING STATS
2026-05-31 16:04:41 | INFO | C03 | total_sales=$1,313.03
2026-05-31 16:04:41 | INFO | C03 | average=$82.06
2026-05-31 16:04:41 | INFO | C03 | min=$32.39
2026-05-31 16:04:41 | INFO | C03 | max=$323.95
2026-05-31 16:04:41 | INFO | C03 | {'currency_code': 'USD', 'customer_id': 'CUST-1319', 'customer_note': 'Recommended by a colleague', 'datetime': '2026-05-04T10:43:00Z', 'device_type': 'desktop', 'discount_code': '', 'is_new_customer': 'false', 'is_online': 'true', 'order_id': 'd22acb5c-8fa2-437a-be68-16a3407c5919', 'payment_method': 'credit_card', 'product_id': 'PY-SQL-004', 'quantity': '1', 'referral_source': 'social', 'region_id': 'US-MO', 'unit_price': '44.99', '_kafka_key': 'US-MO', '_kafka_partition': 0, '_kafka_offset': 16}
2026-05-31 16:04:41 | INFO | C03 | subtotal=44.99
2026-05-31 16:04:41 | INFO | C03 | tax=3.6
2026-05-31 16:04:41 | INFO | C03 | total=48.59
2026-05-31 16:04:41 | INFO | C03 | running_total=1361.62
2026-05-31 16:04:41 | INFO | C03 | MESSAGE ACCEPTED
2026-05-31 16:04:41 | INFO | C03 | order=d22acb5c-8fa2-437a-be68-16a3407c5919
2026-05-31 16:04:41 | INFO | C03 | total=$48.59
2026-05-31 16:04:41 | INFO | C03 | consumed=17
2026-05-31 16:04:41 | INFO | C03 | RUNNING STATS
2026-05-31 16:04:41 | INFO | C03 | total_sales=$1,361.62
2026-05-31 16:04:41 | INFO | C03 | average=$80.10
2026-05-31 16:04:41 | INFO | C03 | min=$32.39
2026-05-31 16:04:41 | INFO | C03 | max=$323.95
2026-05-31 16:04:41 | INFO | C03 | {'currency_code': 'USD', 'customer_id': 'CUST-6977', 'customer_note': 'For my study group', 'datetime': '2026-05-04T11:00:00Z', 'device_type': 'desktop', 'discount_code': '', 'is_new_customer': 'false', 'is_online': 'true', 'order_id': '89715d88-8d25-4fee-9179-438fe49ebd60', 'payment_method': 'credit_card', 'product_id': 'PY-INTRO-001', 'quantity': '1', 'referral_source': 'email', 'region_id': 'US-TX', 'unit_price': '29.99', '_kafka_key': 'US-TX', '_kafka_partition': 0, '_kafka_offset': 17}
2026-05-31 16:04:41 | INFO | C03 | subtotal=29.99
2026-05-31 16:04:41 | INFO | C03 | tax=2.47
2026-05-31 16:04:41 | INFO | C03 | total=32.46
2026-05-31 16:04:41 | INFO | C03 | running_total=1394.08
2026-05-31 16:04:41 | INFO | C03 | MESSAGE ACCEPTED
2026-05-31 16:04:41 | INFO | C03 | order=89715d88-8d25-4fee-9179-438fe49ebd60
2026-05-31 16:04:41 | INFO | C03 | total=$32.46
2026-05-31 16:04:41 | INFO | C03 | consumed=18
2026-05-31 16:04:41 | INFO | C03 | RUNNING STATS
2026-05-31 16:04:41 | INFO | C03 | total_sales=$1,394.08
2026-05-31 16:04:41 | INFO | C03 | average=$77.45
2026-05-31 16:04:41 | INFO | C03 | min=$32.39
2026-05-31 16:04:41 | INFO | C03 | max=$323.95
2026-05-31 16:04:41 | INFO | C03 | {'currency_code': 'MXN', 'customer_id': 'CUST-9099', 'customer_note': 'Learning at my own pace', 'datetime': '2026-05-04T11:06:00Z', 'device_type': 'desktop', 'discount_code': '', 'is_new_customer': 'false', 'is_online': 'true', 'order_id': '733e6b9b-c9e7-49ef-82d8-b976d0df90cc', 'payment_method': 'paypal', 'product_id': 'PY-INTRO-001', 'quantity': '1', 'referral_source': 'paid_search', 'region_id': 'MX-CMX', 'unit_price': '29.99', '_kafka_key': 'MX-CMX', '_kafka_partition': 0, '_kafka_offset': 18}
2026-05-31 16:04:41 | INFO | C03 | subtotal=29.99
2026-05-31 16:04:41 | INFO | C03 | tax=4.8
2026-05-31 16:04:41 | INFO | C03 | total=34.79
2026-05-31 16:04:41 | INFO | C03 | running_total=1428.87
2026-05-31 16:04:41 | INFO | C03 | MESSAGE ACCEPTED
2026-05-31 16:04:41 | INFO | C03 | order=733e6b9b-c9e7-49ef-82d8-b976d0df90cc
2026-05-31 16:04:41 | INFO | C03 | total=$34.79
2026-05-31 16:04:41 | INFO | C03 | consumed=19
2026-05-31 16:04:41 | INFO | C03 | RUNNING STATS
2026-05-31 16:04:41 | INFO | C03 | total_sales=$1,428.87
2026-05-31 16:04:41 | INFO | C03 | average=$75.20
2026-05-31 16:04:41 | INFO | C03 | min=$32.39
2026-05-31 16:04:41 | INFO | C03 | max=$323.95
2026-05-31 16:04:41 | INFO | C03 | {'currency_code': 'USD', 'customer_id': 'CUST-4878', 'customer_note': 'Learning at my own pace', 'datetime': '2026-05-04T11:10:00Z', 'device_type': 'mobile', 'discount_code': '', 'is_new_customer': 'true', 'is_online': 'true', 'order_id': '267b5686-afa9-4ce6-bf68-4b861afa6a29', 'payment_method': 'apple_pay', 'product_id': 'PY-NLP-006', 'quantity': '5', 'referral_source': 'email', 'region_id': 'US-MO', 'unit_price': '54.99', '_kafka_key': 'US-MO', '_kafka_partition': 0, '_kafka_offset': 19}
2026-05-31 16:04:41 | INFO | C03 | subtotal=274.95
2026-05-31 16:04:41 | INFO | C03 | tax=22.0
2026-05-31 16:04:41 | INFO | C03 | total=296.95
2026-05-31 16:04:41 | INFO | C03 | running_total=1725.82
2026-05-31 16:04:41 | INFO | C03 | MESSAGE ACCEPTED
2026-05-31 16:04:41 | INFO | C03 | order=267b5686-afa9-4ce6-bf68-4b861afa6a29
2026-05-31 16:04:41 | INFO | C03 | total=$296.95
2026-05-31 16:04:41 | INFO | C03 | consumed=20
2026-05-31 16:04:41 | INFO | C03 | RUNNING STATS
2026-05-31 16:04:41 | INFO | C03 | total_sales=$1,725.82
2026-05-31 16:04:41 | INFO | C03 | average=$86.29
2026-05-31 16:04:41 | INFO | C03 | min=$32.39
2026-05-31 16:04:41 | INFO | C03 | max=$323.95
2026-05-31 16:04:51 | INFO | C03 | No message received within 10.0s timeout.
2026-05-31 16:04:51 | INFO | C03 | Producer finished or paused. Stopping consumer.
2026-05-31 16:04:52 | INFO | C03 | Kafka consumer closed.
2026-05-31 16:04:52 | INFO | C03 | ========================
2026-05-31 16:04:52 | INFO | C03 | SECTION E. Exit
2026-05-31 16:04:52 | INFO | C03 | ========================
2026-05-31 16:04:52 | INFO | C03 | Summary:
2026-05-31 16:04:52 | INFO | C03 | Consumed 20 message(s) from topic 'streaming-03-analytics-critical-section'.
2026-05-31 16:04:52 | INFO | C03 | Skipped  0 message(s).
2026-05-31 16:04:52 | INFO | C03 | OUTPUT_CSV = data\output\consumed_sales.csv
2026-05-31 16:04:52 | INFO | C03 |   Total sales:  $1,725.82
2026-05-31 16:04:52 | INFO | C03 |   Average sale: $86.29
2026-05-31 16:04:52 | INFO | C03 |   Minimum sale: $32.39
2026-05-31 16:04:52 | INFO | C03 |   Maximum sale: $323.95
2026-05-31 16:04:52 | INFO | C03 | ========================
2026-05-31 16:04:52 | INFO | C03 | Consumer executed successfully!
2026-05-31 16:04:52 | INFO | C03 | ========================
2026-05-31 16:09:20 | DEBUG | C03 | KAFKA_BOOTSTRAP_SERVERS           = localhost:9092
2026-05-31 16:09:20 | DEBUG | C03 | KAFKA_BROKER_ADDRESS_FAMILY       = v6
2026-05-31 16:09:20 | DEBUG | C03 | KAFKA_TOPIC                       = streaming-03-analytics-critical-section
2026-05-31 16:09:20 | DEBUG | C03 | KAFKA_CLEAR_TOPIC_ON_START        = true
2026-05-31 16:09:20 | DEBUG | C03 | PRODUCER_MESSAGE_COUNT            = 20
2026-05-31 16:09:20 | DEBUG | C03 | PRODUCER_MESSAGE_INTERVAL_SECONDS = 2
2026-05-31 16:09:20 | DEBUG | C03 | PRODUCER_MAX_MESSAGES             = 50
2026-05-31 16:09:20 | DEBUG | C03 | PRODUCER_POLL_INTERVAL_SECONDS    = 15
2026-05-31 16:09:20 | DEBUG | C03 | KAFKA_GROUP_ID                    = streaming-consumer-group-A
2026-05-31 16:09:20 | DEBUG | C03 | KAFKA_AUTO_OFFSET_RESET           = earliest
2026-05-31 16:09:20 | DEBUG | C03 | CONSUMER_TIMEOUT_SECONDS          = 10
2026-05-31 16:09:20 | DEBUG | C03 | CONSUMER_MAX_MESSAGES             = 1000
2026-05-31 16:09:20 | INFO | C03 | === RUN START ===
2026-05-31 16:09:20 | INFO | C03 | project=C03
2026-05-31 16:09:20 | INFO | C03 | repo_dir=streaming-03-analytics
2026-05-31 16:09:20 | INFO | C03 | python=3.14.5
2026-05-31 16:09:20 | INFO | C03 | os=Windows 11
2026-05-31 16:09:20 | INFO | C03 | shell=powershell
2026-05-31 16:09:20 | INFO | C03 | cwd=.
2026-05-31 16:09:20 | INFO | C03 | github_actions=False
2026-05-31 16:09:20 | INFO | C03 | ========================
2026-05-31 16:09:20 | INFO | C03 | START consumer main()
2026-05-31 16:09:20 | INFO | C03 | ========================
2026-05-31 16:09:20 | INFO | C03 | ROOT_DIR = .
2026-05-31 16:09:20 | INFO | C03 | DATA_DIR = data
2026-05-31 16:09:20 | INFO | C03 | OUTPUT_CSV = data\output\consumed_sales.csv
2026-05-31 16:09:20 | INFO | C03 | REGIONS_CSV = data\regions.csv
2026-05-31 16:09:20 | INFO | C03 | PRODUCTS_CSV = data\products.csv
2026-05-31 16:09:20 | INFO | C03 | CURRENCIES_CSV = data\currencies.csv
2026-05-31 16:09:20 | INFO | C03 | DISCOUNT_CODES_CSV = data\discount_codes.csv
2026-05-31 16:09:20 | INFO | C03 | ========================
2026-05-31 16:09:20 | INFO | C03 | SECTION A. Acquire
2026-05-31 16:09:20 | INFO | C03 | ========================
2026-05-31 16:09:20 | INFO | C03 | Loading settings from .env...
2026-05-31 16:09:20 | INFO | C03 | KAFKA_BOOTSTRAP_SERVERS  = localhost:9092
2026-05-31 16:09:20 | INFO | C03 | KAFKA_TOPIC              = streaming-03-analytics-critical-section
2026-05-31 16:09:20 | INFO | C03 | KAFKA_GROUP_ID           = streaming-consumer-group-A
2026-05-31 16:09:20 | INFO | C03 | CONSUMER_TIMEOUT_SECONDS = 10.0
2026-05-31 16:09:20 | INFO | C03 | CONSUMER_MAX_MESSAGES    = 1000
2026-05-31 16:09:20 | INFO | C03 | Verifying Kafka connection...
2026-05-31 16:09:20 | INFO | C03 | Kafka port is reachable.
2026-05-31 16:09:20 | INFO | C03 | Verifying Kafka topic...
2026-05-31 16:09:23 | INFO | C03 | Topic 'streaming-03-analytics-critical-section' exists.
2026-05-31 16:09:23 | INFO | C03 | Found 20 message(s) available.
2026-05-31 16:09:23 | INFO | C03 | Creating Kafka consumer...
2026-05-31 16:09:23 | INFO | C03 | Subscribed to topic: 'streaming-03-analytics-critical-section' (reading from beginning)
2026-05-31 16:09:23 | INFO | C03 | ========================
2026-05-31 16:09:23 | INFO | C03 | SECTION C. Consume and Process Messages
2026-05-31 16:09:23 | INFO | C03 | ========================
2026-05-31 16:09:23 | INFO | C03 | Initializing output...
2026-05-31 16:09:40 | DEBUG | C03 | KAFKA_BOOTSTRAP_SERVERS           = localhost:9092
2026-05-31 16:09:40 | DEBUG | C03 | KAFKA_BROKER_ADDRESS_FAMILY       = v6
2026-05-31 16:09:40 | DEBUG | C03 | KAFKA_TOPIC                       = streaming-03-analytics-critical-section
2026-05-31 16:09:40 | DEBUG | C03 | KAFKA_CLEAR_TOPIC_ON_START        = true
2026-05-31 16:09:40 | DEBUG | C03 | PRODUCER_MESSAGE_COUNT            = 20
2026-05-31 16:09:40 | DEBUG | C03 | PRODUCER_MESSAGE_INTERVAL_SECONDS = 2
2026-05-31 16:09:40 | DEBUG | C03 | PRODUCER_MAX_MESSAGES             = 50
2026-05-31 16:09:40 | DEBUG | C03 | PRODUCER_POLL_INTERVAL_SECONDS    = 15
2026-05-31 16:09:40 | DEBUG | C03 | KAFKA_GROUP_ID                    = streaming-consumer-group-A
2026-05-31 16:09:40 | DEBUG | C03 | KAFKA_AUTO_OFFSET_RESET           = earliest
2026-05-31 16:09:40 | DEBUG | C03 | CONSUMER_TIMEOUT_SECONDS          = 10
2026-05-31 16:09:40 | DEBUG | C03 | CONSUMER_MAX_MESSAGES             = 1000
2026-05-31 16:09:40 | INFO | C03 | === RUN START ===
2026-05-31 16:09:40 | INFO | C03 | project=C03
2026-05-31 16:09:40 | INFO | C03 | repo_dir=streaming-03-analytics
2026-05-31 16:09:40 | INFO | C03 | python=3.14.5
2026-05-31 16:09:40 | INFO | C03 | os=Windows 11
2026-05-31 16:09:40 | INFO | C03 | shell=powershell
2026-05-31 16:09:40 | INFO | C03 | cwd=.
2026-05-31 16:09:40 | INFO | C03 | github_actions=False
2026-05-31 16:09:40 | INFO | C03 | ========================
2026-05-31 16:09:40 | INFO | C03 | START consumer main()
2026-05-31 16:09:40 | INFO | C03 | ========================
2026-05-31 16:09:40 | INFO | C03 | ROOT_DIR = .
2026-05-31 16:09:40 | INFO | C03 | DATA_DIR = data
2026-05-31 16:09:40 | INFO | C03 | OUTPUT_CSV = data\output\consumed_sales.csv
2026-05-31 16:09:40 | INFO | C03 | REGIONS_CSV = data\regions.csv
2026-05-31 16:09:40 | INFO | C03 | PRODUCTS_CSV = data\products.csv
2026-05-31 16:09:40 | INFO | C03 | CURRENCIES_CSV = data\currencies.csv
2026-05-31 16:09:40 | INFO | C03 | DISCOUNT_CODES_CSV = data\discount_codes.csv
2026-05-31 16:09:40 | INFO | C03 | ========================
2026-05-31 16:09:40 | INFO | C03 | SECTION A. Acquire
2026-05-31 16:09:40 | INFO | C03 | ========================
2026-05-31 16:09:40 | INFO | C03 | Loading settings from .env...
2026-05-31 16:09:40 | INFO | C03 | KAFKA_BOOTSTRAP_SERVERS  = localhost:9092
2026-05-31 16:09:40 | INFO | C03 | KAFKA_TOPIC              = streaming-03-analytics-critical-section
2026-05-31 16:09:40 | INFO | C03 | KAFKA_GROUP_ID           = streaming-consumer-group-A
2026-05-31 16:09:40 | INFO | C03 | CONSUMER_TIMEOUT_SECONDS = 10.0
2026-05-31 16:09:40 | INFO | C03 | CONSUMER_MAX_MESSAGES    = 1000
2026-05-31 16:09:40 | INFO | C03 | Verifying Kafka connection...
2026-05-31 16:09:40 | INFO | C03 | Kafka port is reachable.
2026-05-31 16:09:40 | INFO | C03 | Verifying Kafka topic...
2026-05-31 16:09:42 | INFO | C03 | Topic 'streaming-03-analytics-critical-section' exists.
2026-05-31 16:09:42 | INFO | C03 | Found 20 message(s) available.
2026-05-31 16:09:42 | INFO | C03 | Creating Kafka consumer...
2026-05-31 16:09:42 | INFO | C03 | Subscribed to topic: 'streaming-03-analytics-critical-section' (reading from beginning)
2026-05-31 16:09:42 | INFO | C03 | ========================
2026-05-31 16:09:42 | INFO | C03 | SECTION C. Consume and Process Messages
2026-05-31 16:09:42 | INFO | C03 | ========================
2026-05-31 16:09:42 | INFO | C03 | Initializing output...
2026-05-31 16:09:42 | INFO | C03 | Output CSV cleared: consumed_sales.csv
2026-05-31 16:09:42 | INFO | C03 | Loading enrichment reference data...
2026-05-31 16:09:42 | INFO | C03 | Found 6 region tax rates.
2026-05-31 16:09:42 | INFO | C03 | Found 6 products.
2026-05-31 16:09:42 | INFO | C03 | Found 3 currencies.
2026-05-31 16:09:42 | INFO | C03 | Found 3 exchange rates.
2026-05-31 16:09:42 | INFO | C03 | Found 4 discount codes.
2026-05-31 16:09:42 | INFO | C03 | Consuming messages...
2026-05-31 16:09:42 | INFO | C03 | Waiting for up to 1000 message(s).
2026-05-31 16:09:42 | INFO | C03 | Press CTRL+C to stop early.

2026-05-31 16:09:46 | INFO | C03 | {'currency_code': 'USD', 'customer_id': 'CUST-4150', 'customer_note': 'Gift for my team', 'datetime': '2026-05-04T08:11:00Z', 'device_type': 'tablet', 'discount_code': '', 'is_new_customer': 'false', 'is_online': 'true', 'order_id': 'e7324981-a9f0-419f-b708-d0a333451fff', 'payment_method': 'paypal', 'product_id': 'PY-STREAM-005', 'quantity': '3', 'referral_source': 'paid_search', 'region_id': 'US-TX', 'unit_price': '59.99', '_kafka_key': 'US-TX', '_kafka_partition': 0, '_kafka_offset': 0}
2026-05-31 16:09:46 | INFO | C03 | subtotal=179.97
2026-05-31 16:09:46 | INFO | C03 | discount=0.0
2026-05-31 16:09:46 | INFO | C03 | tax=14.85
2026-05-31 16:09:46 | INFO | C03 | total=194.82
2026-05-31 16:09:46 | INFO | C03 | total_usd=194.82
2026-05-31 16:09:46 | INFO | C03 | running_total=194.82
2026-05-31 16:09:46 | INFO | C03 | MESSAGE ACCEPTED
2026-05-31 16:09:46 | INFO | C03 | order=e7324981-a9f0-419f-b708-d0a333451fff
2026-05-31 16:09:46 | INFO | C03 | total=$194.82
2026-05-31 16:09:46 | INFO | C03 | consumed=1
2026-05-31 16:09:46 | INFO | C03 | RUNNING STATS
2026-05-31 16:09:46 | INFO | C03 | total_sales=$194.82
2026-05-31 16:09:46 | INFO | C03 | average=$194.82
2026-05-31 16:09:46 | INFO | C03 | min=$194.82
2026-05-31 16:09:46 | INFO | C03 | max=$194.82
2026-05-31 16:09:46 | INFO | C03 | {'currency_code': 'USD', 'customer_id': 'CUST-1106', 'customer_note': 'Gift for my team', 'datetime': '2026-05-04T08:23:00Z', 'device_type': 'mobile', 'discount_code': '', 'is_new_customer': 'false', 'is_online': 'true', 'order_id': 'd61943e0-f543-4b5f-9c9a-18605ea4cfe5', 'payment_method': 'paypal', 'product_id': 'PY-DATA-002', 'quantity': '1', 'referral_source': 'paid_search', 'region_id': 'US-TX', 'unit_price': '49.99', '_kafka_key': 'US-TX', '_kafka_partition': 0, '_kafka_offset': 1}
2026-05-31 16:09:46 | INFO | C03 | subtotal=49.99
2026-05-31 16:09:46 | INFO | C03 | discount=0.0
2026-05-31 16:09:46 | INFO | C03 | tax=4.12
2026-05-31 16:09:46 | INFO | C03 | total=54.11
2026-05-31 16:09:46 | INFO | C03 | total_usd=54.11
2026-05-31 16:09:46 | INFO | C03 | running_total=248.93
2026-05-31 16:09:46 | INFO | C03 | MESSAGE ACCEPTED
2026-05-31 16:09:46 | INFO | C03 | order=d61943e0-f543-4b5f-9c9a-18605ea4cfe5
2026-05-31 16:09:46 | INFO | C03 | total=$54.11
2026-05-31 16:09:46 | INFO | C03 | consumed=2
2026-05-31 16:09:46 | INFO | C03 | RUNNING STATS
2026-05-31 16:09:46 | INFO | C03 | total_sales=$248.93
2026-05-31 16:09:46 | INFO | C03 | average=$124.47
2026-05-31 16:09:46 | INFO | C03 | min=$54.11
2026-05-31 16:09:46 | INFO | C03 | max=$194.82
2026-05-31 16:09:46 | INFO | C03 | {'currency_code': 'CAD', 'customer_id': 'CUST-2133', 'customer_note': 'Learning at my own pace', 'datetime': '2026-05-04T08:28:00Z', 'device_type': 'desktop', 'discount_code': '', 'is_new_customer': 'false', 'is_online': 'true', 'order_id': '14da1915-8e74-47be-9e10-f7275d31af46', 'payment_method': 'paypal', 'product_id': 'PY-NLP-006', 'quantity': '1', 'referral_source': 'organic', 'region_id': 'CA-QC', 'unit_price': '54.99', '_kafka_key': 'CA-QC', '_kafka_partition': 0, '_kafka_offset': 2}
2026-05-31 16:09:46 | INFO | C03 | subtotal=54.99
2026-05-31 16:09:46 | INFO | C03 | discount=0.0
2026-05-31 16:09:46 | INFO | C03 | tax=8.23
2026-05-31 16:09:46 | INFO | C03 | total=63.22
2026-05-31 16:09:46 | INFO | C03 | total_usd=46.15
2026-05-31 16:09:46 | INFO | C03 | running_total=312.15
2026-05-31 16:09:46 | INFO | C03 | MESSAGE ACCEPTED
2026-05-31 16:09:46 | INFO | C03 | order=14da1915-8e74-47be-9e10-f7275d31af46
2026-05-31 16:09:46 | INFO | C03 | total=$63.22
2026-05-31 16:09:46 | INFO | C03 | consumed=3
2026-05-31 16:09:46 | INFO | C03 | RUNNING STATS
2026-05-31 16:09:46 | INFO | C03 | total_sales=$312.15
2026-05-31 16:09:46 | INFO | C03 | average=$104.05
2026-05-31 16:09:46 | INFO | C03 | min=$54.11
2026-05-31 16:09:46 | INFO | C03 | max=$194.82
2026-05-31 16:09:46 | INFO | C03 | {'currency_code': 'USD', 'customer_id': 'CUST-5333', 'customer_note': 'Highly recommend', 'datetime': '2026-05-04T08:40:00Z', 'device_type': 'mobile', 'discount_code': '', 'is_new_customer': 'false', 'is_online': 'true', 'order_id': 'd77ed935-9b28-431d-bc25-0a3fd98f4154', 'payment_method': 'paypal', 'product_id': 'PY-STREAM-005', 'quantity': '1', 'referral_source': 'organic', 'region_id': 'US-CA', 'unit_price': '59.99', '_kafka_key': 'US-CA', '_kafka_partition': 0, '_kafka_offset': 3}
2026-05-31 16:09:46 | INFO | C03 | subtotal=59.99
2026-05-31 16:09:46 | INFO | C03 | discount=0.0
2026-05-31 16:09:46 | INFO | C03 | tax=5.7
2026-05-31 16:09:46 | INFO | C03 | total=65.69
2026-05-31 16:09:46 | INFO | C03 | total_usd=65.69
2026-05-31 16:09:46 | INFO | C03 | running_total=377.84
2026-05-31 16:09:46 | INFO | C03 | MESSAGE ACCEPTED
2026-05-31 16:09:46 | INFO | C03 | order=d77ed935-9b28-431d-bc25-0a3fd98f4154
2026-05-31 16:09:46 | INFO | C03 | total=$65.69
2026-05-31 16:09:46 | INFO | C03 | consumed=4
2026-05-31 16:09:46 | INFO | C03 | RUNNING STATS
2026-05-31 16:09:46 | INFO | C03 | total_sales=$377.84
2026-05-31 16:09:46 | INFO | C03 | average=$94.46
2026-05-31 16:09:46 | INFO | C03 | min=$54.11
2026-05-31 16:09:46 | INFO | C03 | max=$194.82
2026-05-31 16:09:46 | INFO | C03 | {'currency_code': 'USD', 'customer_id': 'CUST-8573', 'customer_note': 'Learning at my own pace', 'datetime': '2026-05-04T08:41:00Z', 'device_type': 'mobile', 'discount_code': '', 'is_new_customer': 'false', 'is_online': 'true', 'order_id': '24b91995-25f8-4ad7-8fa6-2e4c15750e5e', 'payment_method': 'apple_pay', 'product_id': 'PY-VIZ-003', 'quantity': '1', 'referral_source': 'paid_search', 'region_id': 'US-MO', 'unit_price': '39.99', '_kafka_key': 'US-MO', '_kafka_partition': 0, '_kafka_offset': 4}
2026-05-31 16:09:46 | INFO | C03 | subtotal=39.99
2026-05-31 16:09:46 | INFO | C03 | discount=0.0
2026-05-31 16:09:46 | INFO | C03 | tax=3.2
2026-05-31 16:09:46 | INFO | C03 | total=43.19
2026-05-31 16:09:46 | INFO | C03 | total_usd=43.19
2026-05-31 16:09:46 | INFO | C03 | running_total=421.03
2026-05-31 16:09:46 | INFO | C03 | MESSAGE ACCEPTED
2026-05-31 16:09:46 | INFO | C03 | order=24b91995-25f8-4ad7-8fa6-2e4c15750e5e
2026-05-31 16:09:46 | INFO | C03 | total=$43.19
2026-05-31 16:09:46 | INFO | C03 | consumed=5
2026-05-31 16:09:46 | INFO | C03 | RUNNING STATS
2026-05-31 16:09:46 | INFO | C03 | total_sales=$421.03
2026-05-31 16:09:46 | INFO | C03 | average=$84.21
2026-05-31 16:09:46 | INFO | C03 | min=$43.19
2026-05-31 16:09:46 | INFO | C03 | max=$194.82
2026-05-31 16:09:46 | INFO | C03 | {'currency_code': 'CAD', 'customer_id': 'CUST-8062', 'customer_note': '', 'datetime': '2026-05-04T08:54:00Z', 'device_type': 'tablet', 'discount_code': '', 'is_new_customer': 'false', 'is_online': 'true', 'order_id': '1ec0fc8b-998c-4f43-8a66-19e1fa7d5fa8', 'payment_method': 'paypal', 'product_id': 'PY-SQL-004', 'quantity': '1', 'referral_source': 'organic', 'region_id': 'CA-ON', 'unit_price': '44.99', '_kafka_key': 'CA-ON', '_kafka_partition': 0, '_kafka_offset': 5}
2026-05-31 16:09:46 | INFO | C03 | subtotal=44.99
2026-05-31 16:09:46 | INFO | C03 | discount=0.0
2026-05-31 16:09:46 | INFO | C03 | tax=5.85
2026-05-31 16:09:46 | INFO | C03 | total=50.84
2026-05-31 16:09:46 | INFO | C03 | total_usd=37.11
2026-05-31 16:09:46 | INFO | C03 | running_total=471.87
2026-05-31 16:09:46 | INFO | C03 | MESSAGE ACCEPTED
2026-05-31 16:09:46 | INFO | C03 | order=1ec0fc8b-998c-4f43-8a66-19e1fa7d5fa8
2026-05-31 16:09:46 | INFO | C03 | total=$50.84
2026-05-31 16:09:46 | INFO | C03 | consumed=6
2026-05-31 16:09:46 | INFO | C03 | RUNNING STATS
2026-05-31 16:09:46 | INFO | C03 | total_sales=$471.87
2026-05-31 16:09:46 | INFO | C03 | average=$78.64
2026-05-31 16:09:46 | INFO | C03 | min=$43.19
2026-05-31 16:09:46 | INFO | C03 | max=$194.82
2026-05-31 16:09:46 | INFO | C03 | {'currency_code': 'CAD', 'customer_id': 'CUST-9348', 'customer_note': 'For my study group', 'datetime': '2026-05-04T09:07:00Z', 'device_type': 'desktop', 'discount_code': '', 'is_new_customer': 'false', 'is_online': 'false', 'order_id': '392dd49b-b385-499c-9b4a-a38387fa39ae', 'payment_method': 'credit_card', 'product_id': 'PY-INTRO-001', 'quantity': '1', 'referral_source': 'paid_search', 'region_id': 'CA-ON', 'unit_price': '29.99', '_kafka_key': 'CA-ON', '_kafka_partition': 0, '_kafka_offset': 6}
2026-05-31 16:09:46 | INFO | C03 | subtotal=29.99
2026-05-31 16:09:46 | INFO | C03 | discount=0.0
2026-05-31 16:09:46 | INFO | C03 | tax=3.9
2026-05-31 16:09:46 | INFO | C03 | total=33.89
2026-05-31 16:09:46 | INFO | C03 | total_usd=24.74
2026-05-31 16:09:46 | INFO | C03 | running_total=505.76
2026-05-31 16:09:46 | INFO | C03 | MESSAGE ACCEPTED
2026-05-31 16:09:46 | INFO | C03 | order=392dd49b-b385-499c-9b4a-a38387fa39ae
2026-05-31 16:09:46 | INFO | C03 | total=$33.89
2026-05-31 16:09:46 | INFO | C03 | consumed=7
2026-05-31 16:09:46 | INFO | C03 | RUNNING STATS
2026-05-31 16:09:46 | INFO | C03 | total_sales=$505.76
2026-05-31 16:09:46 | INFO | C03 | average=$72.25
2026-05-31 16:09:46 | INFO | C03 | min=$33.89
2026-05-31 16:09:46 | INFO | C03 | max=$194.82
2026-05-31 16:09:46 | INFO | C03 | {'currency_code': 'USD', 'customer_id': 'CUST-5889', 'customer_note': '', 'datetime': '2026-05-04T09:15:00Z', 'device_type': 'tablet', 'discount_code': '', 'is_new_customer': 'false', 'is_online': 'true', 'order_id': '02782ab7-dd7d-4ebe-8abc-ef81cdc4193b', 'payment_method': 'paypal', 'product_id': 'PY-VIZ-003', 'quantity': '1', 'referral_source': 'organic', 'region_id': 'US-CA', 'unit_price': '39.99', '_kafka_key': 'US-CA', '_kafka_partition': 0, '_kafka_offset': 7}
2026-05-31 16:09:46 | INFO | C03 | subtotal=39.99
2026-05-31 16:09:46 | INFO | C03 | discount=0.0
2026-05-31 16:09:46 | INFO | C03 | tax=3.8
2026-05-31 16:09:46 | INFO | C03 | total=43.79
2026-05-31 16:09:46 | INFO | C03 | total_usd=43.79
2026-05-31 16:09:46 | INFO | C03 | running_total=549.55
2026-05-31 16:09:46 | INFO | C03 | MESSAGE ACCEPTED
2026-05-31 16:09:46 | INFO | C03 | order=02782ab7-dd7d-4ebe-8abc-ef81cdc4193b
2026-05-31 16:09:46 | INFO | C03 | total=$43.79
2026-05-31 16:09:46 | INFO | C03 | consumed=8
2026-05-31 16:09:46 | INFO | C03 | RUNNING STATS
2026-05-31 16:09:46 | INFO | C03 | total_sales=$549.55
2026-05-31 16:09:46 | INFO | C03 | average=$68.69
2026-05-31 16:09:46 | INFO | C03 | min=$33.89
2026-05-31 16:09:46 | INFO | C03 | max=$194.82
2026-05-31 16:09:46 | INFO | C03 | {'currency_code': 'CAD', 'customer_id': 'CUST-4770', 'customer_note': 'Excellent content', 'datetime': '2026-05-04T09:19:00Z', 'device_type': 'desktop', 'discount_code': '', 'is_new_customer': 'false', 'is_online': 'true', 'order_id': '67bd3492-cc96-429a-9a91-1b4d2132d261', 'payment_method': 'credit_card', 'product_id': 'PY-VIZ-003', 'quantity': '1', 'referral_source': 'paid_search', 'region_id': 'CA-ON', 'unit_price': '39.99', '_kafka_key': 'CA-ON', '_kafka_partition': 0, '_kafka_offset': 8}
2026-05-31 16:09:46 | INFO | C03 | subtotal=39.99
2026-05-31 16:09:46 | INFO | C03 | discount=0.0
2026-05-31 16:09:46 | INFO | C03 | tax=5.2
2026-05-31 16:09:46 | INFO | C03 | total=45.19
2026-05-31 16:09:46 | INFO | C03 | total_usd=32.99
2026-05-31 16:09:46 | INFO | C03 | running_total=594.74
2026-05-31 16:09:46 | INFO | C03 | MESSAGE ACCEPTED
2026-05-31 16:09:46 | INFO | C03 | order=67bd3492-cc96-429a-9a91-1b4d2132d261
2026-05-31 16:09:46 | INFO | C03 | total=$45.19
2026-05-31 16:09:46 | INFO | C03 | consumed=9
2026-05-31 16:09:46 | INFO | C03 | RUNNING STATS
2026-05-31 16:09:46 | INFO | C03 | total_sales=$594.74
2026-05-31 16:09:46 | INFO | C03 | average=$66.08
2026-05-31 16:09:46 | INFO | C03 | min=$33.89
2026-05-31 16:09:46 | INFO | C03 | max=$194.82
2026-05-31 16:09:46 | INFO | C03 | {'currency_code': 'MXN', 'customer_id': 'CUST-6168', 'customer_note': '', 'datetime': '2026-05-04T09:37:00Z', 'device_type': 'desktop', 'discount_code': '', 'is_new_customer': 'false', 'is_online': 'true', 'order_id': '0a021628-6937-4876-8875-b00c07a39e0f', 'payment_method': 'paypal', 'product_id': 'PY-DATA-002', 'quantity': '1', 'referral_source': 'organic', 'region_id': 'MX-CMX', 'unit_price': '49.99', '_kafka_key': 'MX-CMX', '_kafka_partition': 0, '_kafka_offset': 9}
2026-05-31 16:09:46 | INFO | C03 | subtotal=49.99
2026-05-31 16:09:46 | INFO | C03 | discount=0.0
2026-05-31 16:09:46 | INFO | C03 | tax=8.0
2026-05-31 16:09:46 | INFO | C03 | total=57.99
2026-05-31 16:09:46 | INFO | C03 | total_usd=2.96
2026-05-31 16:09:46 | INFO | C03 | running_total=652.73
2026-05-31 16:09:46 | INFO | C03 | MESSAGE ACCEPTED
2026-05-31 16:09:46 | INFO | C03 | order=0a021628-6937-4876-8875-b00c07a39e0f
2026-05-31 16:09:46 | INFO | C03 | total=$57.99
2026-05-31 16:09:46 | INFO | C03 | consumed=10
2026-05-31 16:09:46 | INFO | C03 | RUNNING STATS
2026-05-31 16:09:46 | INFO | C03 | total_sales=$652.73
2026-05-31 16:09:46 | INFO | C03 | average=$65.27
2026-05-31 16:09:46 | INFO | C03 | min=$33.89
2026-05-31 16:09:46 | INFO | C03 | max=$194.82
2026-05-31 16:09:46 | INFO | C03 | {'currency_code': 'USD', 'customer_id': 'CUST-3340', 'customer_note': 'Recommended by a colleague', 'datetime': '2026-05-04T09:42:00Z', 'device_type': 'tablet', 'discount_code': '', 'is_new_customer': 'false', 'is_online': 'true', 'order_id': 'b05fc600-a5fc-4826-934c-cc1f188b0715', 'payment_method': 'credit_card', 'product_id': 'PY-DATA-002', 'quantity': '3', 'referral_source': 'organic', 'region_id': 'US-MO', 'unit_price': '49.99', '_kafka_key': 'US-MO', '_kafka_partition': 0, '_kafka_offset': 10}
2026-05-31 16:09:46 | INFO | C03 | subtotal=149.97
2026-05-31 16:09:46 | INFO | C03 | discount=0.0
2026-05-31 16:09:46 | INFO | C03 | tax=12.0
2026-05-31 16:09:46 | INFO | C03 | total=161.97
2026-05-31 16:09:46 | INFO | C03 | total_usd=161.97
2026-05-31 16:09:46 | INFO | C03 | running_total=814.70
2026-05-31 16:09:46 | INFO | C03 | MESSAGE ACCEPTED
2026-05-31 16:09:46 | INFO | C03 | order=b05fc600-a5fc-4826-934c-cc1f188b0715
2026-05-31 16:09:46 | INFO | C03 | total=$161.97
2026-05-31 16:09:46 | INFO | C03 | consumed=11
2026-05-31 16:09:46 | INFO | C03 | RUNNING STATS
2026-05-31 16:09:46 | INFO | C03 | total_sales=$814.70
2026-05-31 16:09:46 | INFO | C03 | average=$74.06
2026-05-31 16:09:46 | INFO | C03 | min=$33.89
2026-05-31 16:09:46 | INFO | C03 | max=$194.82
2026-05-31 16:09:46 | INFO | C03 | {'currency_code': 'USD', 'customer_id': 'CUST-8668', 'customer_note': '', 'datetime': '2026-05-04T10:06:00Z', 'device_type': 'mobile', 'discount_code': '', 'is_new_customer': 'false', 'is_online': 'true', 'order_id': '03d437fb-6966-47ad-a67a-728630c8b3f8', 'payment_method': 'apple_pay', 'product_id': 'PY-INTRO-001', 'quantity': '1', 'referral_source': 'email', 'region_id': 'US-MO', 'unit_price': '29.99', '_kafka_key': 'US-MO', '_kafka_partition': 0, '_kafka_offset': 11}
2026-05-31 16:09:46 | INFO | C03 | subtotal=29.99
2026-05-31 16:09:46 | INFO | C03 | discount=0.0
2026-05-31 16:09:46 | INFO | C03 | tax=2.4
2026-05-31 16:09:46 | INFO | C03 | total=32.39
2026-05-31 16:09:46 | INFO | C03 | total_usd=32.39
2026-05-31 16:09:46 | INFO | C03 | running_total=847.09
2026-05-31 16:09:46 | INFO | C03 | MESSAGE ACCEPTED
2026-05-31 16:09:46 | INFO | C03 | order=03d437fb-6966-47ad-a67a-728630c8b3f8
2026-05-31 16:09:46 | INFO | C03 | total=$32.39
2026-05-31 16:09:46 | INFO | C03 | consumed=12
2026-05-31 16:09:46 | INFO | C03 | RUNNING STATS
2026-05-31 16:09:46 | INFO | C03 | total_sales=$847.09
2026-05-31 16:09:46 | INFO | C03 | average=$70.59
2026-05-31 16:09:46 | INFO | C03 | min=$32.39
2026-05-31 16:09:46 | INFO | C03 | max=$194.82
2026-05-31 16:09:46 | INFO | C03 | {'currency_code': 'USD', 'customer_id': 'CUST-2827', 'customer_note': 'Learning at my own pace', 'datetime': '2026-05-04T10:15:00Z', 'device_type': 'tablet', 'discount_code': '', 'is_new_customer': 'false', 'is_online': 'true', 'order_id': '6914aea4-448f-4dc1-b68f-0fe4a2c06188', 'payment_method': 'credit_card', 'product_id': 'PY-DATA-002', 'quantity': '1', 'referral_source': 'organic', 'region_id': 'US-TX', 'unit_price': '49.99', '_kafka_key': 'US-TX', '_kafka_partition': 0, '_kafka_offset': 12}
2026-05-31 16:09:46 | INFO | C03 | subtotal=49.99
2026-05-31 16:09:46 | INFO | C03 | discount=0.0
2026-05-31 16:09:46 | INFO | C03 | tax=4.12
2026-05-31 16:09:46 | INFO | C03 | total=54.11
2026-05-31 16:09:46 | INFO | C03 | total_usd=54.11
2026-05-31 16:09:46 | INFO | C03 | running_total=901.20
2026-05-31 16:09:46 | INFO | C03 | MESSAGE ACCEPTED
2026-05-31 16:09:46 | INFO | C03 | order=6914aea4-448f-4dc1-b68f-0fe4a2c06188
2026-05-31 16:09:46 | INFO | C03 | total=$54.11
2026-05-31 16:09:46 | INFO | C03 | consumed=13
2026-05-31 16:09:46 | INFO | C03 | RUNNING STATS
2026-05-31 16:09:46 | INFO | C03 | total_sales=$901.20
2026-05-31 16:09:46 | INFO | C03 | average=$69.32
2026-05-31 16:09:46 | INFO | C03 | min=$32.39
2026-05-31 16:09:46 | INFO | C03 | max=$194.82
2026-05-31 16:09:46 | INFO | C03 | {'currency_code': 'USD', 'customer_id': 'CUST-4295', 'customer_note': 'For my study group', 'datetime': '2026-05-04T10:16:00Z', 'device_type': 'desktop', 'discount_code': '', 'is_new_customer': 'false', 'is_online': 'false', 'order_id': 'e1adb233-3aa8-4d60-9684-1ddf52e9d656', 'payment_method': 'paypal', 'product_id': 'PY-STREAM-005', 'quantity': '5', 'referral_source': 'organic', 'region_id': 'US-MO', 'unit_price': '59.99', '_kafka_key': 'US-MO', '_kafka_partition': 0, '_kafka_offset': 13}
2026-05-31 16:09:46 | INFO | C03 | subtotal=299.95
2026-05-31 16:09:46 | INFO | C03 | discount=0.0
2026-05-31 16:09:46 | INFO | C03 | tax=24.0
2026-05-31 16:09:46 | INFO | C03 | total=323.95
2026-05-31 16:09:46 | INFO | C03 | total_usd=323.95
2026-05-31 16:09:46 | INFO | C03 | running_total=1225.15
2026-05-31 16:09:46 | INFO | C03 | MESSAGE ACCEPTED
2026-05-31 16:09:46 | INFO | C03 | order=e1adb233-3aa8-4d60-9684-1ddf52e9d656
2026-05-31 16:09:46 | INFO | C03 | total=$323.95
2026-05-31 16:09:46 | INFO | C03 | consumed=14
2026-05-31 16:09:46 | INFO | C03 | RUNNING STATS
2026-05-31 16:09:46 | INFO | C03 | total_sales=$1,225.15
2026-05-31 16:09:46 | INFO | C03 | average=$87.51
2026-05-31 16:09:46 | INFO | C03 | min=$32.39
2026-05-31 16:09:46 | INFO | C03 | max=$323.95
2026-05-31 16:09:46 | INFO | C03 | {'currency_code': 'USD', 'customer_id': 'CUST-8953', 'customer_note': 'For my study group', 'datetime': '2026-05-04T10:30:00Z', 'device_type': 'desktop', 'discount_code': '', 'is_new_customer': 'false', 'is_online': 'true', 'order_id': '80e9a9ea-9add-4d51-981a-d26aaacd4dc9', 'payment_method': 'credit_card', 'product_id': 'PY-DATA-002', 'quantity': '1', 'referral_source': 'social', 'region_id': 'US-MO', 'unit_price': '49.99', '_kafka_key': 'US-MO', '_kafka_partition': 0, '_kafka_offset': 14}
2026-05-31 16:09:46 | INFO | C03 | subtotal=49.99
2026-05-31 16:09:46 | INFO | C03 | discount=0.0
2026-05-31 16:09:46 | INFO | C03 | tax=4.0
2026-05-31 16:09:46 | INFO | C03 | total=53.99
2026-05-31 16:09:46 | INFO | C03 | total_usd=53.99
2026-05-31 16:09:46 | INFO | C03 | running_total=1279.14
2026-05-31 16:09:46 | INFO | C03 | MESSAGE ACCEPTED
2026-05-31 16:09:46 | INFO | C03 | order=80e9a9ea-9add-4d51-981a-d26aaacd4dc9
2026-05-31 16:09:46 | INFO | C03 | total=$53.99
2026-05-31 16:09:46 | INFO | C03 | consumed=15
2026-05-31 16:09:46 | INFO | C03 | RUNNING STATS
2026-05-31 16:09:46 | INFO | C03 | total_sales=$1,279.14
2026-05-31 16:09:46 | INFO | C03 | average=$85.28
2026-05-31 16:09:46 | INFO | C03 | min=$32.39
2026-05-31 16:09:46 | INFO | C03 | max=$323.95
2026-05-31 16:09:46 | INFO | C03 | {'currency_code': 'CAD', 'customer_id': 'CUST-1488', 'customer_note': '', 'datetime': '2026-05-04T10:43:00Z', 'device_type': 'mobile', 'discount_code': '', 'is_new_customer': 'true', 'is_online': 'true', 'order_id': '68920c43-44f0-4e51-bd21-7904c9427810', 'payment_method': 'apple_pay', 'product_id': 'PY-INTRO-001', 'quantity': '1', 'referral_source': 'organic', 'region_id': 'CA-ON', 'unit_price': '29.99', '_kafka_key': 'CA-ON', '_kafka_partition': 0, '_kafka_offset': 15}
2026-05-31 16:09:46 | INFO | C03 | subtotal=29.99
2026-05-31 16:09:46 | INFO | C03 | discount=0.0
2026-05-31 16:09:46 | INFO | C03 | tax=3.9
2026-05-31 16:09:46 | INFO | C03 | total=33.89
2026-05-31 16:09:46 | INFO | C03 | total_usd=24.74
2026-05-31 16:09:46 | INFO | C03 | running_total=1313.03
2026-05-31 16:09:46 | INFO | C03 | MESSAGE ACCEPTED
2026-05-31 16:09:46 | INFO | C03 | order=68920c43-44f0-4e51-bd21-7904c9427810
2026-05-31 16:09:46 | INFO | C03 | total=$33.89
2026-05-31 16:09:46 | INFO | C03 | consumed=16
2026-05-31 16:09:46 | INFO | C03 | RUNNING STATS
2026-05-31 16:09:46 | INFO | C03 | total_sales=$1,313.03
2026-05-31 16:09:46 | INFO | C03 | average=$82.06
2026-05-31 16:09:46 | INFO | C03 | min=$32.39
2026-05-31 16:09:46 | INFO | C03 | max=$323.95
2026-05-31 16:09:46 | INFO | C03 | {'currency_code': 'USD', 'customer_id': 'CUST-1319', 'customer_note': 'Recommended by a colleague', 'datetime': '2026-05-04T10:43:00Z', 'device_type': 'desktop', 'discount_code': '', 'is_new_customer': 'false', 'is_online': 'true', 'order_id': 'd22acb5c-8fa2-437a-be68-16a3407c5919', 'payment_method': 'credit_card', 'product_id': 'PY-SQL-004', 'quantity': '1', 'referral_source': 'social', 'region_id': 'US-MO', 'unit_price': '44.99', '_kafka_key': 'US-MO', '_kafka_partition': 0, '_kafka_offset': 16}
2026-05-31 16:09:46 | INFO | C03 | subtotal=44.99
2026-05-31 16:09:46 | INFO | C03 | discount=0.0
2026-05-31 16:09:46 | INFO | C03 | tax=3.6
2026-05-31 16:09:46 | INFO | C03 | total=48.59
2026-05-31 16:09:46 | INFO | C03 | total_usd=48.59
2026-05-31 16:09:46 | INFO | C03 | running_total=1361.62
2026-05-31 16:09:46 | INFO | C03 | MESSAGE ACCEPTED
2026-05-31 16:09:46 | INFO | C03 | order=d22acb5c-8fa2-437a-be68-16a3407c5919
2026-05-31 16:09:46 | INFO | C03 | total=$48.59
2026-05-31 16:09:46 | INFO | C03 | consumed=17
2026-05-31 16:09:46 | INFO | C03 | RUNNING STATS
2026-05-31 16:09:46 | INFO | C03 | total_sales=$1,361.62
2026-05-31 16:09:46 | INFO | C03 | average=$80.10
2026-05-31 16:09:46 | INFO | C03 | min=$32.39
2026-05-31 16:09:46 | INFO | C03 | max=$323.95
2026-05-31 16:09:46 | INFO | C03 | {'currency_code': 'USD', 'customer_id': 'CUST-6977', 'customer_note': 'For my study group', 'datetime': '2026-05-04T11:00:00Z', 'device_type': 'desktop', 'discount_code': '', 'is_new_customer': 'false', 'is_online': 'true', 'order_id': '89715d88-8d25-4fee-9179-438fe49ebd60', 'payment_method': 'credit_card', 'product_id': 'PY-INTRO-001', 'quantity': '1', 'referral_source': 'email', 'region_id': 'US-TX', 'unit_price': '29.99', '_kafka_key': 'US-TX', '_kafka_partition': 0, '_kafka_offset': 17}
2026-05-31 16:09:46 | INFO | C03 | subtotal=29.99
2026-05-31 16:09:46 | INFO | C03 | discount=0.0
2026-05-31 16:09:46 | INFO | C03 | tax=2.47
2026-05-31 16:09:46 | INFO | C03 | total=32.46
2026-05-31 16:09:46 | INFO | C03 | total_usd=32.46
2026-05-31 16:09:46 | INFO | C03 | running_total=1394.08
2026-05-31 16:09:46 | INFO | C03 | MESSAGE ACCEPTED
2026-05-31 16:09:46 | INFO | C03 | order=89715d88-8d25-4fee-9179-438fe49ebd60
2026-05-31 16:09:46 | INFO | C03 | total=$32.46
2026-05-31 16:09:46 | INFO | C03 | consumed=18
2026-05-31 16:09:46 | INFO | C03 | RUNNING STATS
2026-05-31 16:09:46 | INFO | C03 | total_sales=$1,394.08
2026-05-31 16:09:46 | INFO | C03 | average=$77.45
2026-05-31 16:09:46 | INFO | C03 | min=$32.39
2026-05-31 16:09:46 | INFO | C03 | max=$323.95
2026-05-31 16:09:46 | INFO | C03 | {'currency_code': 'MXN', 'customer_id': 'CUST-9099', 'customer_note': 'Learning at my own pace', 'datetime': '2026-05-04T11:06:00Z', 'device_type': 'desktop', 'discount_code': '', 'is_new_customer': 'false', 'is_online': 'true', 'order_id': '733e6b9b-c9e7-49ef-82d8-b976d0df90cc', 'payment_method': 'paypal', 'product_id': 'PY-INTRO-001', 'quantity': '1', 'referral_source': 'paid_search', 'region_id': 'MX-CMX', 'unit_price': '29.99', '_kafka_key': 'MX-CMX', '_kafka_partition': 0, '_kafka_offset': 18}
2026-05-31 16:09:46 | INFO | C03 | subtotal=29.99
2026-05-31 16:09:46 | INFO | C03 | discount=0.0
2026-05-31 16:09:46 | INFO | C03 | tax=4.8
2026-05-31 16:09:46 | INFO | C03 | total=34.79
2026-05-31 16:09:46 | INFO | C03 | total_usd=1.77
2026-05-31 16:09:46 | INFO | C03 | running_total=1428.87
2026-05-31 16:09:46 | INFO | C03 | MESSAGE ACCEPTED
2026-05-31 16:09:46 | INFO | C03 | order=733e6b9b-c9e7-49ef-82d8-b976d0df90cc
2026-05-31 16:09:46 | INFO | C03 | total=$34.79
2026-05-31 16:09:46 | INFO | C03 | consumed=19
2026-05-31 16:09:46 | INFO | C03 | RUNNING STATS
2026-05-31 16:09:46 | INFO | C03 | total_sales=$1,428.87
2026-05-31 16:09:46 | INFO | C03 | average=$75.20
2026-05-31 16:09:46 | INFO | C03 | min=$32.39
2026-05-31 16:09:46 | INFO | C03 | max=$323.95
2026-05-31 16:09:46 | INFO | C03 | {'currency_code': 'USD', 'customer_id': 'CUST-4878', 'customer_note': 'Learning at my own pace', 'datetime': '2026-05-04T11:10:00Z', 'device_type': 'mobile', 'discount_code': '', 'is_new_customer': 'true', 'is_online': 'true', 'order_id': '267b5686-afa9-4ce6-bf68-4b861afa6a29', 'payment_method': 'apple_pay', 'product_id': 'PY-NLP-006', 'quantity': '5', 'referral_source': 'email', 'region_id': 'US-MO', 'unit_price': '54.99', '_kafka_key': 'US-MO', '_kafka_partition': 0, '_kafka_offset': 19}
2026-05-31 16:09:46 | INFO | C03 | subtotal=274.95
2026-05-31 16:09:46 | INFO | C03 | discount=0.0
2026-05-31 16:09:46 | INFO | C03 | tax=22.0
2026-05-31 16:09:46 | INFO | C03 | total=296.95
2026-05-31 16:09:46 | INFO | C03 | total_usd=296.95
2026-05-31 16:09:46 | INFO | C03 | running_total=1725.82
2026-05-31 16:09:46 | INFO | C03 | MESSAGE ACCEPTED
2026-05-31 16:09:46 | INFO | C03 | order=267b5686-afa9-4ce6-bf68-4b861afa6a29
2026-05-31 16:09:46 | INFO | C03 | total=$296.95
2026-05-31 16:09:46 | INFO | C03 | consumed=20
2026-05-31 16:09:46 | INFO | C03 | RUNNING STATS
2026-05-31 16:09:46 | INFO | C03 | total_sales=$1,725.82
2026-05-31 16:09:46 | INFO | C03 | average=$86.29
2026-05-31 16:09:46 | INFO | C03 | min=$32.39
2026-05-31 16:09:46 | INFO | C03 | max=$323.95
2026-05-31 16:09:56 | INFO | C03 | No message received within 10.0s timeout.
2026-05-31 16:09:56 | INFO | C03 | Producer finished or paused. Stopping consumer.
2026-05-31 16:09:56 | INFO | C03 | Kafka consumer closed.
2026-05-31 16:09:56 | INFO | C03 | ========================
2026-05-31 16:09:56 | INFO | C03 | SECTION E. Exit
2026-05-31 16:09:56 | INFO | C03 | ========================
2026-05-31 16:09:56 | INFO | C03 | Summary:
2026-05-31 16:09:56 | INFO | C03 | Consumed 20 message(s) from topic 'streaming-03-analytics-critical-section'.
2026-05-31 16:09:56 | INFO | C03 | Skipped  0 message(s).
2026-05-31 16:09:56 | INFO | C03 | OUTPUT_CSV = data\output\consumed_sales.csv
2026-05-31 16:09:56 | INFO | C03 |   Total sales:  $1,725.82
2026-05-31 16:09:56 | INFO | C03 |   Average sale: $86.29
2026-05-31 16:09:56 | INFO | C03 |   Minimum sale: $32.39
2026-05-31 16:09:56 | INFO | C03 |   Maximum sale: $323.95
2026-05-31 16:09:56 | INFO | C03 | ========================
2026-05-31 16:09:56 | INFO | C03 | Consumer executed successfully!
2026-05-31 16:09:56 | INFO | C03 | ========================
2026-05-31 17:33:45 | DEBUG | P03 | KAFKA_BOOTSTRAP_SERVERS           = localhost:9092
2026-05-31 17:33:45 | DEBUG | P03 | KAFKA_BROKER_ADDRESS_FAMILY       = v6
2026-05-31 17:33:45 | DEBUG | P03 | KAFKA_TOPIC                       = streaming-03-analytics-nba-pbp
2026-05-31 17:33:45 | DEBUG | P03 | KAFKA_CLEAR_TOPIC_ON_START        = true
2026-05-31 17:33:45 | DEBUG | P03 | PRODUCER_MESSAGE_COUNT            = 20
2026-05-31 17:33:45 | DEBUG | P03 | PRODUCER_MESSAGE_INTERVAL_SECONDS = 2
2026-05-31 17:33:45 | DEBUG | P03 | PRODUCER_MAX_MESSAGES             = 50
2026-05-31 17:33:45 | DEBUG | P03 | PRODUCER_POLL_INTERVAL_SECONDS    = 15
2026-05-31 17:33:45 | DEBUG | P03 | KAFKA_GROUP_ID                    = streaming-consumer-group-A
2026-05-31 17:33:45 | DEBUG | P03 | KAFKA_AUTO_OFFSET_RESET           = earliest
2026-05-31 17:33:45 | DEBUG | P03 | CONSUMER_TIMEOUT_SECONDS          = 10
2026-05-31 17:33:45 | DEBUG | P03 | CONSUMER_MAX_MESSAGES             = 1000
2026-05-31 17:33:45 | INFO | P03 | === RUN START ===
2026-05-31 17:33:45 | INFO | P03 | project=P03
2026-05-31 17:33:45 | INFO | P03 | repo_dir=streaming-03-analytics
2026-05-31 17:33:45 | INFO | P03 | python=3.14.5
2026-05-31 17:33:45 | INFO | P03 | os=Windows 11
2026-05-31 17:33:45 | INFO | P03 | shell=powershell
2026-05-31 17:33:45 | INFO | P03 | cwd=.
2026-05-31 17:33:45 | INFO | P03 | github_actions=False
2026-05-31 17:33:45 | INFO | P03 | ========================
2026-05-31 17:33:45 | INFO | P03 | START producer main()
2026-05-31 17:33:45 | INFO | P03 | ========================
2026-05-31 17:33:45 | INFO | P03 | ROOT_DIR = .
2026-05-31 17:33:45 | INFO | P03 | DATA_DIR = data
2026-05-31 17:33:45 | INFO | P03 | EVENTS_CSV = data\events.csv
2026-05-31 17:33:45 | INFO | P03 | PLAYERS_CSV = data\players.csv
2026-05-31 17:33:45 | INFO | P03 | REJECTED_EVENTS_CSV = data\output\producer_rejected_events.csv
2026-05-31 17:33:45 | INFO | P03 | ========================
2026-05-31 17:33:45 | INFO | P03 | SECTION A. Acquire
2026-05-31 17:33:45 | INFO | P03 | ========================
2026-05-31 17:33:45 | INFO | P03 | Loading settings from .env...
2026-05-31 17:33:45 | INFO | P03 | KAFKA_BOOTSTRAP_SERVERS           = localhost:9092
2026-05-31 17:33:45 | INFO | P03 | KAFKA_TOPIC                       = streaming-03-analytics-nba-pbp
2026-05-31 17:33:45 | INFO | P03 | PRODUCER_MESSAGE_COUNT            = 20
2026-05-31 17:33:45 | INFO | P03 | PRODUCER_MESSAGE_INTERVAL_SECONDS = 2.0
2026-05-31 17:33:45 | INFO | P03 | KAFKA_CLEAR_TOPIC_ON_START        = True
2026-05-31 17:33:45 | INFO | P03 | Verifying Kafka connection...
2026-05-31 17:33:45 | INFO | P03 | Kafka port is reachable.
2026-05-31 17:33:54 | INFO | P03 | Loading validation reference data...
2026-05-31 17:33:54 | ERROR | P03 | players.csv record 8: Required field is blank: player_name
2026-05-31 17:33:54 | ERROR | P03 | players.csv record 8: Required field is blank: team_name
2026-05-31 17:33:54 | ERROR | P03 | players.csv record 13: Required field is blank: player_name
2026-05-31 17:33:54 | ERROR | P03 | players.csv record 13: Required field is blank: team_name
2026-05-31 17:33:54 | ERROR | P03 | players.csv record 20: Required field is blank: player_name
2026-05-31 17:33:54 | ERROR | P03 | players.csv record 20: Required field is blank: team_name
2026-05-31 17:33:54 | ERROR | P03 | players.csv record 21: Required field is blank: team_name
2026-05-31 17:33:54 | ERROR | P03 | players.csv record 24: Required field is blank: team_name
2026-05-31 17:33:54 | ERROR | P03 | players.csv record 25: Required field is blank: player_name
2026-05-31 17:33:54 | ERROR | P03 | players.csv record 25: Required field is blank: team_name
2026-05-31 17:33:54 | ERROR | P03 | Reference data failed validation. Fix reference files first.
2026-05-31 17:37:46 | DEBUG | P03 | KAFKA_BOOTSTRAP_SERVERS           = localhost:9092
2026-05-31 17:37:46 | DEBUG | P03 | KAFKA_BROKER_ADDRESS_FAMILY       = v6
2026-05-31 17:37:46 | DEBUG | P03 | KAFKA_TOPIC                       = streaming-03-analytics-nba-pbp
2026-05-31 17:37:46 | DEBUG | P03 | KAFKA_CLEAR_TOPIC_ON_START        = true
2026-05-31 17:37:46 | DEBUG | P03 | PRODUCER_MESSAGE_COUNT            = 20
2026-05-31 17:37:46 | DEBUG | P03 | PRODUCER_MESSAGE_INTERVAL_SECONDS = 2
2026-05-31 17:37:46 | DEBUG | P03 | PRODUCER_MAX_MESSAGES             = 50
2026-05-31 17:37:46 | DEBUG | P03 | PRODUCER_POLL_INTERVAL_SECONDS    = 15
2026-05-31 17:37:46 | DEBUG | P03 | KAFKA_GROUP_ID                    = streaming-consumer-group-A
2026-05-31 17:37:46 | DEBUG | P03 | KAFKA_AUTO_OFFSET_RESET           = earliest
2026-05-31 17:37:46 | DEBUG | P03 | CONSUMER_TIMEOUT_SECONDS          = 10
2026-05-31 17:37:46 | DEBUG | P03 | CONSUMER_MAX_MESSAGES             = 1000
2026-05-31 17:37:46 | INFO | P03 | === RUN START ===
2026-05-31 17:37:46 | INFO | P03 | project=P03
2026-05-31 17:37:46 | INFO | P03 | repo_dir=streaming-03-analytics
2026-05-31 17:37:46 | INFO | P03 | python=3.14.5
2026-05-31 17:37:46 | INFO | P03 | os=Windows 11
2026-05-31 17:37:46 | INFO | P03 | shell=powershell
2026-05-31 17:37:46 | INFO | P03 | cwd=.
2026-05-31 17:37:46 | INFO | P03 | github_actions=False
2026-05-31 17:37:46 | INFO | P03 | ========================
2026-05-31 17:37:46 | INFO | P03 | START producer main()
2026-05-31 17:37:46 | INFO | P03 | ========================
2026-05-31 17:37:46 | INFO | P03 | ROOT_DIR = .
2026-05-31 17:37:46 | INFO | P03 | DATA_DIR = data
2026-05-31 17:37:46 | INFO | P03 | EVENTS_CSV = data\events.csv
2026-05-31 17:37:46 | INFO | P03 | PLAYERS_CSV = data\players.csv
2026-05-31 17:37:46 | INFO | P03 | REJECTED_EVENTS_CSV = data\output\producer_rejected_events.csv
2026-05-31 17:37:46 | INFO | P03 | ========================
2026-05-31 17:37:46 | INFO | P03 | SECTION A. Acquire
2026-05-31 17:37:46 | INFO | P03 | ========================
2026-05-31 17:37:46 | INFO | P03 | Loading settings from .env...
2026-05-31 17:37:46 | INFO | P03 | KAFKA_BOOTSTRAP_SERVERS           = localhost:9092
2026-05-31 17:37:46 | INFO | P03 | KAFKA_TOPIC                       = streaming-03-analytics-nba-pbp
2026-05-31 17:37:46 | INFO | P03 | PRODUCER_MESSAGE_COUNT            = 20
2026-05-31 17:37:46 | INFO | P03 | PRODUCER_MESSAGE_INTERVAL_SECONDS = 2.0
2026-05-31 17:37:46 | INFO | P03 | KAFKA_CLEAR_TOPIC_ON_START        = True
2026-05-31 17:37:46 | INFO | P03 | Verifying Kafka connection...
2026-05-31 17:37:46 | INFO | P03 | Kafka port is reachable.
2026-05-31 17:37:55 | INFO | P03 | Loading validation reference data...
2026-05-31 17:37:55 | INFO | P03 | Found 25 valid players.
2026-05-31 17:37:55 | INFO | P03 | ========================
2026-05-31 17:37:55 | INFO | P03 | SECTION P. Produce Messages
2026-05-31 17:37:55 | INFO | P03 | ========================
2026-05-31 17:37:55 | INFO | P03 | Initializing output...
2026-05-31 17:37:55 | INFO | P03 | Output directory ready: output
2026-05-31 17:37:55 | INFO | P03 | Sending messages...
2026-05-31 17:37:55 | INFO | P03 | Sending up to 20 message(s) to topic 'streaming-03-analytics-nba-pbp'.
2026-05-31 17:37:55 | INFO | P03 | Watch each event arrive. Press CTRL+C to stop early.

2026-05-31 17:37:55 | INFO | P03 | {
  play_id: P0004
  game_id: 0042500317
  timestamp: 2026-06-01T03:37:32Z
  player_id: PL_1631096
  action_type: Jump Ball
  shot_type: 2PT
  distance_ft: 0.0
  is_made: False
  quarter: 1
  time_remaining: PT12M00.00S
}
2026-05-31 17:37:55 | INFO | P03 |   Sending message with key=0042500317
2026-05-31 17:37:55 | INFO | P03 |   MESSAGE SENT  sent=1
2026-05-31 17:37:57 | INFO | P03 | {
  play_id: P0007
  game_id: 0042500317
  timestamp: 2026-06-01T03:37:37Z
  player_id: PL_1641705
  action_type: Made Shot
  shot_type: 2PT
  distance_ft: 12.0
  is_made: False
  quarter: 1
  time_remaining: PT11M39.00S
}
2026-05-31 17:37:57 | INFO | P03 |   Sending message with key=0042500317
2026-05-31 17:37:57 | INFO | P03 |   MESSAGE SENT  sent=2
2026-05-31 17:37:59 | INFO | P03 | {
  play_id: P0008
  game_id: 0042500317
  timestamp: 2026-06-01T03:37:42Z
  player_id: PL_1631096
  action_type: Turnover
  shot_type: 2PT
  distance_ft: 0.0
  is_made: False
  quarter: 1
  time_remaining: PT11M21.00S
}
2026-05-31 17:37:59 | INFO | P03 |   Sending message with key=0042500317
2026-05-31 17:37:59 | INFO | P03 |   MESSAGE SENT  sent=3
2026-05-31 17:38:01 | INFO | P03 | {
  play_id: P0008
  game_id: 0042500317
  timestamp: 2026-06-01T03:37:47Z
  player_id: PL_1630170
  action_type: 
  shot_type: 2PT
  distance_ft: 0.0
  is_made: False
  quarter: 1
  time_remaining: PT11M21.00S
}
2026-05-31 17:38:01 | WARNING | P03 | MESSAGE REJECTED
2026-05-31 17:38:01 | WARNING | P03 |   errors=['Required field is blank: action_type']
2026-05-31 17:38:01 | ERROR | P03 | dict contains fields not in fieldnames: 'quarter', 'time_remaining'
2026-05-31 17:38:01 | ERROR | P03 | Producer stopped before completing all messages.
2026-05-31 17:43:42 | DEBUG | P03 | KAFKA_BOOTSTRAP_SERVERS           = localhost:9092
2026-05-31 17:43:42 | DEBUG | P03 | KAFKA_BROKER_ADDRESS_FAMILY       = v6
2026-05-31 17:43:42 | DEBUG | P03 | KAFKA_TOPIC                       = streaming-03-analytics-nba-pbp
2026-05-31 17:43:42 | DEBUG | P03 | KAFKA_CLEAR_TOPIC_ON_START        = true
2026-05-31 17:43:42 | DEBUG | P03 | PRODUCER_MESSAGE_COUNT            = 20
2026-05-31 17:43:42 | DEBUG | P03 | PRODUCER_MESSAGE_INTERVAL_SECONDS = 2
2026-05-31 17:43:42 | DEBUG | P03 | PRODUCER_MAX_MESSAGES             = 50
2026-05-31 17:43:42 | DEBUG | P03 | PRODUCER_POLL_INTERVAL_SECONDS    = 15
2026-05-31 17:43:42 | DEBUG | P03 | KAFKA_GROUP_ID                    = streaming-consumer-group-A
2026-05-31 17:43:42 | DEBUG | P03 | KAFKA_AUTO_OFFSET_RESET           = earliest
2026-05-31 17:43:42 | DEBUG | P03 | CONSUMER_TIMEOUT_SECONDS          = 10
2026-05-31 17:43:42 | DEBUG | P03 | CONSUMER_MAX_MESSAGES             = 1000
2026-05-31 17:43:42 | INFO | P03 | === RUN START ===
2026-05-31 17:43:42 | INFO | P03 | project=P03
2026-05-31 17:43:42 | INFO | P03 | repo_dir=streaming-03-analytics
2026-05-31 17:43:42 | INFO | P03 | python=3.14.5
2026-05-31 17:43:42 | INFO | P03 | os=Windows 11
2026-05-31 17:43:42 | INFO | P03 | shell=powershell
2026-05-31 17:43:42 | INFO | P03 | cwd=.
2026-05-31 17:43:42 | INFO | P03 | github_actions=False
2026-05-31 17:43:42 | INFO | P03 | ========================
2026-05-31 17:43:42 | INFO | P03 | START producer main()
2026-05-31 17:43:42 | INFO | P03 | ========================
2026-05-31 17:43:42 | INFO | P03 | ROOT_DIR = .
2026-05-31 17:43:42 | INFO | P03 | DATA_DIR = data
2026-05-31 17:43:42 | INFO | P03 | EVENTS_CSV = data\events.csv
2026-05-31 17:43:42 | INFO | P03 | PLAYERS_CSV = data\players.csv
2026-05-31 17:43:42 | INFO | P03 | REJECTED_EVENTS_CSV = data\output\producer_rejected_events.csv
2026-05-31 17:43:42 | INFO | P03 | ========================
2026-05-31 17:43:42 | INFO | P03 | SECTION A. Acquire
2026-05-31 17:43:42 | INFO | P03 | ========================
2026-05-31 17:43:42 | INFO | P03 | Loading settings from .env...
2026-05-31 17:43:42 | INFO | P03 | KAFKA_BOOTSTRAP_SERVERS           = localhost:9092
2026-05-31 17:43:42 | INFO | P03 | KAFKA_TOPIC                       = streaming-03-analytics-nba-pbp
2026-05-31 17:43:42 | INFO | P03 | PRODUCER_MESSAGE_COUNT            = 20
2026-05-31 17:43:42 | INFO | P03 | PRODUCER_MESSAGE_INTERVAL_SECONDS = 2.0
2026-05-31 17:43:42 | INFO | P03 | KAFKA_CLEAR_TOPIC_ON_START        = True
2026-05-31 17:43:42 | INFO | P03 | Verifying Kafka connection...
2026-05-31 17:43:42 | INFO | P03 | Kafka port is reachable.
2026-05-31 17:43:46 | INFO | P03 | Loading validation reference data...
2026-05-31 17:43:46 | INFO | P03 | Found 25 valid players.
2026-05-31 17:43:46 | INFO | P03 | ========================
2026-05-31 17:43:46 | INFO | P03 | SECTION P. Produce Messages
2026-05-31 17:43:46 | INFO | P03 | ========================
2026-05-31 17:43:46 | INFO | P03 | Initializing output...
2026-05-31 17:43:46 | INFO | P03 | Output directory ready: output
2026-05-31 17:43:46 | INFO | P03 | Sending messages...
2026-05-31 17:43:46 | INFO | P03 | Sending up to 20 message(s) to topic 'streaming-03-analytics-nba-pbp'.
2026-05-31 17:43:46 | INFO | P03 | Watch each event arrive. Press CTRL+C to stop early.

2026-05-31 17:43:46 | INFO | P03 | {
  play_id: P0004
  game_id: 0042500317
  timestamp: 2026-06-01T03:43:24Z
  player_id: PL_1631096
  action_type: Jump Ball
  shot_type: 2PT
  distance_ft: 0.0
  is_made: False
  quarter: 1
  time_remaining: PT12M00.00S
}
2026-05-31 17:43:46 | INFO | P03 |   Sending message with key=0042500317
2026-05-31 17:43:47 | INFO | P03 |   MESSAGE SENT  sent=1
2026-05-31 17:43:49 | INFO | P03 | {
  play_id: P0007
  game_id: 0042500317
  timestamp: 2026-06-01T03:43:29Z
  player_id: PL_1641705
  action_type: Made Shot
  shot_type: 2PT
  distance_ft: 12.0
  is_made: True
  quarter: 1
  time_remaining: PT11M39.00S
}
2026-05-31 17:43:49 | INFO | P03 |   Sending message with key=0042500317
2026-05-31 17:43:49 | INFO | P03 |   MESSAGE SENT  sent=2
2026-05-31 17:43:51 | INFO | P03 | {
  play_id: P0008
  game_id: 0042500317
  timestamp: 2026-06-01T03:43:34Z
  player_id: PL_1631096
  action_type: Turnover
  shot_type: 2PT
  distance_ft: 0.0
  is_made: False
  quarter: 1
  time_remaining: PT11M21.00S
}
2026-05-31 17:43:51 | INFO | P03 |   Sending message with key=0042500317
2026-05-31 17:43:51 | INFO | P03 |   MESSAGE SENT  sent=3
2026-05-31 17:43:53 | INFO | P03 | {
  play_id: P0008
  game_id: 0042500317
  timestamp: 2026-06-01T03:43:39Z
  player_id: PL_1630170
  action_type: Unknown
  shot_type: 2PT
  distance_ft: 0.0
  is_made: False
  quarter: 1
  time_remaining: PT11M21.00S
}
2026-05-31 17:43:53 | INFO | P03 |   Sending message with key=0042500317
2026-05-31 17:43:53 | INFO | P03 |   MESSAGE SENT  sent=4
2026-05-31 17:43:55 | INFO | P03 | {
  play_id: P0010
  game_id: 0042500317
  timestamp: 2026-06-01T03:43:44Z
  player_id: PL_1629652
  action_type: Foul
  shot_type: 2PT
  distance_ft: 0.0
  is_made: False
  quarter: 1
  time_remaining: PT11M17.00S
}
2026-05-31 17:43:55 | INFO | P03 |   Sending message with key=0042500317
2026-05-31 17:43:55 | INFO | P03 |   MESSAGE SENT  sent=5
2026-05-31 17:43:57 | INFO | P03 | {
  play_id: P0013
  game_id: 0042500317
  timestamp: 2026-06-01T03:43:49Z
  player_id: PL_1630170
  action_type: Made Shot
  shot_type: 2PT
  distance_ft: 14.0
  is_made: True
  quarter: 1
  time_remaining: PT10M59.00S
}
2026-05-31 17:43:57 | INFO | P03 |   Sending message with key=0042500317
2026-05-31 17:43:57 | INFO | P03 |   MESSAGE SENT  sent=6
2026-05-31 17:43:59 | INFO | P03 | {
  play_id: P0014
  game_id: 0042500317
  timestamp: 2026-06-01T03:43:54Z
  player_id: PL_1631096
  action_type: Made Shot
  shot_type: 2PT
  distance_ft: 12.0
  is_made: True
  quarter: 1
  time_remaining: PT10M41.00S
}
2026-05-31 17:43:59 | INFO | P03 |   Sending message with key=0042500317
2026-05-31 17:43:59 | INFO | P03 |   MESSAGE SENT  sent=7
2026-05-31 17:44:01 | INFO | P03 | {
  play_id: P0016
  game_id: 0042500317
  timestamp: 2026-06-01T03:43:59Z
  player_id: PL_1642264
  action_type: Made Shot
  shot_type: 2PT
  distance_ft: 1.0
  is_made: True
  quarter: 1
  time_remaining: PT10M33.00S
}
2026-05-31 17:44:01 | INFO | P03 |   Sending message with key=0042500317
2026-05-31 17:44:01 | INFO | P03 |   MESSAGE SENT  sent=8
2026-05-31 17:44:03 | INFO | P03 | {
  play_id: P0018
  game_id: 0042500317
  timestamp: 2026-06-01T03:44:04Z
  player_id: PL_1628983
  action_type: Made Shot
  shot_type: 2PT
  distance_ft: 19.0
  is_made: True
  quarter: 1
  time_remaining: PT10M12.00S
}
2026-05-31 17:44:03 | INFO | P03 |   Sending message with key=0042500317
2026-05-31 17:44:03 | INFO | P03 |   MESSAGE SENT  sent=9
2026-05-31 17:44:05 | INFO | P03 | {
  play_id: P0019
  game_id: 0042500317
  timestamp: 2026-06-01T03:44:09Z
  player_id: PL_1642264
  action_type: Made Shot
  shot_type: 2PT
  distance_ft: 1.0
  is_made: True
  quarter: 1
  time_remaining: PT09M55.00S
}
2026-05-31 17:44:05 | INFO | P03 |   Sending message with key=0042500317
2026-05-31 17:44:05 | INFO | P03 |   MESSAGE SENT  sent=10
2026-05-31 17:44:07 | INFO | P03 | {
  play_id: P0021
  game_id: 0042500317
  timestamp: 2026-06-01T03:44:14Z
  player_id: PL_1631096
  action_type: Missed Shot
  shot_type: 2PT
  distance_ft: 8.0
  is_made: False
  quarter: 1
  time_remaining: PT09M39.00S
}
2026-05-31 17:44:07 | INFO | P03 |   Sending message with key=0042500317
2026-05-31 17:44:07 | INFO | P03 |   MESSAGE SENT  sent=11
2026-05-31 17:44:09 | INFO | P03 | {
  play_id: P0022
  game_id: 0042500317
  timestamp: 2026-06-01T03:44:19Z
  player_id: PL_1641717
  action_type: Rebound
  shot_type: 2PT
  distance_ft: 0.0
  is_made: False
  quarter: 1
  time_remaining: PT09M36.00S
}
2026-05-31 17:44:09 | INFO | P03 |   Sending message with key=0042500317
2026-05-31 17:44:09 | INFO | P03 |   MESSAGE SENT  sent=12
2026-05-31 17:44:11 | INFO | P03 | {
  play_id: P0023
  game_id: 0042500317
  timestamp: 2026-06-01T03:44:24Z
  player_id: PL_1629652
  action_type: Missed Shot
  shot_type: 3PT
  distance_ft: 25.0
  is_made: False
  quarter: 1
  time_remaining: PT09M30.00S
}
2026-05-31 17:44:11 | INFO | P03 |   Sending message with key=0042500317
2026-05-31 17:44:11 | INFO | P03 |   MESSAGE SENT  sent=13
2026-05-31 17:44:13 | INFO | P03 | {
  play_id: P0024
  game_id: 0042500317
  timestamp: 2026-06-01T03:44:29Z
  player_id: PL_1610612759
  action_type: Rebound
  shot_type: 2PT
  distance_ft: 0.0
  is_made: False
  quarter: 1
  time_remaining: PT09M29.00S
}
2026-05-31 17:44:13 | INFO | P03 |   Sending message with key=0042500317
2026-05-31 17:44:13 | INFO | P03 |   MESSAGE SENT  sent=14
2026-05-31 17:44:15 | INFO | P03 | {
  play_id: P0026
  game_id: 0042500317
  timestamp: 2026-06-01T03:44:34Z
  player_id: PL_1641705
  action_type: Made Shot
  shot_type: 2PT
  distance_ft: 2.0
  is_made: True
  quarter: 1
  time_remaining: PT09M11.00S
}
2026-05-31 17:44:15 | INFO | P03 |   Sending message with key=0042500317
2026-05-31 17:44:15 | INFO | P03 |   MESSAGE SENT  sent=15
2026-05-31 17:44:17 | INFO | P03 | {
  play_id: P0028
  game_id: 0042500317
  timestamp: 2026-06-01T03:44:39Z
  player_id: PL_1629652
  action_type: Missed Shot
  shot_type: 3PT
  distance_ft: 26.0
  is_made: False
  quarter: 1
  time_remaining: PT08M52.00S
}
2026-05-31 17:44:17 | INFO | P03 |   Sending message with key=0042500317
2026-05-31 17:44:17 | INFO | P03 |   MESSAGE SENT  sent=16
2026-05-31 17:44:19 | INFO | P03 | {
  play_id: P0029
  game_id: 0042500317
  timestamp: 2026-06-01T03:44:44Z
  player_id: PL_1641705
  action_type: Rebound
  shot_type: 2PT
  distance_ft: 0.0
  is_made: False
  quarter: 1
  time_remaining: PT08M48.00S
}
2026-05-31 17:44:19 | INFO | P03 |   Sending message with key=0042500317
2026-05-31 17:44:20 | INFO | P03 |   MESSAGE SENT  sent=17
2026-05-31 17:44:22 | INFO | P03 | {
  play_id: P0030
  game_id: 0042500317
  timestamp: 2026-06-01T03:44:49Z
  player_id: PL_1630170
  action_type: Missed Shot
  shot_type: 3PT
  distance_ft: 0.0
  is_made: False
  quarter: 1
  time_remaining: PT08M42.00S
}
2026-05-31 17:44:22 | INFO | P03 |   Sending message with key=0042500317
2026-05-31 17:44:22 | INFO | P03 |   MESSAGE SENT  sent=18
2026-05-31 17:44:24 | INFO | P03 | {
  play_id: P0032
  game_id: 0042500317
  timestamp: 2026-06-01T03:44:54Z
  player_id: PL_1628983
  action_type: Rebound
  shot_type: 2PT
  distance_ft: 0.0
  is_made: False
  quarter: 1
  time_remaining: PT08M38.00S
}
2026-05-31 17:44:24 | INFO | P03 |   Sending message with key=0042500317
2026-05-31 17:44:24 | INFO | P03 |   MESSAGE SENT  sent=19
2026-05-31 17:44:26 | INFO | P03 | {
  play_id: P0033
  game_id: 0042500317
  timestamp: 2026-06-01T03:44:59Z
  player_id: PL_1628392
  action_type: Turnover
  shot_type: 2PT
  distance_ft: 0.0
  is_made: False
  quarter: 1
  time_remaining: PT08M26.00S
}
2026-05-31 17:44:26 | INFO | P03 |   Sending message with key=0042500317
2026-05-31 17:44:26 | INFO | P03 |   MESSAGE SENT  sent=20
2026-05-31 17:44:28 | INFO | P03 | Checking for rejected records...
2026-05-31 17:44:28 | INFO | P03 |   No records rejected.
2026-05-31 17:44:28 | INFO | P03 | ========================
2026-05-31 17:44:28 | INFO | P03 | SECTION E. Exit
2026-05-31 17:44:28 | INFO | P03 | ========================
2026-05-31 17:44:28 | INFO | P03 | Summary:
2026-05-31 17:44:28 | INFO | P03 | Sent 20 message(s) to topic 'streaming-03-analytics-nba-pbp'.
2026-05-31 17:44:28 | INFO | P03 | Rejected 0 message(s).
2026-05-31 17:44:28 | INFO | P03 | ========================
2026-05-31 17:44:28 | INFO | P03 | Producer executed successfully!
2026-05-31 17:44:28 | INFO | P03 | ========================
2026-05-31 17:45:44 | DEBUG | C03 | KAFKA_BOOTSTRAP_SERVERS           = localhost:9092
2026-05-31 17:45:44 | DEBUG | C03 | KAFKA_BROKER_ADDRESS_FAMILY       = v6
2026-05-31 17:45:44 | DEBUG | C03 | KAFKA_TOPIC                       = streaming-03-analytics-nba-pbp
2026-05-31 17:45:44 | DEBUG | C03 | KAFKA_CLEAR_TOPIC_ON_START        = true
2026-05-31 17:45:44 | DEBUG | C03 | PRODUCER_MESSAGE_COUNT            = 20
2026-05-31 17:45:44 | DEBUG | C03 | PRODUCER_MESSAGE_INTERVAL_SECONDS = 2
2026-05-31 17:45:44 | DEBUG | C03 | PRODUCER_MAX_MESSAGES             = 50
2026-05-31 17:45:44 | DEBUG | C03 | PRODUCER_POLL_INTERVAL_SECONDS    = 15
2026-05-31 17:45:44 | DEBUG | C03 | KAFKA_GROUP_ID                    = streaming-consumer-group-A
2026-05-31 17:45:44 | DEBUG | C03 | KAFKA_AUTO_OFFSET_RESET           = earliest
2026-05-31 17:45:44 | DEBUG | C03 | CONSUMER_TIMEOUT_SECONDS          = 10
2026-05-31 17:45:44 | DEBUG | C03 | CONSUMER_MAX_MESSAGES             = 1000
2026-05-31 17:45:44 | INFO | C03 | === RUN START ===
2026-05-31 17:45:44 | INFO | C03 | project=C03
2026-05-31 17:45:44 | INFO | C03 | repo_dir=streaming-03-analytics
2026-05-31 17:45:44 | INFO | C03 | python=3.14.5
2026-05-31 17:45:44 | INFO | C03 | os=Windows 11
2026-05-31 17:45:44 | INFO | C03 | shell=powershell
2026-05-31 17:45:44 | INFO | C03 | cwd=.
2026-05-31 17:45:44 | INFO | C03 | github_actions=False
2026-05-31 17:45:44 | INFO | C03 | ========================
2026-05-31 17:45:44 | INFO | C03 | START consumer main()
2026-05-31 17:45:44 | INFO | C03 | ========================
2026-05-31 17:45:44 | INFO | C03 | ROOT_DIR = .
2026-05-31 17:45:44 | INFO | C03 | DATA_DIR = data
2026-05-31 17:45:44 | INFO | C03 | OUTPUT_CSV = data\output\consumed_events.csv
2026-05-31 17:45:44 | INFO | C03 | PLAYERS_CSV = data\players.csv
2026-05-31 17:45:44 | INFO | C03 | ========================
2026-05-31 17:45:44 | INFO | C03 | SECTION A. Acquire
2026-05-31 17:45:44 | INFO | C03 | ========================
2026-05-31 17:45:44 | INFO | C03 | Loading settings from .env...
2026-05-31 17:45:44 | INFO | C03 | KAFKA_BOOTSTRAP_SERVERS  = localhost:9092
2026-05-31 17:45:44 | INFO | C03 | KAFKA_TOPIC              = streaming-03-analytics-nba-pbp
2026-05-31 17:45:44 | INFO | C03 | KAFKA_GROUP_ID           = streaming-consumer-group-A
2026-05-31 17:45:44 | INFO | C03 | CONSUMER_TIMEOUT_SECONDS = 10.0
2026-05-31 17:45:44 | INFO | C03 | CONSUMER_MAX_MESSAGES    = 1000
2026-05-31 17:45:44 | INFO | C03 | Verifying Kafka connection...
2026-05-31 17:45:44 | INFO | C03 | Kafka port is reachable.
2026-05-31 17:45:44 | INFO | C03 | Verifying Kafka topic...
2026-05-31 17:46:03 | INFO | C03 | Topic 'streaming-03-analytics-nba-pbp' exists.
2026-05-31 17:46:03 | INFO | C03 | Found 20 message(s) available.
2026-05-31 17:46:03 | INFO | C03 | Creating Kafka consumer...
2026-05-31 17:46:03 | INFO | C03 | Subscribed to topic: 'streaming-03-analytics-nba-pbp' (reading from beginning)
2026-05-31 17:46:03 | INFO | C03 | ========================
2026-05-31 17:46:03 | INFO | C03 | SECTION C. Consume and Process Messages
2026-05-31 17:46:03 | INFO | C03 | ========================
2026-05-31 17:46:03 | INFO | C03 | Initializing output...
2026-05-31 17:46:03 | INFO | C03 | Output CSV cleared: consumed_events.csv
2026-05-31 17:46:03 | INFO | C03 | Loading enrichment reference data...
2026-05-31 17:47:15 | DEBUG | C03 | KAFKA_BOOTSTRAP_SERVERS           = localhost:9092
2026-05-31 17:47:15 | DEBUG | C03 | KAFKA_BROKER_ADDRESS_FAMILY       = v6
2026-05-31 17:47:15 | DEBUG | C03 | KAFKA_TOPIC                       = streaming-03-analytics-nba-pbp
2026-05-31 17:47:15 | DEBUG | C03 | KAFKA_CLEAR_TOPIC_ON_START        = true
2026-05-31 17:47:15 | DEBUG | C03 | PRODUCER_MESSAGE_COUNT            = 20
2026-05-31 17:47:15 | DEBUG | C03 | PRODUCER_MESSAGE_INTERVAL_SECONDS = 2
2026-05-31 17:47:15 | DEBUG | C03 | PRODUCER_MAX_MESSAGES             = 50
2026-05-31 17:47:15 | DEBUG | C03 | PRODUCER_POLL_INTERVAL_SECONDS    = 15
2026-05-31 17:47:15 | DEBUG | C03 | KAFKA_GROUP_ID                    = streaming-consumer-group-A
2026-05-31 17:47:15 | DEBUG | C03 | KAFKA_AUTO_OFFSET_RESET           = earliest
2026-05-31 17:47:15 | DEBUG | C03 | CONSUMER_TIMEOUT_SECONDS          = 10
2026-05-31 17:47:15 | DEBUG | C03 | CONSUMER_MAX_MESSAGES             = 1000
2026-05-31 17:47:15 | INFO | C03 | === RUN START ===
2026-05-31 17:47:15 | INFO | C03 | project=C03
2026-05-31 17:47:15 | INFO | C03 | repo_dir=streaming-03-analytics
2026-05-31 17:47:15 | INFO | C03 | python=3.14.5
2026-05-31 17:47:15 | INFO | C03 | os=Windows 11
2026-05-31 17:47:15 | INFO | C03 | shell=powershell
2026-05-31 17:47:15 | INFO | C03 | cwd=.
2026-05-31 17:47:15 | INFO | C03 | github_actions=False
2026-05-31 17:47:15 | INFO | C03 | ========================
2026-05-31 17:47:15 | INFO | C03 | START consumer main()
2026-05-31 17:47:15 | INFO | C03 | ========================
2026-05-31 17:47:15 | INFO | C03 | ROOT_DIR = .
2026-05-31 17:47:15 | INFO | C03 | DATA_DIR = data
2026-05-31 17:47:15 | INFO | C03 | OUTPUT_CSV = data\output\consumed_events.csv
2026-05-31 17:47:15 | INFO | C03 | PLAYERS_CSV = data\players.csv
2026-05-31 17:47:15 | INFO | C03 | ========================
2026-05-31 17:47:15 | INFO | C03 | SECTION A. Acquire
2026-05-31 17:47:15 | INFO | C03 | ========================
2026-05-31 17:47:15 | INFO | C03 | Loading settings from .env...
2026-05-31 17:47:15 | INFO | C03 | KAFKA_BOOTSTRAP_SERVERS  = localhost:9092
2026-05-31 17:47:15 | INFO | C03 | KAFKA_TOPIC              = streaming-03-analytics-nba-pbp
2026-05-31 17:47:15 | INFO | C03 | KAFKA_GROUP_ID           = streaming-consumer-group-A
2026-05-31 17:47:15 | INFO | C03 | CONSUMER_TIMEOUT_SECONDS = 10.0
2026-05-31 17:47:15 | INFO | C03 | CONSUMER_MAX_MESSAGES    = 1000
2026-05-31 17:47:15 | INFO | C03 | Verifying Kafka connection...
2026-05-31 17:47:15 | INFO | C03 | Kafka port is reachable.
2026-05-31 17:47:15 | INFO | C03 | Verifying Kafka topic...
2026-05-31 17:47:23 | INFO | C03 | Topic 'streaming-03-analytics-nba-pbp' exists.
2026-05-31 17:47:23 | INFO | C03 | Found 20 message(s) available.
2026-05-31 17:47:23 | INFO | C03 | Creating Kafka consumer...
2026-05-31 17:47:23 | INFO | C03 | Subscribed to topic: 'streaming-03-analytics-nba-pbp' (reading from beginning)
2026-05-31 17:47:23 | INFO | C03 | ========================
2026-05-31 17:47:23 | INFO | C03 | SECTION C. Consume and Process Messages
2026-05-31 17:47:23 | INFO | C03 | ========================
2026-05-31 17:47:23 | INFO | C03 | Initializing output...
2026-05-31 17:47:23 | INFO | C03 | Output CSV cleared: consumed_events.csv
2026-05-31 17:47:23 | INFO | C03 | Loading enrichment reference data...
2026-05-31 17:49:25 | DEBUG | C03 | KAFKA_BOOTSTRAP_SERVERS           = localhost:9092
2026-05-31 17:49:25 | DEBUG | C03 | KAFKA_BROKER_ADDRESS_FAMILY       = v6
2026-05-31 17:49:25 | DEBUG | C03 | KAFKA_TOPIC                       = streaming-03-analytics-nba-pbp
2026-05-31 17:49:25 | DEBUG | C03 | KAFKA_CLEAR_TOPIC_ON_START        = true
2026-05-31 17:49:25 | DEBUG | C03 | PRODUCER_MESSAGE_COUNT            = 20
2026-05-31 17:49:25 | DEBUG | C03 | PRODUCER_MESSAGE_INTERVAL_SECONDS = 2
2026-05-31 17:49:25 | DEBUG | C03 | PRODUCER_MAX_MESSAGES             = 50
2026-05-31 17:49:25 | DEBUG | C03 | PRODUCER_POLL_INTERVAL_SECONDS    = 15
2026-05-31 17:49:25 | DEBUG | C03 | KAFKA_GROUP_ID                    = streaming-consumer-group-A
2026-05-31 17:49:25 | DEBUG | C03 | KAFKA_AUTO_OFFSET_RESET           = earliest
2026-05-31 17:49:25 | DEBUG | C03 | CONSUMER_TIMEOUT_SECONDS          = 10
2026-05-31 17:49:25 | DEBUG | C03 | CONSUMER_MAX_MESSAGES             = 1000
2026-05-31 17:49:25 | INFO | C03 | === RUN START ===
2026-05-31 17:49:25 | INFO | C03 | project=C03
2026-05-31 17:49:25 | INFO | C03 | repo_dir=streaming-03-analytics
2026-05-31 17:49:25 | INFO | C03 | python=3.14.5
2026-05-31 17:49:25 | INFO | C03 | os=Windows 11
2026-05-31 17:49:25 | INFO | C03 | shell=powershell
2026-05-31 17:49:25 | INFO | C03 | cwd=.
2026-05-31 17:49:25 | INFO | C03 | github_actions=False
2026-05-31 17:49:25 | INFO | C03 | ========================
2026-05-31 17:49:25 | INFO | C03 | START consumer main()
2026-05-31 17:49:25 | INFO | C03 | ========================
2026-05-31 17:49:25 | INFO | C03 | ROOT_DIR = .
2026-05-31 17:49:25 | INFO | C03 | DATA_DIR = data
2026-05-31 17:49:25 | INFO | C03 | OUTPUT_CSV = data\output\consumed_events.csv
2026-05-31 17:49:25 | INFO | C03 | PLAYERS_CSV = data\players.csv
2026-05-31 17:49:25 | INFO | C03 | ========================
2026-05-31 17:49:25 | INFO | C03 | SECTION A. Acquire
2026-05-31 17:49:25 | INFO | C03 | ========================
2026-05-31 17:49:25 | INFO | C03 | Loading settings from .env...
2026-05-31 17:49:25 | INFO | C03 | KAFKA_BOOTSTRAP_SERVERS  = localhost:9092
2026-05-31 17:49:25 | INFO | C03 | KAFKA_TOPIC              = streaming-03-analytics-nba-pbp
2026-05-31 17:49:25 | INFO | C03 | KAFKA_GROUP_ID           = streaming-consumer-group-A
2026-05-31 17:49:25 | INFO | C03 | CONSUMER_TIMEOUT_SECONDS = 10.0
2026-05-31 17:49:25 | INFO | C03 | CONSUMER_MAX_MESSAGES    = 1000
2026-05-31 17:49:25 | INFO | C03 | Verifying Kafka connection...
2026-05-31 17:49:25 | INFO | C03 | Kafka port is reachable.
2026-05-31 17:49:25 | INFO | C03 | Verifying Kafka topic...
2026-05-31 17:49:29 | INFO | C03 | Topic 'streaming-03-analytics-nba-pbp' exists.
2026-05-31 17:49:29 | INFO | C03 | Found 20 message(s) available.
2026-05-31 17:49:29 | INFO | C03 | Creating Kafka consumer...
2026-05-31 17:49:29 | INFO | C03 | Subscribed to topic: 'streaming-03-analytics-nba-pbp' (reading from beginning)
2026-05-31 17:49:29 | INFO | C03 | ========================
2026-05-31 17:49:29 | INFO | C03 | SECTION C. Consume and Process Messages
2026-05-31 17:49:29 | INFO | C03 | ========================
2026-05-31 17:49:29 | INFO | C03 | Initializing output...
2026-05-31 17:49:29 | INFO | C03 | Output CSV cleared: consumed_events.csv
2026-05-31 17:49:29 | INFO | C03 | Loading enrichment reference data...
2026-05-31 17:49:29 | INFO | C03 | Loaded 25 players.
2026-05-31 17:49:29 | INFO | C03 | Consuming messages...
2026-05-31 17:49:29 | INFO | C03 | Waiting for up to 1000 message(s).
2026-05-31 17:49:29 | INFO | C03 | Press CTRL+C to stop early.

2026-05-31 17:49:32 | INFO | C03 | {'action_type': 'Jump Ball', 'distance_ft': '0.0', 'game_id': '0042500317', 'is_made': 'False', 'play_id': 'P0004', 'player_id': 'PL_1631096', 'quarter': '1', 'shot_type': '2PT', 'time_remaining': 'PT12M00.00S', 'timestamp': '2026-06-01T03:43:24Z', '_kafka_key': '0042500317', '_kafka_partition': 0, '_kafka_offset': 0}
2026-05-31 17:49:32 | INFO | C03 | Skipping non-shot event: play_id=P0004, action_type=Jump Ball
2026-05-31 17:49:32 | WARNING | C03 | MESSAGE REJECTED
2026-05-31 17:49:32 | WARNING | C03 | play=P0004
2026-05-31 17:49:32 | WARNING | C03 | skipped=1
2026-05-31 17:49:32 | INFO | C03 | {'action_type': 'Made Shot', 'distance_ft': '12.0', 'game_id': '0042500317', 'is_made': 'True', 'play_id': 'P0007', 'player_id': 'PL_1641705', 'quarter': '1', 'shot_type': '2PT', 'time_remaining': 'PT11M39.00S', 'timestamp': '2026-06-01T03:43:29Z', '_kafka_key': '0042500317', '_kafka_partition': 0, '_kafka_offset': 1}
2026-05-31 17:49:32 | INFO | C03 | shot_quality=Paint
2026-05-31 17:49:32 | INFO | C03 | clutch_shot=False
2026-05-31 17:49:32 | INFO | C03 | points_scored=2
2026-05-31 17:49:32 | INFO | C03 | running_total_pts=2
2026-05-31 17:49:32 | INFO | C03 | MESSAGE ACCEPTED
2026-05-31 17:49:32 | INFO | C03 | play=P0007
2026-05-31 17:49:32 | INFO | C03 | points=2
2026-05-31 17:49:32 | INFO | C03 | consumed=1
2026-05-31 17:49:32 | INFO | C03 | RUNNING STATS
2026-05-31 17:49:32 | INFO | C03 | total_pts=2
2026-05-31 17:49:32 | INFO | C03 | average_pts=2.00
2026-05-31 17:49:32 | INFO | C03 | min_pts=2.00
2026-05-31 17:49:32 | INFO | C03 | max_pts=2.00
2026-05-31 17:49:32 | INFO | C03 | {'action_type': 'Turnover', 'distance_ft': '0.0', 'game_id': '0042500317', 'is_made': 'False', 'play_id': 'P0008', 'player_id': 'PL_1631096', 'quarter': '1', 'shot_type': '2PT', 'time_remaining': 'PT11M21.00S', 'timestamp': '2026-06-01T03:43:34Z', '_kafka_key': '0042500317', '_kafka_partition': 0, '_kafka_offset': 2}
2026-05-31 17:49:32 | INFO | C03 | Skipping non-shot event: play_id=P0008, action_type=Turnover
2026-05-31 17:49:32 | WARNING | C03 | MESSAGE REJECTED
2026-05-31 17:49:32 | WARNING | C03 | play=P0008
2026-05-31 17:49:32 | WARNING | C03 | skipped=2
2026-05-31 17:49:32 | INFO | C03 | {'action_type': 'Unknown', 'distance_ft': '0.0', 'game_id': '0042500317', 'is_made': 'False', 'play_id': 'P0008', 'player_id': 'PL_1630170', 'quarter': '1', 'shot_type': '2PT', 'time_remaining': 'PT11M21.00S', 'timestamp': '2026-06-01T03:43:39Z', '_kafka_key': '0042500317', '_kafka_partition': 0, '_kafka_offset': 3}
2026-05-31 17:49:32 | INFO | C03 | Skipping non-shot event: play_id=P0008, action_type=Unknown
2026-05-31 17:49:32 | WARNING | C03 | MESSAGE REJECTED
2026-05-31 17:49:32 | WARNING | C03 | play=P0008
2026-05-31 17:49:32 | WARNING | C03 | skipped=3
2026-05-31 17:49:32 | INFO | C03 | {'action_type': 'Foul', 'distance_ft': '0.0', 'game_id': '0042500317', 'is_made': 'False', 'play_id': 'P0010', 'player_id': 'PL_1629652', 'quarter': '1', 'shot_type': '2PT', 'time_remaining': 'PT11M17.00S', 'timestamp': '2026-06-01T03:43:44Z', '_kafka_key': '0042500317', '_kafka_partition': 0, '_kafka_offset': 4}
2026-05-31 17:49:32 | INFO | C03 | Skipping non-shot event: play_id=P0010, action_type=Foul
2026-05-31 17:49:32 | WARNING | C03 | MESSAGE REJECTED
2026-05-31 17:49:32 | WARNING | C03 | play=P0010
2026-05-31 17:49:32 | WARNING | C03 | skipped=4
2026-05-31 17:49:32 | INFO | C03 | {'action_type': 'Made Shot', 'distance_ft': '14.0', 'game_id': '0042500317', 'is_made': 'True', 'play_id': 'P0013', 'player_id': 'PL_1630170', 'quarter': '1', 'shot_type': '2PT', 'time_remaining': 'PT10M59.00S', 'timestamp': '2026-06-01T03:43:49Z', '_kafka_key': '0042500317', '_kafka_partition': 0, '_kafka_offset': 5}
2026-05-31 17:49:32 | INFO | C03 | shot_quality=Paint
2026-05-31 17:49:32 | INFO | C03 | clutch_shot=False
2026-05-31 17:49:32 | INFO | C03 | points_scored=2
2026-05-31 17:49:32 | INFO | C03 | running_total_pts=4
2026-05-31 17:49:32 | INFO | C03 | MESSAGE ACCEPTED
2026-05-31 17:49:32 | INFO | C03 | play=P0013
2026-05-31 17:49:32 | INFO | C03 | points=2
2026-05-31 17:49:32 | INFO | C03 | consumed=2
2026-05-31 17:49:32 | INFO | C03 | RUNNING STATS
2026-05-31 17:49:32 | INFO | C03 | total_pts=4
2026-05-31 17:49:32 | INFO | C03 | average_pts=2.00
2026-05-31 17:49:32 | INFO | C03 | min_pts=2.00
2026-05-31 17:49:32 | INFO | C03 | max_pts=2.00
2026-05-31 17:49:32 | INFO | C03 | {'action_type': 'Made Shot', 'distance_ft': '12.0', 'game_id': '0042500317', 'is_made': 'True', 'play_id': 'P0014', 'player_id': 'PL_1631096', 'quarter': '1', 'shot_type': '2PT', 'time_remaining': 'PT10M41.00S', 'timestamp': '2026-06-01T03:43:54Z', '_kafka_key': '0042500317', '_kafka_partition': 0, '_kafka_offset': 6}
2026-05-31 17:49:32 | INFO | C03 | shot_quality=Paint
2026-05-31 17:49:32 | INFO | C03 | clutch_shot=False
2026-05-31 17:49:32 | INFO | C03 | points_scored=2
2026-05-31 17:49:32 | INFO | C03 | running_total_pts=6
2026-05-31 17:49:32 | INFO | C03 | MESSAGE ACCEPTED
2026-05-31 17:49:32 | INFO | C03 | play=P0014
2026-05-31 17:49:32 | INFO | C03 | points=2
2026-05-31 17:49:32 | INFO | C03 | consumed=3
2026-05-31 17:49:32 | INFO | C03 | RUNNING STATS
2026-05-31 17:49:32 | INFO | C03 | total_pts=6
2026-05-31 17:49:32 | INFO | C03 | average_pts=2.00
2026-05-31 17:49:32 | INFO | C03 | min_pts=2.00
2026-05-31 17:49:32 | INFO | C03 | max_pts=2.00
2026-05-31 17:49:32 | INFO | C03 | {'action_type': 'Made Shot', 'distance_ft': '1.0', 'game_id': '0042500317', 'is_made': 'True', 'play_id': 'P0016', 'player_id': 'PL_1642264', 'quarter': '1', 'shot_type': '2PT', 'time_remaining': 'PT10M33.00S', 'timestamp': '2026-06-01T03:43:59Z', '_kafka_key': '0042500317', '_kafka_partition': 0, '_kafka_offset': 7}
2026-05-31 17:49:32 | INFO | C03 | shot_quality=Restricted Area
2026-05-31 17:49:32 | INFO | C03 | clutch_shot=False
2026-05-31 17:49:32 | INFO | C03 | points_scored=2
2026-05-31 17:49:32 | INFO | C03 | running_total_pts=8
2026-05-31 17:49:32 | INFO | C03 | MESSAGE ACCEPTED
2026-05-31 17:49:32 | INFO | C03 | play=P0016
2026-05-31 17:49:32 | INFO | C03 | points=2
2026-05-31 17:49:32 | INFO | C03 | consumed=4
2026-05-31 17:49:32 | INFO | C03 | RUNNING STATS
2026-05-31 17:49:32 | INFO | C03 | total_pts=8
2026-05-31 17:49:32 | INFO | C03 | average_pts=2.00
2026-05-31 17:49:32 | INFO | C03 | min_pts=2.00
2026-05-31 17:49:32 | INFO | C03 | max_pts=2.00
2026-05-31 17:49:32 | INFO | C03 | {'action_type': 'Made Shot', 'distance_ft': '19.0', 'game_id': '0042500317', 'is_made': 'True', 'play_id': 'P0018', 'player_id': 'PL_1628983', 'quarter': '1', 'shot_type': '2PT', 'time_remaining': 'PT10M12.00S', 'timestamp': '2026-06-01T03:44:04Z', '_kafka_key': '0042500317', '_kafka_partition': 0, '_kafka_offset': 8}
2026-05-31 17:49:32 | INFO | C03 | shot_quality=Mid-Range
2026-05-31 17:49:32 | INFO | C03 | clutch_shot=False
2026-05-31 17:49:32 | INFO | C03 | points_scored=2
2026-05-31 17:49:32 | INFO | C03 | running_total_pts=10
2026-05-31 17:49:32 | INFO | C03 | MESSAGE ACCEPTED
2026-05-31 17:49:32 | INFO | C03 | play=P0018
2026-05-31 17:49:32 | INFO | C03 | points=2
2026-05-31 17:49:32 | INFO | C03 | consumed=5
2026-05-31 17:49:32 | INFO | C03 | RUNNING STATS
2026-05-31 17:49:32 | INFO | C03 | total_pts=10
2026-05-31 17:49:32 | INFO | C03 | average_pts=2.00
2026-05-31 17:49:32 | INFO | C03 | min_pts=2.00
2026-05-31 17:49:32 | INFO | C03 | max_pts=2.00
2026-05-31 17:49:32 | INFO | C03 | {'action_type': 'Made Shot', 'distance_ft': '1.0', 'game_id': '0042500317', 'is_made': 'True', 'play_id': 'P0019', 'player_id': 'PL_1642264', 'quarter': '1', 'shot_type': '2PT', 'time_remaining': 'PT09M55.00S', 'timestamp': '2026-06-01T03:44:09Z', '_kafka_key': '0042500317', '_kafka_partition': 0, '_kafka_offset': 9}
2026-05-31 17:49:32 | INFO | C03 | shot_quality=Restricted Area
2026-05-31 17:49:32 | INFO | C03 | clutch_shot=False
2026-05-31 17:49:32 | INFO | C03 | points_scored=2
2026-05-31 17:49:32 | INFO | C03 | running_total_pts=12
2026-05-31 17:49:32 | INFO | C03 | MESSAGE ACCEPTED
2026-05-31 17:49:32 | INFO | C03 | play=P0019
2026-05-31 17:49:32 | INFO | C03 | points=2
2026-05-31 17:49:32 | INFO | C03 | consumed=6
2026-05-31 17:49:32 | INFO | C03 | RUNNING STATS
2026-05-31 17:49:32 | INFO | C03 | total_pts=12
2026-05-31 17:49:32 | INFO | C03 | average_pts=2.00
2026-05-31 17:49:32 | INFO | C03 | min_pts=2.00
2026-05-31 17:49:32 | INFO | C03 | max_pts=2.00
2026-05-31 17:49:32 | INFO | C03 | {'action_type': 'Missed Shot', 'distance_ft': '8.0', 'game_id': '0042500317', 'is_made': 'False', 'play_id': 'P0021', 'player_id': 'PL_1631096', 'quarter': '1', 'shot_type': '2PT', 'time_remaining': 'PT09M39.00S', 'timestamp': '2026-06-01T03:44:14Z', '_kafka_key': '0042500317', '_kafka_partition': 0, '_kafka_offset': 10}
2026-05-31 17:49:32 | INFO | C03 | shot_quality=Paint
2026-05-31 17:49:32 | INFO | C03 | clutch_shot=False
2026-05-31 17:49:32 | INFO | C03 | points_scored=0
2026-05-31 17:49:32 | INFO | C03 | running_total_pts=12
2026-05-31 17:49:32 | INFO | C03 | MESSAGE ACCEPTED
2026-05-31 17:49:32 | INFO | C03 | play=P0021
2026-05-31 17:49:32 | INFO | C03 | points=0
2026-05-31 17:49:32 | INFO | C03 | consumed=7
2026-05-31 17:49:32 | INFO | C03 | RUNNING STATS
2026-05-31 17:49:32 | INFO | C03 | total_pts=12
2026-05-31 17:49:32 | INFO | C03 | average_pts=1.71
2026-05-31 17:49:32 | INFO | C03 | min_pts=0.00
2026-05-31 17:49:32 | INFO | C03 | max_pts=2.00
2026-05-31 17:49:32 | INFO | C03 | {'action_type': 'Rebound', 'distance_ft': '0.0', 'game_id': '0042500317', 'is_made': 'False', 'play_id': 'P0022', 'player_id': 'PL_1641717', 'quarter': '1', 'shot_type': '2PT', 'time_remaining': 'PT09M36.00S', 'timestamp': '2026-06-01T03:44:19Z', '_kafka_key': '0042500317', '_kafka_partition': 0, '_kafka_offset': 11}
2026-05-31 17:49:32 | INFO | C03 | Skipping non-shot event: play_id=P0022, action_type=Rebound
2026-05-31 17:49:32 | WARNING | C03 | MESSAGE REJECTED
2026-05-31 17:49:32 | WARNING | C03 | play=P0022
2026-05-31 17:49:32 | WARNING | C03 | skipped=5
2026-05-31 17:49:32 | INFO | C03 | {'action_type': 'Missed Shot', 'distance_ft': '25.0', 'game_id': '0042500317', 'is_made': 'False', 'play_id': 'P0023', 'player_id': 'PL_1629652', 'quarter': '1', 'shot_type': '3PT', 'time_remaining': 'PT09M30.00S', 'timestamp': '2026-06-01T03:44:24Z', '_kafka_key': '0042500317', '_kafka_partition': 0, '_kafka_offset': 12}
2026-05-31 17:49:32 | INFO | C03 | shot_quality=NBA Deep 3
2026-05-31 17:49:32 | INFO | C03 | clutch_shot=False
2026-05-31 17:49:32 | INFO | C03 | points_scored=0
2026-05-31 17:49:32 | INFO | C03 | running_total_pts=12
2026-05-31 17:49:32 | INFO | C03 | MESSAGE ACCEPTED
2026-05-31 17:49:32 | INFO | C03 | play=P0023
2026-05-31 17:49:32 | INFO | C03 | points=0
2026-05-31 17:49:32 | INFO | C03 | consumed=8
2026-05-31 17:49:32 | INFO | C03 | RUNNING STATS
2026-05-31 17:49:32 | INFO | C03 | total_pts=12
2026-05-31 17:49:32 | INFO | C03 | average_pts=1.50
2026-05-31 17:49:32 | INFO | C03 | min_pts=0.00
2026-05-31 17:49:32 | INFO | C03 | max_pts=2.00
2026-05-31 17:49:32 | INFO | C03 | {'action_type': 'Rebound', 'distance_ft': '0.0', 'game_id': '0042500317', 'is_made': 'False', 'play_id': 'P0024', 'player_id': 'PL_1610612759', 'quarter': '1', 'shot_type': '2PT', 'time_remaining': 'PT09M29.00S', 'timestamp': '2026-06-01T03:44:29Z', '_kafka_key': '0042500317', '_kafka_partition': 0, '_kafka_offset': 13}
2026-05-31 17:49:32 | INFO | C03 | Skipping non-shot event: play_id=P0024, action_type=Rebound
2026-05-31 17:49:32 | WARNING | C03 | MESSAGE REJECTED
2026-05-31 17:49:32 | WARNING | C03 | play=P0024
2026-05-31 17:49:32 | WARNING | C03 | skipped=6
2026-05-31 17:49:32 | INFO | C03 | {'action_type': 'Made Shot', 'distance_ft': '2.0', 'game_id': '0042500317', 'is_made': 'True', 'play_id': 'P0026', 'player_id': 'PL_1641705', 'quarter': '1', 'shot_type': '2PT', 'time_remaining': 'PT09M11.00S', 'timestamp': '2026-06-01T03:44:34Z', '_kafka_key': '0042500317', '_kafka_partition': 0, '_kafka_offset': 14}
2026-05-31 17:49:32 | INFO | C03 | shot_quality=Restricted Area
2026-05-31 17:49:32 | INFO | C03 | clutch_shot=False
2026-05-31 17:49:32 | INFO | C03 | points_scored=2
2026-05-31 17:49:32 | INFO | C03 | running_total_pts=14
2026-05-31 17:49:32 | INFO | C03 | MESSAGE ACCEPTED
2026-05-31 17:49:32 | INFO | C03 | play=P0026
2026-05-31 17:49:32 | INFO | C03 | points=2
2026-05-31 17:49:32 | INFO | C03 | consumed=9
2026-05-31 17:49:32 | INFO | C03 | RUNNING STATS
2026-05-31 17:49:32 | INFO | C03 | total_pts=14
2026-05-31 17:49:32 | INFO | C03 | average_pts=1.56
2026-05-31 17:49:32 | INFO | C03 | min_pts=0.00
2026-05-31 17:49:32 | INFO | C03 | max_pts=2.00
2026-05-31 17:49:32 | INFO | C03 | {'action_type': 'Missed Shot', 'distance_ft': '26.0', 'game_id': '0042500317', 'is_made': 'False', 'play_id': 'P0028', 'player_id': 'PL_1629652', 'quarter': '1', 'shot_type': '3PT', 'time_remaining': 'PT08M52.00S', 'timestamp': '2026-06-01T03:44:39Z', '_kafka_key': '0042500317', '_kafka_partition': 0, '_kafka_offset': 15}
2026-05-31 17:49:32 | INFO | C03 | shot_quality=NBA Deep 3
2026-05-31 17:49:32 | INFO | C03 | clutch_shot=False
2026-05-31 17:49:32 | INFO | C03 | points_scored=0
2026-05-31 17:49:32 | INFO | C03 | running_total_pts=14
2026-05-31 17:49:32 | INFO | C03 | MESSAGE ACCEPTED
2026-05-31 17:49:32 | INFO | C03 | play=P0028
2026-05-31 17:49:32 | INFO | C03 | points=0
2026-05-31 17:49:32 | INFO | C03 | consumed=10
2026-05-31 17:49:32 | INFO | C03 | RUNNING STATS
2026-05-31 17:49:32 | INFO | C03 | total_pts=14
2026-05-31 17:49:32 | INFO | C03 | average_pts=1.40
2026-05-31 17:49:32 | INFO | C03 | min_pts=0.00
2026-05-31 17:49:32 | INFO | C03 | max_pts=2.00
2026-05-31 17:49:32 | INFO | C03 | {'action_type': 'Rebound', 'distance_ft': '0.0', 'game_id': '0042500317', 'is_made': 'False', 'play_id': 'P0029', 'player_id': 'PL_1641705', 'quarter': '1', 'shot_type': '2PT', 'time_remaining': 'PT08M48.00S', 'timestamp': '2026-06-01T03:44:44Z', '_kafka_key': '0042500317', '_kafka_partition': 0, '_kafka_offset': 16}
2026-05-31 17:49:32 | INFO | C03 | Skipping non-shot event: play_id=P0029, action_type=Rebound
2026-05-31 17:49:32 | WARNING | C03 | MESSAGE REJECTED
2026-05-31 17:49:32 | WARNING | C03 | play=P0029
2026-05-31 17:49:32 | WARNING | C03 | skipped=7
2026-05-31 17:49:32 | INFO | C03 | {'action_type': 'Missed Shot', 'distance_ft': '0.0', 'game_id': '0042500317', 'is_made': 'False', 'play_id': 'P0030', 'player_id': 'PL_1630170', 'quarter': '1', 'shot_type': '3PT', 'time_remaining': 'PT08M42.00S', 'timestamp': '2026-06-01T03:44:49Z', '_kafka_key': '0042500317', '_kafka_partition': 0, '_kafka_offset': 17}
2026-05-31 17:49:32 | INFO | C03 | shot_quality=Restricted Area
2026-05-31 17:49:32 | INFO | C03 | clutch_shot=False
2026-05-31 17:49:32 | INFO | C03 | points_scored=0
2026-05-31 17:49:32 | INFO | C03 | running_total_pts=14
2026-05-31 17:49:32 | INFO | C03 | MESSAGE ACCEPTED
2026-05-31 17:49:32 | INFO | C03 | play=P0030
2026-05-31 17:49:32 | INFO | C03 | points=0
2026-05-31 17:49:32 | INFO | C03 | consumed=11
2026-05-31 17:49:32 | INFO | C03 | RUNNING STATS
2026-05-31 17:49:32 | INFO | C03 | total_pts=14
2026-05-31 17:49:32 | INFO | C03 | average_pts=1.27
2026-05-31 17:49:32 | INFO | C03 | min_pts=0.00
2026-05-31 17:49:32 | INFO | C03 | max_pts=2.00
2026-05-31 17:49:32 | INFO | C03 | {'action_type': 'Rebound', 'distance_ft': '0.0', 'game_id': '0042500317', 'is_made': 'False', 'play_id': 'P0032', 'player_id': 'PL_1628983', 'quarter': '1', 'shot_type': '2PT', 'time_remaining': 'PT08M38.00S', 'timestamp': '2026-06-01T03:44:54Z', '_kafka_key': '0042500317', '_kafka_partition': 0, '_kafka_offset': 18}
2026-05-31 17:49:32 | INFO | C03 | Skipping non-shot event: play_id=P0032, action_type=Rebound
2026-05-31 17:49:32 | WARNING | C03 | MESSAGE REJECTED
2026-05-31 17:49:32 | WARNING | C03 | play=P0032
2026-05-31 17:49:32 | WARNING | C03 | skipped=8
2026-05-31 17:49:32 | INFO | C03 | {'action_type': 'Turnover', 'distance_ft': '0.0', 'game_id': '0042500317', 'is_made': 'False', 'play_id': 'P0033', 'player_id': 'PL_1628392', 'quarter': '1', 'shot_type': '2PT', 'time_remaining': 'PT08M26.00S', 'timestamp': '2026-06-01T03:44:59Z', '_kafka_key': '0042500317', '_kafka_partition': 0, '_kafka_offset': 19}
2026-05-31 17:49:32 | INFO | C03 | Skipping non-shot event: play_id=P0033, action_type=Turnover
2026-05-31 17:49:32 | WARNING | C03 | MESSAGE REJECTED
2026-05-31 17:49:32 | WARNING | C03 | play=P0033
2026-05-31 17:49:32 | WARNING | C03 | skipped=9
2026-05-31 17:49:42 | INFO | C03 | No message received within 10.0s timeout.
2026-05-31 17:49:42 | INFO | C03 | Producer finished or paused. Stopping consumer.
2026-05-31 17:49:42 | INFO | C03 | Kafka consumer closed.
2026-05-31 17:49:42 | INFO | C03 | ========================
2026-05-31 17:49:42 | INFO | C03 | SECTION E. Exit
2026-05-31 17:49:42 | INFO | C03 | ========================
2026-05-31 17:49:42 | INFO | C03 | Summary:
2026-05-31 17:49:42 | INFO | C03 | Consumed 11 message(s) from topic 'streaming-03-analytics-nba-pbp'.
2026-05-31 17:49:42 | INFO | C03 | Skipped  9 message(s).
2026-05-31 17:49:42 | INFO | C03 | OUTPUT_CSV = data\output\consumed_events.csv
2026-05-31 17:49:42 | INFO | C03 |   Total points:  14
2026-05-31 17:49:42 | INFO | C03 |   Average pts: 1.27
2026-05-31 17:49:42 | INFO | C03 |   Minimum pts: 0.00
2026-05-31 17:49:42 | INFO | C03 |   Maximum pts: 2.00
2026-05-31 17:49:42 | INFO | C03 | ========================
2026-05-31 17:49:42 | INFO | C03 | Consumer executed successfully!
2026-05-31 17:49:42 | INFO | C03 | ========================
2026-05-31 17:55:00 | DEBUG | P03 | KAFKA_BOOTSTRAP_SERVERS           = localhost:9092
2026-05-31 17:55:00 | DEBUG | P03 | KAFKA_BROKER_ADDRESS_FAMILY       = v6
2026-05-31 17:55:00 | DEBUG | P03 | KAFKA_TOPIC                       = streaming-03-analytics-nba-pbp
2026-05-31 17:55:00 | DEBUG | P03 | KAFKA_CLEAR_TOPIC_ON_START        = true
2026-05-31 17:55:00 | DEBUG | P03 | PRODUCER_MESSAGE_COUNT            = 1000
2026-05-31 17:55:00 | DEBUG | P03 | PRODUCER_MESSAGE_INTERVAL_SECONDS = 0.5
2026-05-31 17:55:00 | DEBUG | P03 | PRODUCER_MAX_MESSAGES             = 50
2026-05-31 17:55:00 | DEBUG | P03 | PRODUCER_POLL_INTERVAL_SECONDS    = 15
2026-05-31 17:55:00 | DEBUG | P03 | KAFKA_GROUP_ID                    = streaming-consumer-group-A
2026-05-31 17:55:00 | DEBUG | P03 | KAFKA_AUTO_OFFSET_RESET           = earliest
2026-05-31 17:55:00 | DEBUG | P03 | CONSUMER_TIMEOUT_SECONDS          = 10
2026-05-31 17:55:00 | DEBUG | P03 | CONSUMER_MAX_MESSAGES             = 1000
2026-05-31 17:55:00 | INFO | P03 | === RUN START ===
2026-05-31 17:55:00 | INFO | P03 | project=P03
2026-05-31 17:55:00 | INFO | P03 | repo_dir=streaming-03-analytics
2026-05-31 17:55:00 | INFO | P03 | python=3.14.5
2026-05-31 17:55:00 | INFO | P03 | os=Windows 11
2026-05-31 17:55:00 | INFO | P03 | shell=powershell
2026-05-31 17:55:00 | INFO | P03 | cwd=.
2026-05-31 17:55:00 | INFO | P03 | github_actions=False
2026-05-31 17:55:00 | INFO | P03 | ========================
2026-05-31 17:55:00 | INFO | P03 | START producer main()
2026-05-31 17:55:00 | INFO | P03 | ========================
2026-05-31 17:55:00 | INFO | P03 | ROOT_DIR = .
2026-05-31 17:55:01 | INFO | P03 | DATA_DIR = data
2026-05-31 17:55:01 | INFO | P03 | EVENTS_CSV = data\events.csv
2026-05-31 17:55:01 | INFO | P03 | PLAYERS_CSV = data\players.csv
2026-05-31 17:55:01 | INFO | P03 | REJECTED_EVENTS_CSV = data\output\producer_rejected_events.csv
2026-05-31 17:55:01 | INFO | P03 | ========================
2026-05-31 17:55:01 | INFO | P03 | SECTION A. Acquire
2026-05-31 17:55:01 | INFO | P03 | ========================
2026-05-31 17:55:01 | INFO | P03 | Loading settings from .env...
2026-05-31 17:55:01 | INFO | P03 | KAFKA_BOOTSTRAP_SERVERS           = localhost:9092
2026-05-31 17:55:01 | INFO | P03 | KAFKA_TOPIC                       = streaming-03-analytics-nba-pbp
2026-05-31 17:55:01 | INFO | P03 | PRODUCER_MESSAGE_COUNT            = 1000
2026-05-31 17:55:01 | INFO | P03 | PRODUCER_MESSAGE_INTERVAL_SECONDS = 0.5
2026-05-31 17:55:01 | INFO | P03 | KAFKA_CLEAR_TOPIC_ON_START        = True
2026-05-31 17:55:01 | INFO | P03 | Verifying Kafka connection...
2026-05-31 17:55:01 | INFO | P03 | Kafka port is reachable.
2026-05-31 17:55:03 | INFO | P03 | Loading validation reference data...
2026-05-31 17:55:03 | INFO | P03 | Found 25 valid players.
2026-05-31 17:55:03 | INFO | P03 | ========================
2026-05-31 17:55:03 | INFO | P03 | SECTION P. Produce Messages
2026-05-31 17:55:03 | INFO | P03 | ========================
2026-05-31 17:55:03 | INFO | P03 | Initializing output...
2026-05-31 17:55:03 | INFO | P03 | Output directory ready: output
2026-05-31 17:55:03 | INFO | P03 | Sending messages...
2026-05-31 17:55:03 | INFO | P03 | Sending up to 1000 message(s) to topic 'streaming-03-analytics-nba-pbp'.
2026-05-31 17:55:03 | INFO | P03 | Watch each event arrive. Press CTRL+C to stop early.

2026-05-31 17:55:03 | INFO | P03 | {
  play_id: P0004
  game_id: 0042500317
  timestamp: 2026-06-01T03:43:24Z
  player_id: PL_1631096
  action_type: Jump Ball
  shot_type: 2PT
  distance_ft: 0.0
  is_made: False
  quarter: 1
  time_remaining: PT12M00.00S
}
2026-05-31 17:55:03 | INFO | P03 |   Sending message with key=0042500317
2026-05-31 17:55:03 | INFO | P03 |   MESSAGE SENT  sent=1
2026-05-31 17:55:03 | INFO | P03 | {
  play_id: P0007
  game_id: 0042500317
  timestamp: 2026-06-01T03:43:29Z
  player_id: PL_1641705
  action_type: Made Shot
  shot_type: 2PT
  distance_ft: 12.0
  is_made: True
  quarter: 1
  time_remaining: PT11M39.00S
}
2026-05-31 17:55:03 | INFO | P03 |   Sending message with key=0042500317
2026-05-31 17:55:04 | INFO | P03 |   MESSAGE SENT  sent=2
2026-05-31 17:55:04 | INFO | P03 | {
  play_id: P0008
  game_id: 0042500317
  timestamp: 2026-06-01T03:43:34Z
  player_id: PL_1631096
  action_type: Turnover
  shot_type: 2PT
  distance_ft: 0.0
  is_made: False
  quarter: 1
  time_remaining: PT11M21.00S
}
2026-05-31 17:55:04 | INFO | P03 |   Sending message with key=0042500317
2026-05-31 17:55:04 | INFO | P03 |   MESSAGE SENT  sent=3
2026-05-31 17:55:05 | INFO | P03 | {
  play_id: P0008
  game_id: 0042500317
  timestamp: 2026-06-01T03:43:39Z
  player_id: PL_1630170
  action_type: Unknown
  shot_type: 2PT
  distance_ft: 0.0
  is_made: False
  quarter: 1
  time_remaining: PT11M21.00S
}
2026-05-31 17:55:05 | INFO | P03 |   Sending message with key=0042500317
2026-05-31 17:55:05 | INFO | P03 |   MESSAGE SENT  sent=4
2026-05-31 17:55:05 | INFO | P03 | {
  play_id: P0010
  game_id: 0042500317
  timestamp: 2026-06-01T03:43:44Z
  player_id: PL_1629652
  action_type: Foul
  shot_type: 2PT
  distance_ft: 0.0
  is_made: False
  quarter: 1
  time_remaining: PT11M17.00S
}
2026-05-31 17:55:05 | INFO | P03 |   Sending message with key=0042500317
2026-05-31 17:55:05 | INFO | P03 |   MESSAGE SENT  sent=5
2026-05-31 17:55:06 | INFO | P03 | {
  play_id: P0013
  game_id: 0042500317
  timestamp: 2026-06-01T03:43:49Z
  player_id: PL_1630170
  action_type: Made Shot
  shot_type: 2PT
  distance_ft: 14.0
  is_made: True
  quarter: 1
  time_remaining: PT10M59.00S
}
2026-05-31 17:55:06 | INFO | P03 |   Sending message with key=0042500317
2026-05-31 17:55:06 | INFO | P03 |   MESSAGE SENT  sent=6
2026-05-31 17:55:06 | INFO | P03 | {
  play_id: P0014
  game_id: 0042500317
  timestamp: 2026-06-01T03:43:54Z
  player_id: PL_1631096
  action_type: Made Shot
  shot_type: 2PT
  distance_ft: 12.0
  is_made: True
  quarter: 1
  time_remaining: PT10M41.00S
}
2026-05-31 17:55:06 | INFO | P03 |   Sending message with key=0042500317
2026-05-31 17:55:06 | INFO | P03 |   MESSAGE SENT  sent=7
2026-05-31 17:55:07 | INFO | P03 | {
  play_id: P0016
  game_id: 0042500317
  timestamp: 2026-06-01T03:43:59Z
  player_id: PL_1642264
  action_type: Made Shot
  shot_type: 2PT
  distance_ft: 1.0
  is_made: True
  quarter: 1
  time_remaining: PT10M33.00S
}
2026-05-31 17:55:07 | INFO | P03 |   Sending message with key=0042500317
2026-05-31 17:55:07 | INFO | P03 |   MESSAGE SENT  sent=8
2026-05-31 17:55:07 | INFO | P03 | {
  play_id: P0018
  game_id: 0042500317
  timestamp: 2026-06-01T03:44:04Z
  player_id: PL_1628983
  action_type: Made Shot
  shot_type: 2PT
  distance_ft: 19.0
  is_made: True
  quarter: 1
  time_remaining: PT10M12.00S
}
2026-05-31 17:55:07 | INFO | P03 |   Sending message with key=0042500317
2026-05-31 17:55:07 | INFO | P03 |   MESSAGE SENT  sent=9
2026-05-31 17:55:08 | INFO | P03 | {
  play_id: P0019
  game_id: 0042500317
  timestamp: 2026-06-01T03:44:09Z
  player_id: PL_1642264
  action_type: Made Shot
  shot_type: 2PT
  distance_ft: 1.0
  is_made: True
  quarter: 1
  time_remaining: PT09M55.00S
}
2026-05-31 17:55:08 | INFO | P03 |   Sending message with key=0042500317
2026-05-31 17:55:08 | INFO | P03 |   MESSAGE SENT  sent=10
2026-05-31 17:55:08 | INFO | P03 | {
  play_id: P0021
  game_id: 0042500317
  timestamp: 2026-06-01T03:44:14Z
  player_id: PL_1631096
  action_type: Missed Shot
  shot_type: 2PT
  distance_ft: 8.0
  is_made: False
  quarter: 1
  time_remaining: PT09M39.00S
}
2026-05-31 17:55:08 | INFO | P03 |   Sending message with key=0042500317
2026-05-31 17:55:09 | INFO | P03 |   MESSAGE SENT  sent=11
2026-05-31 17:55:09 | INFO | P03 | {
  play_id: P0022
  game_id: 0042500317
  timestamp: 2026-06-01T03:44:19Z
  player_id: PL_1641717
  action_type: Rebound
  shot_type: 2PT
  distance_ft: 0.0
  is_made: False
  quarter: 1
  time_remaining: PT09M36.00S
}
2026-05-31 17:55:09 | INFO | P03 |   Sending message with key=0042500317
2026-05-31 17:55:09 | INFO | P03 |   MESSAGE SENT  sent=12
2026-05-31 17:55:10 | INFO | P03 | {
  play_id: P0023
  game_id: 0042500317
  timestamp: 2026-06-01T03:44:24Z
  player_id: PL_1629652
  action_type: Missed Shot
  shot_type: 3PT
  distance_ft: 25.0
  is_made: False
  quarter: 1
  time_remaining: PT09M30.00S
}
2026-05-31 17:55:10 | INFO | P03 |   Sending message with key=0042500317
2026-05-31 17:55:10 | INFO | P03 |   MESSAGE SENT  sent=13
2026-05-31 17:55:10 | INFO | P03 | {
  play_id: P0024
  game_id: 0042500317
  timestamp: 2026-06-01T03:44:29Z
  player_id: PL_1610612759
  action_type: Rebound
  shot_type: 2PT
  distance_ft: 0.0
  is_made: False
  quarter: 1
  time_remaining: PT09M29.00S
}
2026-05-31 17:55:10 | INFO | P03 |   Sending message with key=0042500317
2026-05-31 17:55:10 | INFO | P03 |   MESSAGE SENT  sent=14
2026-05-31 17:55:11 | INFO | P03 | {
  play_id: P0026
  game_id: 0042500317
  timestamp: 2026-06-01T03:44:34Z
  player_id: PL_1641705
  action_type: Made Shot
  shot_type: 2PT
  distance_ft: 2.0
  is_made: True
  quarter: 1
  time_remaining: PT09M11.00S
}
2026-05-31 17:55:11 | INFO | P03 |   Sending message with key=0042500317
2026-05-31 17:55:11 | INFO | P03 |   MESSAGE SENT  sent=15
2026-05-31 17:55:11 | INFO | P03 | {
  play_id: P0028
  game_id: 0042500317
  timestamp: 2026-06-01T03:44:39Z
  player_id: PL_1629652
  action_type: Missed Shot
  shot_type: 3PT
  distance_ft: 26.0
  is_made: False
  quarter: 1
  time_remaining: PT08M52.00S
}
2026-05-31 17:55:11 | INFO | P03 |   Sending message with key=0042500317
2026-05-31 17:55:11 | INFO | P03 |   MESSAGE SENT  sent=16
2026-05-31 17:55:12 | INFO | P03 | {
  play_id: P0029
  game_id: 0042500317
  timestamp: 2026-06-01T03:44:44Z
  player_id: PL_1641705
  action_type: Rebound
  shot_type: 2PT
  distance_ft: 0.0
  is_made: False
  quarter: 1
  time_remaining: PT08M48.00S
}
2026-05-31 17:55:12 | INFO | P03 |   Sending message with key=0042500317
2026-05-31 17:55:12 | INFO | P03 |   MESSAGE SENT  sent=17
2026-05-31 17:55:12 | INFO | P03 | {
  play_id: P0030
  game_id: 0042500317
  timestamp: 2026-06-01T03:44:49Z
  player_id: PL_1630170
  action_type: Missed Shot
  shot_type: 3PT
  distance_ft: 0.0
  is_made: False
  quarter: 1
  time_remaining: PT08M42.00S
}
2026-05-31 17:55:12 | INFO | P03 |   Sending message with key=0042500317
2026-05-31 17:55:12 | INFO | P03 |   MESSAGE SENT  sent=18
2026-05-31 17:55:13 | INFO | P03 | {
  play_id: P0032
  game_id: 0042500317
  timestamp: 2026-06-01T03:44:54Z
  player_id: PL_1628983
  action_type: Rebound
  shot_type: 2PT
  distance_ft: 0.0
  is_made: False
  quarter: 1
  time_remaining: PT08M38.00S
}
2026-05-31 17:55:13 | INFO | P03 |   Sending message with key=0042500317
2026-05-31 17:55:13 | INFO | P03 |   MESSAGE SENT  sent=19
2026-05-31 17:55:13 | INFO | P03 | {
  play_id: P0033
  game_id: 0042500317
  timestamp: 2026-06-01T03:44:59Z
  player_id: PL_1628392
  action_type: Turnover
  shot_type: 2PT
  distance_ft: 0.0
  is_made: False
  quarter: 1
  time_remaining: PT08M26.00S
}
2026-05-31 17:55:13 | INFO | P03 |   Sending message with key=0042500317
2026-05-31 17:55:14 | INFO | P03 |   MESSAGE SENT  sent=20
2026-05-31 17:55:14 | INFO | P03 | {
  play_id: P0033
  game_id: 0042500317
  timestamp: 2026-06-01T03:45:04Z
  player_id: PL_1641705
  action_type: Unknown
  shot_type: 2PT
  distance_ft: 0.0
  is_made: False
  quarter: 1
  time_remaining: PT08M26.00S
}
2026-05-31 17:55:14 | INFO | P03 |   Sending message with key=0042500317
2026-05-31 17:55:14 | INFO | P03 |   MESSAGE SENT  sent=21
2026-05-31 17:55:15 | INFO | P03 | {
  play_id: P0035
  game_id: 0042500317
  timestamp: 2026-06-01T03:45:09Z
  player_id: PL_1641717
  action_type: Foul
  shot_type: 2PT
  distance_ft: 0.0
  is_made: False
  quarter: 1
  time_remaining: PT08M21.00S
}
2026-05-31 17:55:15 | INFO | P03 |   Sending message with key=0042500317
2026-05-31 17:55:15 | INFO | P03 |   MESSAGE SENT  sent=22
2026-05-31 17:55:15 | DEBUG | C03 | KAFKA_BOOTSTRAP_SERVERS           = localhost:9092
2026-05-31 17:55:15 | DEBUG | C03 | KAFKA_BROKER_ADDRESS_FAMILY       = v6
2026-05-31 17:55:15 | DEBUG | C03 | KAFKA_TOPIC                       = streaming-03-analytics-nba-pbp
2026-05-31 17:55:15 | DEBUG | C03 | KAFKA_CLEAR_TOPIC_ON_START        = true
2026-05-31 17:55:15 | DEBUG | C03 | PRODUCER_MESSAGE_COUNT            = 1000
2026-05-31 17:55:15 | DEBUG | C03 | PRODUCER_MESSAGE_INTERVAL_SECONDS = 0.5
2026-05-31 17:55:15 | DEBUG | C03 | PRODUCER_MAX_MESSAGES             = 50
2026-05-31 17:55:15 | DEBUG | C03 | PRODUCER_POLL_INTERVAL_SECONDS    = 15
2026-05-31 17:55:15 | DEBUG | C03 | KAFKA_GROUP_ID                    = streaming-consumer-group-A
2026-05-31 17:55:15 | DEBUG | C03 | KAFKA_AUTO_OFFSET_RESET           = earliest
2026-05-31 17:55:15 | DEBUG | C03 | CONSUMER_TIMEOUT_SECONDS          = 10
2026-05-31 17:55:15 | DEBUG | C03 | CONSUMER_MAX_MESSAGES             = 1000
2026-05-31 17:55:15 | INFO | C03 | === RUN START ===
2026-05-31 17:55:15 | INFO | C03 | project=C03
2026-05-31 17:55:15 | INFO | C03 | repo_dir=streaming-03-analytics
2026-05-31 17:55:15 | INFO | C03 | python=3.14.5
2026-05-31 17:55:15 | INFO | P03 | {
  play_id: P0037
  game_id: 0042500317
  timestamp: 2026-06-01T03:45:14Z
  player_id: PL_1629652
  action_type: Substitution
  shot_type: 2PT
  distance_ft: 0.0
  is_made: False
  quarter: 1
  time_remaining: PT08M21.00S
}
2026-05-31 17:55:15 | INFO | P03 |   Sending message with key=0042500317
2026-05-31 17:55:15 | INFO | P03 |   MESSAGE SENT  sent=23
2026-05-31 17:55:15 | INFO | C03 | os=Windows 11
2026-05-31 17:55:15 | INFO | C03 | shell=powershell
2026-05-31 17:55:15 | INFO | C03 | cwd=.
2026-05-31 17:55:15 | INFO | C03 | github_actions=False
2026-05-31 17:55:15 | INFO | C03 | ========================
2026-05-31 17:55:15 | INFO | C03 | START consumer main()
2026-05-31 17:55:15 | INFO | C03 | ========================
2026-05-31 17:55:15 | INFO | C03 | ROOT_DIR = .
2026-05-31 17:55:15 | INFO | C03 | DATA_DIR = data
2026-05-31 17:55:15 | INFO | C03 | OUTPUT_CSV = data\output\consumed_events.csv
2026-05-31 17:55:15 | INFO | C03 | PLAYERS_CSV = data\players.csv
2026-05-31 17:55:15 | INFO | C03 | ========================
2026-05-31 17:55:15 | INFO | C03 | SECTION A. Acquire
2026-05-31 17:55:15 | INFO | C03 | ========================
2026-05-31 17:55:15 | INFO | C03 | Loading settings from .env...
2026-05-31 17:55:15 | INFO | C03 | KAFKA_BOOTSTRAP_SERVERS  = localhost:9092
2026-05-31 17:55:15 | INFO | C03 | KAFKA_TOPIC              = streaming-03-analytics-nba-pbp
2026-05-31 17:55:15 | INFO | C03 | KAFKA_GROUP_ID           = streaming-consumer-group-A
2026-05-31 17:55:15 | INFO | C03 | CONSUMER_TIMEOUT_SECONDS = 10.0
2026-05-31 17:55:15 | INFO | C03 | CONSUMER_MAX_MESSAGES    = 1000
2026-05-31 17:55:15 | INFO | C03 | Verifying Kafka connection...
2026-05-31 17:55:15 | INFO | C03 | Kafka port is reachable.
2026-05-31 17:55:15 | INFO | C03 | Verifying Kafka topic...
2026-05-31 17:55:16 | INFO | P03 | {
  play_id: P0039
  game_id: 0042500317
  timestamp: 2026-06-01T03:45:19Z
  player_id: PL_1642264
  action_type: Missed Shot
  shot_type: 2PT
  distance_ft: 13.0
  is_made: False
  quarter: 1
  time_remaining: PT08M12.00S
}
2026-05-31 17:55:16 | INFO | P03 |   Sending message with key=0042500317
2026-05-31 17:55:16 | INFO | P03 |   MESSAGE SENT  sent=24
2026-05-31 17:55:16 | INFO | P03 | {
  play_id: P0040
  game_id: 0042500317
  timestamp: 2026-06-01T03:45:24Z
  player_id: PL_1628392
  action_type: Rebound
  shot_type: 2PT
  distance_ft: 0.0
  is_made: False
  quarter: 1
  time_remaining: PT08M10.00S
}
2026-05-31 17:55:16 | INFO | P03 |   Sending message with key=0042500317
2026-05-31 17:55:16 | INFO | P03 |   MESSAGE SENT  sent=25
2026-05-31 17:55:17 | INFO | P03 | {
  play_id: P0041
  game_id: 0042500317
  timestamp: 2026-06-01T03:45:29Z
  player_id: PL_1628392
  action_type: Made Shot
  shot_type: 2PT
  distance_ft: 9.0
  is_made: True
  quarter: 1
  time_remaining: PT07M57.00S
}
2026-05-31 17:55:17 | INFO | P03 |   Sending message with key=0042500317
2026-05-31 17:55:17 | INFO | P03 |   MESSAGE SENT  sent=26
2026-05-31 17:55:17 | INFO | P03 | {
  play_id: P0043
  game_id: 0042500317
  timestamp: 2026-06-01T03:45:34Z
  player_id: PL_1628368
  action_type: Made Shot
  shot_type: 3PT
  distance_ft: 25.0
  is_made: True
  quarter: 1
  time_remaining: PT07M36.00S
}
2026-05-31 17:55:17 | INFO | P03 |   Sending message with key=0042500317
2026-05-31 17:55:17 | INFO | P03 |   MESSAGE SENT  sent=27
2026-05-31 17:55:18 | INFO | P03 | {
  play_id: P0045
  game_id: 0042500317
  timestamp: 2026-06-01T03:45:39Z
  player_id: PL_1628983
  action_type: Turnover
  shot_type: 2PT
  distance_ft: 0.0
  is_made: False
  quarter: 1
  time_remaining: PT07M21.00S
}
2026-05-31 17:55:18 | INFO | P03 |   Sending message with key=0042500317
2026-05-31 17:55:18 | INFO | P03 |   MESSAGE SENT  sent=28
2026-05-31 17:55:18 | INFO | P03 | {
  play_id: P0045
  game_id: 0042500317
  timestamp: 2026-06-01T03:45:44Z
  player_id: PL_1628368
  action_type: Unknown
  shot_type: 2PT
  distance_ft: 0.0
  is_made: False
  quarter: 1
  time_remaining: PT07M21.00S
}
2026-05-31 17:55:18 | INFO | P03 |   Sending message with key=0042500317
2026-05-31 17:55:18 | INFO | P03 |   MESSAGE SENT  sent=29
2026-05-31 17:55:19 | INFO | P03 | {
  play_id: P0047
  game_id: 0042500317
  timestamp: 2026-06-01T03:45:49Z
  player_id: PL_1630170
  action_type: Missed Shot
  shot_type: 3PT
  distance_ft: 26.0
  is_made: False
  quarter: 1
  time_remaining: PT07M14.00S
}
2026-05-31 17:55:19 | INFO | P03 |   Sending message with key=0042500317
2026-05-31 17:55:19 | INFO | P03 |   MESSAGE SENT  sent=30
2026-05-31 17:55:20 | INFO | P03 | {
  play_id: P0048
  game_id: 0042500317
  timestamp: 2026-06-01T03:45:54Z
  player_id: PL_1628392
  action_type: Rebound
  shot_type: 2PT
  distance_ft: 0.0
  is_made: False
  quarter: 1
  time_remaining: PT07M09.00S
}
2026-05-31 17:55:20 | INFO | P03 |   Sending message with key=0042500317
2026-05-31 17:55:20 | INFO | P03 |   MESSAGE SENT  sent=31
2026-05-31 17:55:20 | INFO | P03 | {
  play_id: P0049
  game_id: 0042500317
  timestamp: 2026-06-01T03:45:59Z
  player_id: PL_1628983
  action_type: Made Shot
  shot_type: 2PT
  distance_ft: 5.0
  is_made: True
  quarter: 1
  time_remaining: PT06M56.00S
}
2026-05-31 17:55:20 | INFO | P03 |   Sending message with key=0042500317
2026-05-31 17:55:20 | INFO | P03 |   MESSAGE SENT  sent=32
2026-05-31 17:55:21 | INFO | P03 | {
  play_id: P0050
  game_id: 0042500317
  timestamp: 2026-06-01T03:46:04Z
  player_id: PL_1630577
  action_type: Made Shot
  shot_type: 3PT
  distance_ft: 28.0
  is_made: True
  quarter: 1
  time_remaining: PT06M51.00S
}
2026-05-31 17:55:21 | INFO | P03 |   Sending message with key=0042500317
2026-05-31 17:55:21 | INFO | P03 |   MESSAGE SENT  sent=33
2026-05-31 17:55:21 | INFO | P03 | {
  play_id: P0052
  game_id: 0042500317
  timestamp: 2026-06-01T03:46:09Z
  player_id: PL_1627936
  action_type: Turnover
  shot_type: 2PT
  distance_ft: 0.0
  is_made: False
  quarter: 1
  time_remaining: PT06M38.00S
}
2026-05-31 17:55:21 | INFO | P03 |   Sending message with key=0042500317
2026-05-31 17:55:21 | INFO | P03 |   MESSAGE SENT  sent=34
2026-05-31 17:55:22 | INFO | P03 | {
  play_id: P0052
  game_id: 0042500317
  timestamp: 2026-06-01T03:46:14Z
  player_id: PL_1628368
  action_type: Unknown
  shot_type: 2PT
  distance_ft: 0.0
  is_made: False
  quarter: 1
  time_remaining: PT06M38.00S
}
2026-05-31 17:55:22 | INFO | P03 |   Sending message with key=0042500317
2026-05-31 17:55:22 | INFO | P03 |   MESSAGE SENT  sent=35
2026-05-31 17:55:22 | INFO | P03 | {
  play_id: P0054
  game_id: 0042500317
  timestamp: 2026-06-01T03:46:19Z
  player_id: PL_1630170
  action_type: Missed Shot
  shot_type: 2PT
  distance_ft: 2.0
  is_made: False
  quarter: 1
  time_remaining: PT06M34.00S
}
2026-05-31 17:55:22 | INFO | P03 |   Sending message with key=0042500317
2026-05-31 17:55:22 | INFO | P03 |   MESSAGE SENT  sent=36
2026-05-31 17:55:23 | INFO | P03 | {
  play_id: P0055
  game_id: 0042500317
  timestamp: 2026-06-01T03:46:24Z
  player_id: PL_1642264
  action_type: Rebound
  shot_type: 2PT
  distance_ft: 0.0
  is_made: False
  quarter: 1
  time_remaining: PT06M33.00S
}
2026-05-31 17:55:23 | INFO | P03 |   Sending message with key=0042500317
2026-05-31 17:55:23 | INFO | P03 |   MESSAGE SENT  sent=37
2026-05-31 17:55:23 | INFO | P03 | {
  play_id: P0056
  game_id: 0042500317
  timestamp: 2026-06-01T03:46:29Z
  player_id: PL_1642264
  action_type: Made Shot
  shot_type: 2PT
  distance_ft: 0.0
  is_made: True
  quarter: 1
  time_remaining: PT06M33.00S
}
2026-05-31 17:55:23 | INFO | P03 |   Sending message with key=0042500317
2026-05-31 17:55:23 | INFO | C03 | Topic 'streaming-03-analytics-nba-pbp' exists.
2026-05-31 17:55:24 | INFO | P03 |   MESSAGE SENT  sent=38
2026-05-31 17:55:24 | INFO | C03 | Found 38 message(s) available.
2026-05-31 17:55:24 | INFO | C03 | Creating Kafka consumer...
2026-05-31 17:55:24 | INFO | C03 | Subscribed to topic: 'streaming-03-analytics-nba-pbp' (reading from beginning)
2026-05-31 17:55:24 | INFO | C03 | ========================
2026-05-31 17:55:24 | INFO | C03 | SECTION C. Consume and Process Messages
2026-05-31 17:55:24 | INFO | C03 | ========================
2026-05-31 17:55:24 | INFO | C03 | Initializing output...
2026-05-31 17:55:24 | INFO | C03 | Output CSV cleared: consumed_events.csv
2026-05-31 17:55:24 | INFO | C03 | Loading enrichment reference data...
2026-05-31 17:55:24 | INFO | C03 | Loaded 25 players.
2026-05-31 17:55:24 | INFO | C03 | Consuming messages...
2026-05-31 17:55:24 | INFO | C03 | Waiting for up to 1000 message(s).
2026-05-31 17:55:24 | INFO | C03 | Press CTRL+C to stop early.

2026-05-31 17:55:24 | INFO | P03 | {
  play_id: P0057
  game_id: 0042500317
  timestamp: 2026-06-01T03:46:34Z
  player_id: PL_1610612760
  action_type: Timeout
  shot_type: 2PT
  distance_ft: 0.0
  is_made: False
  quarter: 1
  time_remaining: PT06M33.00S
}
2026-05-31 17:55:24 | INFO | P03 |   Sending message with key=0042500317
2026-05-31 17:55:24 | INFO | P03 |   MESSAGE SENT  sent=39
2026-05-31 17:55:25 | INFO | P03 | {
  play_id: P0058
  game_id: 0042500317
  timestamp: 2026-06-01T03:46:39Z
  player_id: PL_1631096
  action_type: Substitution
  shot_type: 2PT
  distance_ft: 0.0
  is_made: False
  quarter: 1
  time_remaining: PT06M33.00S
}
2026-05-31 17:55:25 | INFO | P03 |   Sending message with key=0042500317
2026-05-31 17:55:25 | INFO | P03 |   MESSAGE SENT  sent=40
2026-05-31 17:55:25 | INFO | P03 | {
  play_id: P0059
  game_id: 0042500317
  timestamp: 2026-06-01T03:46:44Z
  player_id: PL_1641705
  action_type: Substitution
  shot_type: 2PT
  distance_ft: 0.0
  is_made: False
  quarter: 1
  time_remaining: PT06M33.00S
}
2026-05-31 17:55:25 | INFO | P03 |   Sending message with key=0042500317
2026-05-31 17:55:25 | INFO | P03 |   MESSAGE SENT  sent=41
2026-05-31 17:55:26 | INFO | P03 | {
  play_id: P0060
  game_id: 0042500317
  timestamp: 2026-06-01T03:46:49Z
  player_id: PL_1628368
  action_type: Substitution
  shot_type: 2PT
  distance_ft: 0.0
  is_made: False
  quarter: 1
  time_remaining: PT06M33.00S
}
2026-05-31 17:55:26 | INFO | P03 |   Sending message with key=0042500317
2026-05-31 17:55:26 | INFO | P03 |   MESSAGE SENT  sent=42
2026-05-31 17:55:26 | INFO | P03 | {
  play_id: P0064
  game_id: 0042500317
  timestamp: 2026-06-01T03:46:54Z
  player_id: PL_1641717
  action_type: Missed Shot
  shot_type: 3PT
  distance_ft: 27.0
  is_made: False
  quarter: 1
  time_remaining: PT06M20.00S
}
2026-05-31 17:55:26 | INFO | P03 |   Sending message with key=0042500317
2026-05-31 17:55:26 | INFO | P03 |   MESSAGE SENT  sent=43
2026-05-31 17:55:27 | INFO | C03 | {'action_type': 'Jump Ball', 'distance_ft': '0.0', 'game_id': '0042500317', 'is_made': 'False', 'play_id': 'P0004', 'player_id': 'PL_1631096', 'quarter': '1', 'shot_type': '2PT', 'time_remaining': 'PT12M00.00S', 'timestamp': '2026-06-01T03:43:24Z', '_kafka_key': '0042500317', '_kafka_partition': 0, '_kafka_offset': 0}
2026-05-31 17:55:27 | INFO | C03 | Skipping non-shot event: play_id=P0004, action_type=Jump Ball
2026-05-31 17:55:27 | WARNING | C03 | MESSAGE REJECTED
2026-05-31 17:55:27 | WARNING | C03 | play=P0004
2026-05-31 17:55:27 | WARNING | C03 | skipped=1
2026-05-31 17:55:27 | INFO | C03 | {'action_type': 'Made Shot', 'distance_ft': '12.0', 'game_id': '0042500317', 'is_made': 'True', 'play_id': 'P0007', 'player_id': 'PL_1641705', 'quarter': '1', 'shot_type': '2PT', 'time_remaining': 'PT11M39.00S', 'timestamp': '2026-06-01T03:43:29Z', '_kafka_key': '0042500317', '_kafka_partition': 0, '_kafka_offset': 1}
2026-05-31 17:55:27 | INFO | C03 | shot_quality=Paint
2026-05-31 17:55:27 | INFO | C03 | clutch_shot=False
2026-05-31 17:55:27 | INFO | C03 | points_scored=2
2026-05-31 17:55:27 | INFO | C03 | running_total_pts=2
2026-05-31 17:55:27 | INFO | C03 | MESSAGE ACCEPTED
2026-05-31 17:55:27 | INFO | C03 | play=P0007
2026-05-31 17:55:27 | INFO | C03 | points=2
2026-05-31 17:55:27 | INFO | C03 | consumed=1
2026-05-31 17:55:27 | INFO | C03 | RUNNING STATS
2026-05-31 17:55:27 | INFO | C03 | total_pts=2
2026-05-31 17:55:27 | INFO | C03 | average_pts=2.00
2026-05-31 17:55:27 | INFO | C03 | min_pts=2.00
2026-05-31 17:55:27 | INFO | C03 | max_pts=2.00
2026-05-31 17:55:27 | INFO | C03 | {'action_type': 'Turnover', 'distance_ft': '0.0', 'game_id': '0042500317', 'is_made': 'False', 'play_id': 'P0008', 'player_id': 'PL_1631096', 'quarter': '1', 'shot_type': '2PT', 'time_remaining': 'PT11M21.00S', 'timestamp': '2026-06-01T03:43:34Z', '_kafka_key': '0042500317', '_kafka_partition': 0, '_kafka_offset': 2}
2026-05-31 17:55:27 | INFO | C03 | Skipping non-shot event: play_id=P0008, action_type=Turnover
2026-05-31 17:55:27 | WARNING | C03 | MESSAGE REJECTED
2026-05-31 17:55:27 | WARNING | C03 | play=P0008
2026-05-31 17:55:27 | WARNING | C03 | skipped=2
2026-05-31 17:55:27 | INFO | C03 | {'action_type': 'Unknown', 'distance_ft': '0.0', 'game_id': '0042500317', 'is_made': 'False', 'play_id': 'P0008', 'player_id': 'PL_1630170', 'quarter': '1', 'shot_type': '2PT', 'time_remaining': 'PT11M21.00S', 'timestamp': '2026-06-01T03:43:39Z', '_kafka_key': '0042500317', '_kafka_partition': 0, '_kafka_offset': 3}
2026-05-31 17:55:27 | INFO | C03 | Skipping non-shot event: play_id=P0008, action_type=Unknown
2026-05-31 17:55:27 | WARNING | C03 | MESSAGE REJECTED
2026-05-31 17:55:27 | WARNING | C03 | play=P0008
2026-05-31 17:55:27 | WARNING | C03 | skipped=3
2026-05-31 17:55:27 | INFO | C03 | {'action_type': 'Foul', 'distance_ft': '0.0', 'game_id': '0042500317', 'is_made': 'False', 'play_id': 'P0010', 'player_id': 'PL_1629652', 'quarter': '1', 'shot_type': '2PT', 'time_remaining': 'PT11M17.00S', 'timestamp': '2026-06-01T03:43:44Z', '_kafka_key': '0042500317', '_kafka_partition': 0, '_kafka_offset': 4}
2026-05-31 17:55:27 | INFO | C03 | Skipping non-shot event: play_id=P0010, action_type=Foul
2026-05-31 17:55:27 | WARNING | C03 | MESSAGE REJECTED
2026-05-31 17:55:27 | WARNING | C03 | play=P0010
2026-05-31 17:55:27 | WARNING | C03 | skipped=4
2026-05-31 17:55:27 | INFO | C03 | {'action_type': 'Made Shot', 'distance_ft': '14.0', 'game_id': '0042500317', 'is_made': 'True', 'play_id': 'P0013', 'player_id': 'PL_1630170', 'quarter': '1', 'shot_type': '2PT', 'time_remaining': 'PT10M59.00S', 'timestamp': '2026-06-01T03:43:49Z', '_kafka_key': '0042500317', '_kafka_partition': 0, '_kafka_offset': 5}
2026-05-31 17:55:27 | INFO | C03 | shot_quality=Paint
2026-05-31 17:55:27 | INFO | C03 | clutch_shot=False
2026-05-31 17:55:27 | INFO | C03 | points_scored=2
2026-05-31 17:55:27 | INFO | C03 | running_total_pts=4
2026-05-31 17:55:27 | INFO | C03 | MESSAGE ACCEPTED
2026-05-31 17:55:27 | INFO | C03 | play=P0013
2026-05-31 17:55:27 | INFO | C03 | points=2
2026-05-31 17:55:27 | INFO | C03 | consumed=2
2026-05-31 17:55:27 | INFO | C03 | RUNNING STATS
2026-05-31 17:55:27 | INFO | C03 | total_pts=4
2026-05-31 17:55:27 | INFO | C03 | average_pts=2.00
2026-05-31 17:55:27 | INFO | C03 | min_pts=2.00
2026-05-31 17:55:27 | INFO | C03 | max_pts=2.00
2026-05-31 17:55:27 | INFO | C03 | {'action_type': 'Made Shot', 'distance_ft': '12.0', 'game_id': '0042500317', 'is_made': 'True', 'play_id': 'P0014', 'player_id': 'PL_1631096', 'quarter': '1', 'shot_type': '2PT', 'time_remaining': 'PT10M41.00S', 'timestamp': '2026-06-01T03:43:54Z', '_kafka_key': '0042500317', '_kafka_partition': 0, '_kafka_offset': 6}
2026-05-31 17:55:27 | INFO | C03 | shot_quality=Paint
2026-05-31 17:55:27 | INFO | C03 | clutch_shot=False
2026-05-31 17:55:27 | INFO | C03 | points_scored=2
2026-05-31 17:55:27 | INFO | C03 | running_total_pts=6
2026-05-31 17:55:27 | INFO | C03 | MESSAGE ACCEPTED
2026-05-31 17:55:27 | INFO | C03 | play=P0014
2026-05-31 17:55:27 | INFO | C03 | points=2
2026-05-31 17:55:27 | INFO | C03 | consumed=3
2026-05-31 17:55:27 | INFO | C03 | RUNNING STATS
2026-05-31 17:55:27 | INFO | C03 | total_pts=6
2026-05-31 17:55:27 | INFO | C03 | average_pts=2.00
2026-05-31 17:55:27 | INFO | C03 | min_pts=2.00
2026-05-31 17:55:27 | INFO | C03 | max_pts=2.00
2026-05-31 17:55:27 | INFO | C03 | {'action_type': 'Made Shot', 'distance_ft': '1.0', 'game_id': '0042500317', 'is_made': 'True', 'play_id': 'P0016', 'player_id': 'PL_1642264', 'quarter': '1', 'shot_type': '2PT', 'time_remaining': 'PT10M33.00S', 'timestamp': '2026-06-01T03:43:59Z', '_kafka_key': '0042500317', '_kafka_partition': 0, '_kafka_offset': 7}
2026-05-31 17:55:27 | INFO | C03 | shot_quality=Restricted Area
2026-05-31 17:55:27 | INFO | C03 | clutch_shot=False
2026-05-31 17:55:27 | INFO | C03 | points_scored=2
2026-05-31 17:55:27 | INFO | C03 | running_total_pts=8
2026-05-31 17:55:27 | INFO | C03 | MESSAGE ACCEPTED
2026-05-31 17:55:27 | INFO | C03 | play=P0016
2026-05-31 17:55:27 | INFO | C03 | points=2
2026-05-31 17:55:27 | INFO | C03 | consumed=4
2026-05-31 17:55:27 | INFO | C03 | RUNNING STATS
2026-05-31 17:55:27 | INFO | C03 | total_pts=8
2026-05-31 17:55:27 | INFO | C03 | average_pts=2.00
2026-05-31 17:55:27 | INFO | C03 | min_pts=2.00
2026-05-31 17:55:27 | INFO | C03 | max_pts=2.00
2026-05-31 17:55:27 | INFO | C03 | {'action_type': 'Made Shot', 'distance_ft': '19.0', 'game_id': '0042500317', 'is_made': 'True', 'play_id': 'P0018', 'player_id': 'PL_1628983', 'quarter': '1', 'shot_type': '2PT', 'time_remaining': 'PT10M12.00S', 'timestamp': '2026-06-01T03:44:04Z', '_kafka_key': '0042500317', '_kafka_partition': 0, '_kafka_offset': 8}
2026-05-31 17:55:27 | INFO | C03 | shot_quality=Mid-Range
2026-05-31 17:55:27 | INFO | C03 | clutch_shot=False
2026-05-31 17:55:27 | INFO | C03 | points_scored=2
2026-05-31 17:55:27 | INFO | C03 | running_total_pts=10
2026-05-31 17:55:27 | INFO | C03 | MESSAGE ACCEPTED
2026-05-31 17:55:27 | INFO | C03 | play=P0018
2026-05-31 17:55:27 | INFO | C03 | points=2
2026-05-31 17:55:27 | INFO | C03 | consumed=5
2026-05-31 17:55:27 | INFO | C03 | RUNNING STATS
2026-05-31 17:55:27 | INFO | C03 | total_pts=10
2026-05-31 17:55:27 | INFO | C03 | average_pts=2.00
2026-05-31 17:55:27 | INFO | C03 | min_pts=2.00
2026-05-31 17:55:27 | INFO | C03 | max_pts=2.00
2026-05-31 17:55:27 | INFO | C03 | {'action_type': 'Made Shot', 'distance_ft': '1.0', 'game_id': '0042500317', 'is_made': 'True', 'play_id': 'P0019', 'player_id': 'PL_1642264', 'quarter': '1', 'shot_type': '2PT', 'time_remaining': 'PT09M55.00S', 'timestamp': '2026-06-01T03:44:09Z', '_kafka_key': '0042500317', '_kafka_partition': 0, '_kafka_offset': 9}
2026-05-31 17:55:27 | INFO | C03 | shot_quality=Restricted Area
2026-05-31 17:55:27 | INFO | C03 | clutch_shot=False
2026-05-31 17:55:27 | INFO | C03 | points_scored=2
2026-05-31 17:55:27 | INFO | C03 | running_total_pts=12
2026-05-31 17:55:27 | INFO | C03 | MESSAGE ACCEPTED
2026-05-31 17:55:27 | INFO | C03 | play=P0019
2026-05-31 17:55:27 | INFO | C03 | points=2
2026-05-31 17:55:27 | INFO | C03 | consumed=6
2026-05-31 17:55:27 | INFO | C03 | RUNNING STATS
2026-05-31 17:55:27 | INFO | C03 | total_pts=12
2026-05-31 17:55:27 | INFO | C03 | average_pts=2.00
2026-05-31 17:55:27 | INFO | C03 | min_pts=2.00
2026-05-31 17:55:27 | INFO | C03 | max_pts=2.00
2026-05-31 17:55:27 | INFO | C03 | {'action_type': 'Missed Shot', 'distance_ft': '8.0', 'game_id': '0042500317', 'is_made': 'False', 'play_id': 'P0021', 'player_id': 'PL_1631096', 'quarter': '1', 'shot_type': '2PT', 'time_remaining': 'PT09M39.00S', 'timestamp': '2026-06-01T03:44:14Z', '_kafka_key': '0042500317', '_kafka_partition': 0, '_kafka_offset': 10}
2026-05-31 17:55:27 | INFO | C03 | shot_quality=Paint
2026-05-31 17:55:27 | INFO | C03 | clutch_shot=False
2026-05-31 17:55:27 | INFO | C03 | points_scored=0
2026-05-31 17:55:27 | INFO | C03 | running_total_pts=12
2026-05-31 17:55:27 | INFO | C03 | MESSAGE ACCEPTED
2026-05-31 17:55:27 | INFO | C03 | play=P0021
2026-05-31 17:55:27 | INFO | C03 | points=0
2026-05-31 17:55:27 | INFO | C03 | consumed=7
2026-05-31 17:55:27 | INFO | C03 | RUNNING STATS
2026-05-31 17:55:27 | INFO | C03 | total_pts=12
2026-05-31 17:55:27 | INFO | C03 | average_pts=1.71
2026-05-31 17:55:27 | INFO | C03 | min_pts=0.00
2026-05-31 17:55:27 | INFO | C03 | max_pts=2.00
2026-05-31 17:55:27 | INFO | C03 | {'action_type': 'Rebound', 'distance_ft': '0.0', 'game_id': '0042500317', 'is_made': 'False', 'play_id': 'P0022', 'player_id': 'PL_1641717', 'quarter': '1', 'shot_type': '2PT', 'time_remaining': 'PT09M36.00S', 'timestamp': '2026-06-01T03:44:19Z', '_kafka_key': '0042500317', '_kafka_partition': 0, '_kafka_offset': 11}
2026-05-31 17:55:27 | INFO | C03 | Skipping non-shot event: play_id=P0022, action_type=Rebound
2026-05-31 17:55:27 | WARNING | C03 | MESSAGE REJECTED
2026-05-31 17:55:27 | WARNING | C03 | play=P0022
2026-05-31 17:55:27 | WARNING | C03 | skipped=5
2026-05-31 17:55:27 | INFO | C03 | {'action_type': 'Missed Shot', 'distance_ft': '25.0', 'game_id': '0042500317', 'is_made': 'False', 'play_id': 'P0023', 'player_id': 'PL_1629652', 'quarter': '1', 'shot_type': '3PT', 'time_remaining': 'PT09M30.00S', 'timestamp': '2026-06-01T03:44:24Z', '_kafka_key': '0042500317', '_kafka_partition': 0, '_kafka_offset': 12}
2026-05-31 17:55:27 | INFO | C03 | shot_quality=NBA Deep 3
2026-05-31 17:55:27 | INFO | C03 | clutch_shot=False
2026-05-31 17:55:27 | INFO | C03 | points_scored=0
2026-05-31 17:55:27 | INFO | C03 | running_total_pts=12
2026-05-31 17:55:27 | INFO | C03 | MESSAGE ACCEPTED
2026-05-31 17:55:27 | INFO | C03 | play=P0023
2026-05-31 17:55:27 | INFO | C03 | points=0
2026-05-31 17:55:27 | INFO | C03 | consumed=8
2026-05-31 17:55:27 | INFO | C03 | RUNNING STATS
2026-05-31 17:55:27 | INFO | C03 | total_pts=12
2026-05-31 17:55:27 | INFO | C03 | average_pts=1.50
2026-05-31 17:55:27 | INFO | C03 | min_pts=0.00
2026-05-31 17:55:27 | INFO | C03 | max_pts=2.00
2026-05-31 17:55:27 | INFO | C03 | {'action_type': 'Rebound', 'distance_ft': '0.0', 'game_id': '0042500317', 'is_made': 'False', 'play_id': 'P0024', 'player_id': 'PL_1610612759', 'quarter': '1', 'shot_type': '2PT', 'time_remaining': 'PT09M29.00S', 'timestamp': '2026-06-01T03:44:29Z', '_kafka_key': '0042500317', '_kafka_partition': 0, '_kafka_offset': 13}
2026-05-31 17:55:27 | INFO | C03 | Skipping non-shot event: play_id=P0024, action_type=Rebound
2026-05-31 17:55:27 | WARNING | C03 | MESSAGE REJECTED
2026-05-31 17:55:27 | WARNING | C03 | play=P0024
2026-05-31 17:55:27 | WARNING | C03 | skipped=6
2026-05-31 17:55:27 | INFO | C03 | {'action_type': 'Made Shot', 'distance_ft': '2.0', 'game_id': '0042500317', 'is_made': 'True', 'play_id': 'P0026', 'player_id': 'PL_1641705', 'quarter': '1', 'shot_type': '2PT', 'time_remaining': 'PT09M11.00S', 'timestamp': '2026-06-01T03:44:34Z', '_kafka_key': '0042500317', '_kafka_partition': 0, '_kafka_offset': 14}
2026-05-31 17:55:27 | INFO | C03 | shot_quality=Restricted Area
2026-05-31 17:55:27 | INFO | C03 | clutch_shot=False
2026-05-31 17:55:27 | INFO | C03 | points_scored=2
2026-05-31 17:55:27 | INFO | C03 | running_total_pts=14
2026-05-31 17:55:27 | INFO | C03 | MESSAGE ACCEPTED
2026-05-31 17:55:27 | INFO | C03 | play=P0026
2026-05-31 17:55:27 | INFO | C03 | points=2
2026-05-31 17:55:27 | INFO | C03 | consumed=9
2026-05-31 17:55:27 | INFO | C03 | RUNNING STATS
2026-05-31 17:55:27 | INFO | C03 | total_pts=14
2026-05-31 17:55:27 | INFO | C03 | average_pts=1.56
2026-05-31 17:55:27 | INFO | C03 | min_pts=0.00
2026-05-31 17:55:27 | INFO | C03 | max_pts=2.00
2026-05-31 17:55:27 | INFO | C03 | {'action_type': 'Missed Shot', 'distance_ft': '26.0', 'game_id': '0042500317', 'is_made': 'False', 'play_id': 'P0028', 'player_id': 'PL_1629652', 'quarter': '1', 'shot_type': '3PT', 'time_remaining': 'PT08M52.00S', 'timestamp': '2026-06-01T03:44:39Z', '_kafka_key': '0042500317', '_kafka_partition': 0, '_kafka_offset': 15}
2026-05-31 17:55:27 | INFO | C03 | shot_quality=NBA Deep 3
2026-05-31 17:55:27 | INFO | C03 | clutch_shot=False
2026-05-31 17:55:27 | INFO | C03 | points_scored=0
2026-05-31 17:55:27 | INFO | C03 | running_total_pts=14
2026-05-31 17:55:27 | INFO | C03 | MESSAGE ACCEPTED
2026-05-31 17:55:27 | INFO | C03 | play=P0028
2026-05-31 17:55:27 | INFO | C03 | points=0
2026-05-31 17:55:27 | INFO | C03 | consumed=10
2026-05-31 17:55:27 | INFO | C03 | RUNNING STATS
2026-05-31 17:55:27 | INFO | C03 | total_pts=14
2026-05-31 17:55:27 | INFO | C03 | average_pts=1.40
2026-05-31 17:55:27 | INFO | C03 | min_pts=0.00
2026-05-31 17:55:27 | INFO | C03 | max_pts=2.00
2026-05-31 17:55:27 | INFO | C03 | {'action_type': 'Rebound', 'distance_ft': '0.0', 'game_id': '0042500317', 'is_made': 'False', 'play_id': 'P0029', 'player_id': 'PL_1641705', 'quarter': '1', 'shot_type': '2PT', 'time_remaining': 'PT08M48.00S', 'timestamp': '2026-06-01T03:44:44Z', '_kafka_key': '0042500317', '_kafka_partition': 0, '_kafka_offset': 16}
2026-05-31 17:55:27 | INFO | C03 | Skipping non-shot event: play_id=P0029, action_type=Rebound
2026-05-31 17:55:27 | WARNING | C03 | MESSAGE REJECTED
2026-05-31 17:55:27 | WARNING | C03 | play=P0029
2026-05-31 17:55:27 | WARNING | C03 | skipped=7
2026-05-31 17:55:27 | INFO | C03 | {'action_type': 'Missed Shot', 'distance_ft': '0.0', 'game_id': '0042500317', 'is_made': 'False', 'play_id': 'P0030', 'player_id': 'PL_1630170', 'quarter': '1', 'shot_type': '3PT', 'time_remaining': 'PT08M42.00S', 'timestamp': '2026-06-01T03:44:49Z', '_kafka_key': '0042500317', '_kafka_partition': 0, '_kafka_offset': 17}
2026-05-31 17:55:27 | INFO | C03 | shot_quality=Restricted Area
2026-05-31 17:55:27 | INFO | C03 | clutch_shot=False
2026-05-31 17:55:27 | INFO | C03 | points_scored=0
2026-05-31 17:55:27 | INFO | C03 | running_total_pts=14
2026-05-31 17:55:27 | INFO | C03 | MESSAGE ACCEPTED
2026-05-31 17:55:27 | INFO | C03 | play=P0030
2026-05-31 17:55:27 | INFO | C03 | points=0
2026-05-31 17:55:27 | INFO | C03 | consumed=11
2026-05-31 17:55:27 | INFO | C03 | RUNNING STATS
2026-05-31 17:55:27 | INFO | C03 | total_pts=14
2026-05-31 17:55:27 | INFO | C03 | average_pts=1.27
2026-05-31 17:55:27 | INFO | C03 | min_pts=0.00
2026-05-31 17:55:27 | INFO | C03 | max_pts=2.00
2026-05-31 17:55:27 | INFO | C03 | {'action_type': 'Rebound', 'distance_ft': '0.0', 'game_id': '0042500317', 'is_made': 'False', 'play_id': 'P0032', 'player_id': 'PL_1628983', 'quarter': '1', 'shot_type': '2PT', 'time_remaining': 'PT08M38.00S', 'timestamp': '2026-06-01T03:44:54Z', '_kafka_key': '0042500317', '_kafka_partition': 0, '_kafka_offset': 18}
2026-05-31 17:55:27 | INFO | C03 | Skipping non-shot event: play_id=P0032, action_type=Rebound
2026-05-31 17:55:27 | WARNING | C03 | MESSAGE REJECTED
2026-05-31 17:55:27 | WARNING | C03 | play=P0032
2026-05-31 17:55:27 | WARNING | C03 | skipped=8
2026-05-31 17:55:27 | INFO | C03 | {'action_type': 'Turnover', 'distance_ft': '0.0', 'game_id': '0042500317', 'is_made': 'False', 'play_id': 'P0033', 'player_id': 'PL_1628392', 'quarter': '1', 'shot_type': '2PT', 'time_remaining': 'PT08M26.00S', 'timestamp': '2026-06-01T03:44:59Z', '_kafka_key': '0042500317', '_kafka_partition': 0, '_kafka_offset': 19}
2026-05-31 17:55:27 | INFO | C03 | Skipping non-shot event: play_id=P0033, action_type=Turnover
2026-05-31 17:55:27 | WARNING | C03 | MESSAGE REJECTED
2026-05-31 17:55:27 | WARNING | C03 | play=P0033
2026-05-31 17:55:27 | WARNING | C03 | skipped=9
2026-05-31 17:55:27 | INFO | C03 | {'action_type': 'Unknown', 'distance_ft': '0.0', 'game_id': '0042500317', 'is_made': 'False', 'play_id': 'P0033', 'player_id': 'PL_1641705', 'quarter': '1', 'shot_type': '2PT', 'time_remaining': 'PT08M26.00S', 'timestamp': '2026-06-01T03:45:04Z', '_kafka_key': '0042500317', '_kafka_partition': 0, '_kafka_offset': 20}
2026-05-31 17:55:27 | INFO | C03 | Skipping non-shot event: play_id=P0033, action_type=Unknown
2026-05-31 17:55:27 | WARNING | C03 | MESSAGE REJECTED
2026-05-31 17:55:27 | WARNING | C03 | play=P0033
2026-05-31 17:55:27 | WARNING | C03 | skipped=10
2026-05-31 17:55:27 | INFO | C03 | {'action_type': 'Foul', 'distance_ft': '0.0', 'game_id': '0042500317', 'is_made': 'False', 'play_id': 'P0035', 'player_id': 'PL_1641717', 'quarter': '1', 'shot_type': '2PT', 'time_remaining': 'PT08M21.00S', 'timestamp': '2026-06-01T03:45:09Z', '_kafka_key': '0042500317', '_kafka_partition': 0, '_kafka_offset': 21}
2026-05-31 17:55:27 | INFO | C03 | Skipping non-shot event: play_id=P0035, action_type=Foul
2026-05-31 17:55:27 | WARNING | C03 | MESSAGE REJECTED
2026-05-31 17:55:27 | WARNING | C03 | play=P0035
2026-05-31 17:55:27 | WARNING | C03 | skipped=11
2026-05-31 17:55:27 | INFO | C03 | {'action_type': 'Substitution', 'distance_ft': '0.0', 'game_id': '0042500317', 'is_made': 'False', 'play_id': 'P0037', 'player_id': 'PL_1629652', 'quarter': '1', 'shot_type': '2PT', 'time_remaining': 'PT08M21.00S', 'timestamp': '2026-06-01T03:45:14Z', '_kafka_key': '0042500317', '_kafka_partition': 0, '_kafka_offset': 22}
2026-05-31 17:55:27 | INFO | C03 | Skipping non-shot event: play_id=P0037, action_type=Substitution
2026-05-31 17:55:27 | WARNING | C03 | MESSAGE REJECTED
2026-05-31 17:55:27 | WARNING | C03 | play=P0037
2026-05-31 17:55:27 | WARNING | C03 | skipped=12
2026-05-31 17:55:27 | INFO | C03 | {'action_type': 'Missed Shot', 'distance_ft': '13.0', 'game_id': '0042500317', 'is_made': 'False', 'play_id': 'P0039', 'player_id': 'PL_1642264', 'quarter': '1', 'shot_type': '2PT', 'time_remaining': 'PT08M12.00S', 'timestamp': '2026-06-01T03:45:19Z', '_kafka_key': '0042500317', '_kafka_partition': 0, '_kafka_offset': 23}
2026-05-31 17:55:27 | INFO | C03 | shot_quality=Paint
2026-05-31 17:55:27 | INFO | C03 | clutch_shot=False
2026-05-31 17:55:27 | INFO | C03 | points_scored=0
2026-05-31 17:55:27 | INFO | C03 | running_total_pts=14
2026-05-31 17:55:27 | INFO | C03 | MESSAGE ACCEPTED
2026-05-31 17:55:27 | INFO | C03 | play=P0039
2026-05-31 17:55:27 | INFO | C03 | points=0
2026-05-31 17:55:27 | INFO | C03 | consumed=12
2026-05-31 17:55:27 | INFO | C03 | RUNNING STATS
2026-05-31 17:55:27 | INFO | C03 | total_pts=14
2026-05-31 17:55:27 | INFO | C03 | average_pts=1.17
2026-05-31 17:55:27 | INFO | C03 | min_pts=0.00
2026-05-31 17:55:27 | INFO | C03 | max_pts=2.00
2026-05-31 17:55:27 | INFO | C03 | {'action_type': 'Rebound', 'distance_ft': '0.0', 'game_id': '0042500317', 'is_made': 'False', 'play_id': 'P0040', 'player_id': 'PL_1628392', 'quarter': '1', 'shot_type': '2PT', 'time_remaining': 'PT08M10.00S', 'timestamp': '2026-06-01T03:45:24Z', '_kafka_key': '0042500317', '_kafka_partition': 0, '_kafka_offset': 24}
2026-05-31 17:55:27 | INFO | C03 | Skipping non-shot event: play_id=P0040, action_type=Rebound
2026-05-31 17:55:27 | WARNING | C03 | MESSAGE REJECTED
2026-05-31 17:55:27 | WARNING | C03 | play=P0040
2026-05-31 17:55:27 | WARNING | C03 | skipped=13
2026-05-31 17:55:27 | INFO | C03 | {'action_type': 'Made Shot', 'distance_ft': '9.0', 'game_id': '0042500317', 'is_made': 'True', 'play_id': 'P0041', 'player_id': 'PL_1628392', 'quarter': '1', 'shot_type': '2PT', 'time_remaining': 'PT07M57.00S', 'timestamp': '2026-06-01T03:45:29Z', '_kafka_key': '0042500317', '_kafka_partition': 0, '_kafka_offset': 25}
2026-05-31 17:55:27 | INFO | C03 | shot_quality=Paint
2026-05-31 17:55:27 | INFO | C03 | clutch_shot=False
2026-05-31 17:55:27 | INFO | C03 | points_scored=2
2026-05-31 17:55:27 | INFO | C03 | running_total_pts=16
2026-05-31 17:55:27 | INFO | C03 | MESSAGE ACCEPTED
2026-05-31 17:55:27 | INFO | C03 | play=P0041
2026-05-31 17:55:27 | INFO | C03 | points=2
2026-05-31 17:55:27 | INFO | C03 | consumed=13
2026-05-31 17:55:27 | INFO | C03 | RUNNING STATS
2026-05-31 17:55:27 | INFO | C03 | total_pts=16
2026-05-31 17:55:27 | INFO | C03 | average_pts=1.23
2026-05-31 17:55:27 | INFO | C03 | min_pts=0.00
2026-05-31 17:55:27 | INFO | C03 | max_pts=2.00
2026-05-31 17:55:27 | INFO | C03 | {'action_type': 'Made Shot', 'distance_ft': '25.0', 'game_id': '0042500317', 'is_made': 'True', 'play_id': 'P0043', 'player_id': 'PL_1628368', 'quarter': '1', 'shot_type': '3PT', 'time_remaining': 'PT07M36.00S', 'timestamp': '2026-06-01T03:45:34Z', '_kafka_key': '0042500317', '_kafka_partition': 0, '_kafka_offset': 26}
2026-05-31 17:55:27 | INFO | C03 | shot_quality=NBA Deep 3
2026-05-31 17:55:27 | INFO | C03 | clutch_shot=False
2026-05-31 17:55:27 | INFO | C03 | points_scored=3
2026-05-31 17:55:27 | INFO | C03 | running_total_pts=19
2026-05-31 17:55:27 | INFO | C03 | MESSAGE ACCEPTED
2026-05-31 17:55:27 | INFO | C03 | play=P0043
2026-05-31 17:55:27 | INFO | C03 | points=3
2026-05-31 17:55:27 | INFO | C03 | consumed=14
2026-05-31 17:55:27 | INFO | C03 | RUNNING STATS
2026-05-31 17:55:27 | INFO | C03 | total_pts=19
2026-05-31 17:55:27 | INFO | C03 | average_pts=1.36
2026-05-31 17:55:27 | INFO | C03 | min_pts=0.00
2026-05-31 17:55:27 | INFO | C03 | max_pts=3.00
2026-05-31 17:55:27 | INFO | C03 | {'action_type': 'Turnover', 'distance_ft': '0.0', 'game_id': '0042500317', 'is_made': 'False', 'play_id': 'P0045', 'player_id': 'PL_1628983', 'quarter': '1', 'shot_type': '2PT', 'time_remaining': 'PT07M21.00S', 'timestamp': '2026-06-01T03:45:39Z', '_kafka_key': '0042500317', '_kafka_partition': 0, '_kafka_offset': 27}
2026-05-31 17:55:27 | INFO | C03 | Skipping non-shot event: play_id=P0045, action_type=Turnover
2026-05-31 17:55:27 | WARNING | C03 | MESSAGE REJECTED
2026-05-31 17:55:27 | WARNING | C03 | play=P0045
2026-05-31 17:55:27 | WARNING | C03 | skipped=14
2026-05-31 17:55:27 | INFO | C03 | {'action_type': 'Unknown', 'distance_ft': '0.0', 'game_id': '0042500317', 'is_made': 'False', 'play_id': 'P0045', 'player_id': 'PL_1628368', 'quarter': '1', 'shot_type': '2PT', 'time_remaining': 'PT07M21.00S', 'timestamp': '2026-06-01T03:45:44Z', '_kafka_key': '0042500317', '_kafka_partition': 0, '_kafka_offset': 28}
2026-05-31 17:55:27 | INFO | C03 | Skipping non-shot event: play_id=P0045, action_type=Unknown
2026-05-31 17:55:27 | WARNING | C03 | MESSAGE REJECTED
2026-05-31 17:55:27 | WARNING | C03 | play=P0045
2026-05-31 17:55:27 | WARNING | C03 | skipped=15
2026-05-31 17:55:27 | INFO | C03 | {'action_type': 'Missed Shot', 'distance_ft': '26.0', 'game_id': '0042500317', 'is_made': 'False', 'play_id': 'P0047', 'player_id': 'PL_1630170', 'quarter': '1', 'shot_type': '3PT', 'time_remaining': 'PT07M14.00S', 'timestamp': '2026-06-01T03:45:49Z', '_kafka_key': '0042500317', '_kafka_partition': 0, '_kafka_offset': 29}
2026-05-31 17:55:27 | INFO | C03 | shot_quality=NBA Deep 3
2026-05-31 17:55:27 | INFO | C03 | clutch_shot=False
2026-05-31 17:55:27 | INFO | C03 | points_scored=0
2026-05-31 17:55:27 | INFO | C03 | running_total_pts=19
2026-05-31 17:55:27 | INFO | C03 | MESSAGE ACCEPTED
2026-05-31 17:55:27 | INFO | C03 | play=P0047
2026-05-31 17:55:27 | INFO | C03 | points=0
2026-05-31 17:55:27 | INFO | C03 | consumed=15
2026-05-31 17:55:27 | INFO | C03 | RUNNING STATS
2026-05-31 17:55:27 | INFO | C03 | total_pts=19
2026-05-31 17:55:27 | INFO | C03 | average_pts=1.27
2026-05-31 17:55:27 | INFO | C03 | min_pts=0.00
2026-05-31 17:55:27 | INFO | C03 | max_pts=3.00
2026-05-31 17:55:27 | INFO | C03 | {'action_type': 'Rebound', 'distance_ft': '0.0', 'game_id': '0042500317', 'is_made': 'False', 'play_id': 'P0048', 'player_id': 'PL_1628392', 'quarter': '1', 'shot_type': '2PT', 'time_remaining': 'PT07M09.00S', 'timestamp': '2026-06-01T03:45:54Z', '_kafka_key': '0042500317', '_kafka_partition': 0, '_kafka_offset': 30}
2026-05-31 17:55:27 | INFO | C03 | Skipping non-shot event: play_id=P0048, action_type=Rebound
2026-05-31 17:55:27 | WARNING | C03 | MESSAGE REJECTED
2026-05-31 17:55:27 | WARNING | C03 | play=P0048
2026-05-31 17:55:27 | WARNING | C03 | skipped=16
2026-05-31 17:55:27 | INFO | C03 | {'action_type': 'Made Shot', 'distance_ft': '5.0', 'game_id': '0042500317', 'is_made': 'True', 'play_id': 'P0049', 'player_id': 'PL_1628983', 'quarter': '1', 'shot_type': '2PT', 'time_remaining': 'PT06M56.00S', 'timestamp': '2026-06-01T03:45:59Z', '_kafka_key': '0042500317', '_kafka_partition': 0, '_kafka_offset': 31}
2026-05-31 17:55:27 | INFO | C03 | shot_quality=Paint
2026-05-31 17:55:27 | INFO | C03 | clutch_shot=False
2026-05-31 17:55:27 | INFO | C03 | points_scored=2
2026-05-31 17:55:27 | INFO | C03 | running_total_pts=21
2026-05-31 17:55:27 | INFO | C03 | MESSAGE ACCEPTED
2026-05-31 17:55:27 | INFO | C03 | play=P0049
2026-05-31 17:55:27 | INFO | C03 | points=2
2026-05-31 17:55:27 | INFO | C03 | consumed=16
2026-05-31 17:55:27 | INFO | C03 | RUNNING STATS
2026-05-31 17:55:27 | INFO | C03 | total_pts=21
2026-05-31 17:55:27 | INFO | C03 | average_pts=1.31
2026-05-31 17:55:27 | INFO | C03 | min_pts=0.00
2026-05-31 17:55:27 | INFO | C03 | max_pts=3.00
2026-05-31 17:55:27 | INFO | C03 | {'action_type': 'Made Shot', 'distance_ft': '28.0', 'game_id': '0042500317', 'is_made': 'True', 'play_id': 'P0050', 'player_id': 'PL_1630577', 'quarter': '1', 'shot_type': '3PT', 'time_remaining': 'PT06M51.00S', 'timestamp': '2026-06-01T03:46:04Z', '_kafka_key': '0042500317', '_kafka_partition': 0, '_kafka_offset': 32}
2026-05-31 17:55:27 | INFO | C03 | shot_quality=NBA Deep 3
2026-05-31 17:55:27 | INFO | C03 | clutch_shot=False
2026-05-31 17:55:27 | INFO | C03 | points_scored=3
2026-05-31 17:55:27 | INFO | C03 | running_total_pts=24
2026-05-31 17:55:27 | INFO | C03 | MESSAGE ACCEPTED
2026-05-31 17:55:27 | INFO | C03 | play=P0050
2026-05-31 17:55:27 | INFO | C03 | points=3
2026-05-31 17:55:27 | INFO | C03 | consumed=17
2026-05-31 17:55:27 | INFO | C03 | RUNNING STATS
2026-05-31 17:55:27 | INFO | C03 | total_pts=24
2026-05-31 17:55:27 | INFO | C03 | average_pts=1.41
2026-05-31 17:55:27 | INFO | C03 | min_pts=0.00
2026-05-31 17:55:27 | INFO | C03 | max_pts=3.00
2026-05-31 17:55:27 | INFO | C03 | {'action_type': 'Turnover', 'distance_ft': '0.0', 'game_id': '0042500317', 'is_made': 'False', 'play_id': 'P0052', 'player_id': 'PL_1627936', 'quarter': '1', 'shot_type': '2PT', 'time_remaining': 'PT06M38.00S', 'timestamp': '2026-06-01T03:46:09Z', '_kafka_key': '0042500317', '_kafka_partition': 0, '_kafka_offset': 33}
2026-05-31 17:55:27 | INFO | C03 | Skipping non-shot event: play_id=P0052, action_type=Turnover
2026-05-31 17:55:27 | WARNING | C03 | MESSAGE REJECTED
2026-05-31 17:55:27 | WARNING | C03 | play=P0052
2026-05-31 17:55:27 | WARNING | C03 | skipped=17
2026-05-31 17:55:27 | INFO | C03 | {'action_type': 'Unknown', 'distance_ft': '0.0', 'game_id': '0042500317', 'is_made': 'False', 'play_id': 'P0052', 'player_id': 'PL_1628368', 'quarter': '1', 'shot_type': '2PT', 'time_remaining': 'PT06M38.00S', 'timestamp': '2026-06-01T03:46:14Z', '_kafka_key': '0042500317', '_kafka_partition': 0, '_kafka_offset': 34}
2026-05-31 17:55:27 | INFO | C03 | Skipping non-shot event: play_id=P0052, action_type=Unknown
2026-05-31 17:55:27 | WARNING | C03 | MESSAGE REJECTED
2026-05-31 17:55:27 | WARNING | C03 | play=P0052
2026-05-31 17:55:27 | WARNING | C03 | skipped=18
2026-05-31 17:55:27 | INFO | C03 | {'action_type': 'Missed Shot', 'distance_ft': '2.0', 'game_id': '0042500317', 'is_made': 'False', 'play_id': 'P0054', 'player_id': 'PL_1630170', 'quarter': '1', 'shot_type': '2PT', 'time_remaining': 'PT06M34.00S', 'timestamp': '2026-06-01T03:46:19Z', '_kafka_key': '0042500317', '_kafka_partition': 0, '_kafka_offset': 35}
2026-05-31 17:55:27 | INFO | C03 | shot_quality=Restricted Area
2026-05-31 17:55:27 | INFO | C03 | clutch_shot=False
2026-05-31 17:55:27 | INFO | C03 | points_scored=0
2026-05-31 17:55:27 | INFO | C03 | running_total_pts=24
2026-05-31 17:55:27 | INFO | C03 | MESSAGE ACCEPTED
2026-05-31 17:55:27 | INFO | C03 | play=P0054
2026-05-31 17:55:27 | INFO | C03 | points=0
2026-05-31 17:55:27 | INFO | C03 | consumed=18
2026-05-31 17:55:27 | INFO | C03 | RUNNING STATS
2026-05-31 17:55:27 | INFO | C03 | total_pts=24
2026-05-31 17:55:27 | INFO | C03 | average_pts=1.33
2026-05-31 17:55:27 | INFO | C03 | min_pts=0.00
2026-05-31 17:55:27 | INFO | C03 | max_pts=3.00
2026-05-31 17:55:27 | INFO | C03 | {'action_type': 'Rebound', 'distance_ft': '0.0', 'game_id': '0042500317', 'is_made': 'False', 'play_id': 'P0055', 'player_id': 'PL_1642264', 'quarter': '1', 'shot_type': '2PT', 'time_remaining': 'PT06M33.00S', 'timestamp': '2026-06-01T03:46:24Z', '_kafka_key': '0042500317', '_kafka_partition': 0, '_kafka_offset': 36}
2026-05-31 17:55:27 | INFO | C03 | Skipping non-shot event: play_id=P0055, action_type=Rebound
2026-05-31 17:55:27 | WARNING | C03 | MESSAGE REJECTED
2026-05-31 17:55:27 | WARNING | C03 | play=P0055
2026-05-31 17:55:27 | WARNING | C03 | skipped=19
2026-05-31 17:55:27 | INFO | C03 | {'action_type': 'Made Shot', 'distance_ft': '0.0', 'game_id': '0042500317', 'is_made': 'True', 'play_id': 'P0056', 'player_id': 'PL_1642264', 'quarter': '1', 'shot_type': '2PT', 'time_remaining': 'PT06M33.00S', 'timestamp': '2026-06-01T03:46:29Z', '_kafka_key': '0042500317', '_kafka_partition': 0, '_kafka_offset': 37}
2026-05-31 17:55:27 | INFO | C03 | shot_quality=Restricted Area
2026-05-31 17:55:27 | INFO | C03 | clutch_shot=False
2026-05-31 17:55:27 | INFO | C03 | points_scored=2
2026-05-31 17:55:27 | INFO | C03 | running_total_pts=26
2026-05-31 17:55:27 | INFO | C03 | MESSAGE ACCEPTED
2026-05-31 17:55:27 | INFO | C03 | play=P0056
2026-05-31 17:55:27 | INFO | C03 | points=2
2026-05-31 17:55:27 | INFO | C03 | consumed=19
2026-05-31 17:55:27 | INFO | C03 | RUNNING STATS
2026-05-31 17:55:27 | INFO | C03 | total_pts=26
2026-05-31 17:55:27 | INFO | C03 | average_pts=1.37
2026-05-31 17:55:27 | INFO | C03 | min_pts=0.00
2026-05-31 17:55:27 | INFO | C03 | max_pts=3.00
2026-05-31 17:55:27 | INFO | C03 | {'action_type': 'Timeout', 'distance_ft': '0.0', 'game_id': '0042500317', 'is_made': 'False', 'play_id': 'P0057', 'player_id': 'PL_1610612760', 'quarter': '1', 'shot_type': '2PT', 'time_remaining': 'PT06M33.00S', 'timestamp': '2026-06-01T03:46:34Z', '_kafka_key': '0042500317', '_kafka_partition': 0, '_kafka_offset': 38}
2026-05-31 17:55:27 | INFO | C03 | Skipping non-shot event: play_id=P0057, action_type=Timeout
2026-05-31 17:55:27 | WARNING | C03 | MESSAGE REJECTED
2026-05-31 17:55:27 | WARNING | C03 | play=P0057
2026-05-31 17:55:27 | WARNING | C03 | skipped=20
2026-05-31 17:55:27 | INFO | C03 | {'action_type': 'Substitution', 'distance_ft': '0.0', 'game_id': '0042500317', 'is_made': 'False', 'play_id': 'P0058', 'player_id': 'PL_1631096', 'quarter': '1', 'shot_type': '2PT', 'time_remaining': 'PT06M33.00S', 'timestamp': '2026-06-01T03:46:39Z', '_kafka_key': '0042500317', '_kafka_partition': 0, '_kafka_offset': 39}
2026-05-31 17:55:27 | INFO | C03 | Skipping non-shot event: play_id=P0058, action_type=Substitution
2026-05-31 17:55:27 | WARNING | C03 | MESSAGE REJECTED
2026-05-31 17:55:27 | WARNING | C03 | play=P0058
2026-05-31 17:55:27 | WARNING | C03 | skipped=21
2026-05-31 17:55:27 | INFO | C03 | {'action_type': 'Substitution', 'distance_ft': '0.0', 'game_id': '0042500317', 'is_made': 'False', 'play_id': 'P0059', 'player_id': 'PL_1641705', 'quarter': '1', 'shot_type': '2PT', 'time_remaining': 'PT06M33.00S', 'timestamp': '2026-06-01T03:46:44Z', '_kafka_key': '0042500317', '_kafka_partition': 0, '_kafka_offset': 40}
2026-05-31 17:55:27 | INFO | C03 | Skipping non-shot event: play_id=P0059, action_type=Substitution
2026-05-31 17:55:27 | WARNING | C03 | MESSAGE REJECTED
2026-05-31 17:55:27 | WARNING | C03 | play=P0059
2026-05-31 17:55:27 | WARNING | C03 | skipped=22
2026-05-31 17:55:27 | INFO | C03 | {'action_type': 'Substitution', 'distance_ft': '0.0', 'game_id': '0042500317', 'is_made': 'False', 'play_id': 'P0060', 'player_id': 'PL_1628368', 'quarter': '1', 'shot_type': '2PT', 'time_remaining': 'PT06M33.00S', 'timestamp': '2026-06-01T03:46:49Z', '_kafka_key': '0042500317', '_kafka_partition': 0, '_kafka_offset': 41}
2026-05-31 17:55:27 | INFO | C03 | Skipping non-shot event: play_id=P0060, action_type=Substitution
2026-05-31 17:55:27 | WARNING | C03 | MESSAGE REJECTED
2026-05-31 17:55:27 | WARNING | C03 | play=P0060
2026-05-31 17:55:27 | WARNING | C03 | skipped=23
2026-05-31 17:55:27 | INFO | C03 | {'action_type': 'Missed Shot', 'distance_ft': '27.0', 'game_id': '0042500317', 'is_made': 'False', 'play_id': 'P0064', 'player_id': 'PL_1641717', 'quarter': '1', 'shot_type': '3PT', 'time_remaining': 'PT06M20.00S', 'timestamp': '2026-06-01T03:46:54Z', '_kafka_key': '0042500317', '_kafka_partition': 0, '_kafka_offset': 42}
2026-05-31 17:55:27 | INFO | C03 | shot_quality=NBA Deep 3
2026-05-31 17:55:27 | INFO | C03 | clutch_shot=False
2026-05-31 17:55:27 | INFO | C03 | points_scored=0
2026-05-31 17:55:27 | INFO | C03 | running_total_pts=26
2026-05-31 17:55:27 | INFO | C03 | MESSAGE ACCEPTED
2026-05-31 17:55:27 | INFO | C03 | play=P0064
2026-05-31 17:55:27 | INFO | C03 | points=0
2026-05-31 17:55:27 | INFO | C03 | consumed=20
2026-05-31 17:55:27 | INFO | C03 | RUNNING STATS
2026-05-31 17:55:27 | INFO | C03 | total_pts=26
2026-05-31 17:55:27 | INFO | C03 | average_pts=1.30
2026-05-31 17:55:27 | INFO | C03 | min_pts=0.00
2026-05-31 17:55:27 | INFO | C03 | max_pts=3.00
2026-05-31 17:55:27 | INFO | P03 | {
  play_id: P0065
  game_id: 0042500317
  timestamp: 2026-06-01T03:46:59Z
  player_id: PL_1628392
  action_type: Rebound
  shot_type: 2PT
  distance_ft: 0.0
  is_made: False
  quarter: 1
  time_remaining: PT06M16.00S
}
2026-05-31 17:55:27 | INFO | P03 |   Sending message with key=0042500317
2026-05-31 17:55:27 | INFO | P03 |   MESSAGE SENT  sent=44
2026-05-31 17:55:27 | INFO | C03 | {'action_type': 'Rebound', 'distance_ft': '0.0', 'game_id': '0042500317', 'is_made': 'False', 'play_id': 'P0065', 'player_id': 'PL_1628392', 'quarter': '1', 'shot_type': '2PT', 'time_remaining': 'PT06M16.00S', 'timestamp': '2026-06-01T03:46:59Z', '_kafka_key': '0042500317', '_kafka_partition': 0, '_kafka_offset': 43}
2026-05-31 17:55:27 | INFO | C03 | Skipping non-shot event: play_id=P0065, action_type=Rebound
2026-05-31 17:55:27 | WARNING | C03 | MESSAGE REJECTED
2026-05-31 17:55:27 | WARNING | C03 | play=P0065
2026-05-31 17:55:27 | WARNING | C03 | skipped=24
2026-05-31 17:55:27 | INFO | P03 | {
  play_id: P0066
  game_id: 0042500317
  timestamp: 2026-06-01T03:47:04Z
  player_id: PL_1642272
  action_type: Missed Shot
  shot_type: 3PT
  distance_ft: 25.0
  is_made: False
  quarter: 1
  time_remaining: PT06M14.00S
}
2026-05-31 17:55:27 | INFO | P03 |   Sending message with key=0042500317
2026-05-31 17:55:27 | INFO | C03 | {'action_type': 'Missed Shot', 'distance_ft': '25.0', 'game_id': '0042500317', 'is_made': 'False', 'play_id': 'P0066', 'player_id': 'PL_1642272', 'quarter': '1', 'shot_type': '3PT', 'time_remaining': 'PT06M14.00S', 'timestamp': '2026-06-01T03:47:04Z', '_kafka_key': '0042500317', '_kafka_partition': 0, '_kafka_offset': 44}
2026-05-31 17:55:27 | INFO | P03 |   MESSAGE SENT  sent=45
2026-05-31 17:55:27 | INFO | C03 | shot_quality=NBA Deep 3
2026-05-31 17:55:27 | INFO | C03 | clutch_shot=False
2026-05-31 17:55:27 | INFO | C03 | points_scored=0
2026-05-31 17:55:27 | INFO | C03 | running_total_pts=26
2026-05-31 17:55:27 | INFO | C03 | MESSAGE ACCEPTED
2026-05-31 17:55:27 | INFO | C03 | play=P0066
2026-05-31 17:55:27 | INFO | C03 | points=0
2026-05-31 17:55:27 | INFO | C03 | consumed=21
2026-05-31 17:55:27 | INFO | C03 | RUNNING STATS
2026-05-31 17:55:27 | INFO | C03 | total_pts=26
2026-05-31 17:55:27 | INFO | C03 | average_pts=1.24
2026-05-31 17:55:27 | INFO | C03 | min_pts=0.00
2026-05-31 17:55:27 | INFO | C03 | max_pts=3.00
2026-05-31 17:55:28 | INFO | P03 | {
  play_id: P0067
  game_id: 0042500317
  timestamp: 2026-06-01T03:47:09Z
  player_id: PL_1641717
  action_type: Rebound
  shot_type: 2PT
  distance_ft: 0.0
  is_made: False
  quarter: 1
  time_remaining: PT06M14.00S
}
2026-05-31 17:55:28 | INFO | P03 |   Sending message with key=0042500317
2026-05-31 17:55:28 | INFO | P03 |   MESSAGE SENT  sent=46
2026-05-31 17:55:28 | INFO | C03 | {'action_type': 'Rebound', 'distance_ft': '0.0', 'game_id': '0042500317', 'is_made': 'False', 'play_id': 'P0067', 'player_id': 'PL_1641717', 'quarter': '1', 'shot_type': '2PT', 'time_remaining': 'PT06M14.00S', 'timestamp': '2026-06-01T03:47:09Z', '_kafka_key': '0042500317', '_kafka_partition': 0, '_kafka_offset': 45}
2026-05-31 17:55:28 | INFO | C03 | Skipping non-shot event: play_id=P0067, action_type=Rebound
2026-05-31 17:55:28 | WARNING | C03 | MESSAGE REJECTED
2026-05-31 17:55:28 | WARNING | C03 | play=P0067
2026-05-31 17:55:28 | WARNING | C03 | skipped=25
2026-05-31 17:55:28 | INFO | P03 | {
  play_id: P0068
  game_id: 0042500317
  timestamp: 2026-06-01T03:47:14Z
  player_id: PL_1641717
  action_type: Made Shot
  shot_type: 3PT
  distance_ft: 0.0
  is_made: True
  quarter: 1
  time_remaining: PT06M04.00S
}
2026-05-31 17:55:28 | INFO | P03 |   Sending message with key=0042500317
2026-05-31 17:55:29 | INFO | P03 |   MESSAGE SENT  sent=47
2026-05-31 17:55:29 | INFO | C03 | {'action_type': 'Made Shot', 'distance_ft': '0.0', 'game_id': '0042500317', 'is_made': 'True', 'play_id': 'P0068', 'player_id': 'PL_1641717', 'quarter': '1', 'shot_type': '3PT', 'time_remaining': 'PT06M04.00S', 'timestamp': '2026-06-01T03:47:14Z', '_kafka_key': '0042500317', '_kafka_partition': 0, '_kafka_offset': 46}
2026-05-31 17:55:29 | INFO | C03 | shot_quality=Restricted Area
2026-05-31 17:55:29 | INFO | C03 | clutch_shot=False
2026-05-31 17:55:29 | INFO | C03 | points_scored=3
2026-05-31 17:55:29 | INFO | C03 | running_total_pts=29
2026-05-31 17:55:29 | INFO | C03 | MESSAGE ACCEPTED
2026-05-31 17:55:29 | INFO | C03 | play=P0068
2026-05-31 17:55:29 | INFO | C03 | points=3
2026-05-31 17:55:29 | INFO | C03 | consumed=22
2026-05-31 17:55:29 | INFO | C03 | RUNNING STATS
2026-05-31 17:55:29 | INFO | C03 | total_pts=29
2026-05-31 17:55:29 | INFO | C03 | average_pts=1.32
2026-05-31 17:55:29 | INFO | C03 | min_pts=0.00
2026-05-31 17:55:29 | INFO | C03 | max_pts=3.00
2026-05-31 17:55:29 | INFO | P03 | {
  play_id: P0070
  game_id: 0042500317
  timestamp: 2026-06-01T03:47:19Z
  player_id: PL_1630170
  action_type: Made Shot
  shot_type: 3PT
  distance_ft: 26.0
  is_made: True
  quarter: 1
  time_remaining: PT05M51.00S
}
2026-05-31 17:55:29 | INFO | P03 |   Sending message with key=0042500317
2026-05-31 17:55:29 | INFO | C03 | {'action_type': 'Made Shot', 'distance_ft': '26.0', 'game_id': '0042500317', 'is_made': 'True', 'play_id': 'P0070', 'player_id': 'PL_1630170', 'quarter': '1', 'shot_type': '3PT', 'time_remaining': 'PT05M51.00S', 'timestamp': '2026-06-01T03:47:19Z', '_kafka_key': '0042500317', '_kafka_partition': 0, '_kafka_offset': 47}
2026-05-31 17:55:29 | INFO | C03 | shot_quality=NBA Deep 3
2026-05-31 17:55:29 | INFO | P03 |   MESSAGE SENT  sent=48
2026-05-31 17:55:29 | INFO | C03 | clutch_shot=False
2026-05-31 17:55:29 | INFO | C03 | points_scored=3
2026-05-31 17:55:29 | INFO | C03 | running_total_pts=32
2026-05-31 17:55:29 | INFO | C03 | MESSAGE ACCEPTED
2026-05-31 17:55:29 | INFO | C03 | play=P0070
2026-05-31 17:55:29 | INFO | C03 | points=3
2026-05-31 17:55:29 | INFO | C03 | consumed=23
2026-05-31 17:55:29 | INFO | C03 | RUNNING STATS
2026-05-31 17:55:29 | INFO | C03 | total_pts=32
2026-05-31 17:55:29 | INFO | C03 | average_pts=1.39
2026-05-31 17:55:29 | INFO | C03 | min_pts=0.00
2026-05-31 17:55:29 | INFO | C03 | max_pts=3.00
2026-05-31 17:55:30 | INFO | P03 | {
  play_id: P0072
  game_id: 0042500317
  timestamp: 2026-06-01T03:47:24Z
  player_id: PL_1627936
  action_type: Made Shot
  shot_type: 2PT
  distance_ft: 1.0
  is_made: True
  quarter: 1
  time_remaining: PT05M42.00S
}
2026-05-31 17:55:30 | INFO | P03 |   Sending message with key=0042500317
2026-05-31 17:55:30 | INFO | P03 |   MESSAGE SENT  sent=49
2026-05-31 17:55:30 | INFO | C03 | {'action_type': 'Made Shot', 'distance_ft': '1.0', 'game_id': '0042500317', 'is_made': 'True', 'play_id': 'P0072', 'player_id': 'PL_1627936', 'quarter': '1', 'shot_type': '2PT', 'time_remaining': 'PT05M42.00S', 'timestamp': '2026-06-01T03:47:24Z', '_kafka_key': '0042500317', '_kafka_partition': 0, '_kafka_offset': 48}
2026-05-31 17:55:30 | INFO | C03 | shot_quality=Restricted Area
2026-05-31 17:55:30 | INFO | C03 | clutch_shot=False
2026-05-31 17:55:30 | INFO | C03 | points_scored=2
2026-05-31 17:55:30 | INFO | C03 | running_total_pts=34
2026-05-31 17:55:30 | INFO | C03 | MESSAGE ACCEPTED
2026-05-31 17:55:30 | INFO | C03 | play=P0072
2026-05-31 17:55:30 | INFO | C03 | points=2
2026-05-31 17:55:30 | INFO | C03 | consumed=24
2026-05-31 17:55:30 | INFO | C03 | RUNNING STATS
2026-05-31 17:55:30 | INFO | C03 | total_pts=34
2026-05-31 17:55:30 | INFO | C03 | average_pts=1.42
2026-05-31 17:55:30 | INFO | C03 | min_pts=0.00
2026-05-31 17:55:30 | INFO | C03 | max_pts=3.00
2026-05-31 17:55:30 | INFO | P03 | {
  play_id: P0073
  game_id: 0042500317
  timestamp: 2026-06-01T03:47:29Z
  player_id: PL_1642264
  action_type: Made Shot
  shot_type: 2PT
  distance_ft: 3.0
  is_made: True
  quarter: 1
  time_remaining: PT05M30.00S
}
2026-05-31 17:55:30 | INFO | P03 |   Sending message with key=0042500317
2026-05-31 17:55:30 | INFO | P03 |   MESSAGE SENT  sent=50
2026-05-31 17:55:30 | INFO | C03 | {'action_type': 'Made Shot', 'distance_ft': '3.0', 'game_id': '0042500317', 'is_made': 'True', 'play_id': 'P0073', 'player_id': 'PL_1642264', 'quarter': '1', 'shot_type': '2PT', 'time_remaining': 'PT05M30.00S', 'timestamp': '2026-06-01T03:47:29Z', '_kafka_key': '0042500317', '_kafka_partition': 0, '_kafka_offset': 49}
2026-05-31 17:55:30 | INFO | C03 | shot_quality=Restricted Area
2026-05-31 17:55:30 | INFO | C03 | clutch_shot=False
2026-05-31 17:55:30 | INFO | C03 | points_scored=2
2026-05-31 17:55:30 | INFO | C03 | running_total_pts=36
2026-05-31 17:55:30 | INFO | C03 | MESSAGE ACCEPTED
2026-05-31 17:55:30 | INFO | C03 | play=P0073
2026-05-31 17:55:30 | INFO | C03 | points=2
2026-05-31 17:55:30 | INFO | C03 | consumed=25
2026-05-31 17:55:30 | INFO | C03 | RUNNING STATS
2026-05-31 17:55:30 | INFO | C03 | total_pts=36
2026-05-31 17:55:30 | INFO | C03 | average_pts=1.44
2026-05-31 17:55:30 | INFO | C03 | min_pts=0.00
2026-05-31 17:55:30 | INFO | C03 | max_pts=3.00
2026-05-31 17:55:31 | INFO | P03 | {
  play_id: P0074
  game_id: 0042500317
  timestamp: 2026-06-01T03:47:34Z
  player_id: PL_1628983
  action_type: Foul
  shot_type: 2PT
  distance_ft: 0.0
  is_made: False
  quarter: 1
  time_remaining: PT05M30.00S
}
2026-05-31 17:55:31 | INFO | P03 |   Sending message with key=0042500317
2026-05-31 17:55:31 | INFO | C03 | {'action_type': 'Foul', 'distance_ft': '0.0', 'game_id': '0042500317', 'is_made': 'False', 'play_id': 'P0074', 'player_id': 'PL_1628983', 'quarter': '1', 'shot_type': '2PT', 'time_remaining': 'PT05M30.00S', 'timestamp': '2026-06-01T03:47:34Z', '_kafka_key': '0042500317', '_kafka_partition': 0, '_kafka_offset': 50}
2026-05-31 17:55:31 | INFO | C03 | Skipping non-shot event: play_id=P0074, action_type=Foul
2026-05-31 17:55:31 | INFO | P03 |   MESSAGE SENT  sent=51
2026-05-31 17:55:31 | WARNING | C03 | MESSAGE REJECTED
2026-05-31 17:55:31 | WARNING | C03 | play=P0074
2026-05-31 17:55:31 | WARNING | C03 | skipped=26
2026-05-31 17:55:31 | INFO | P03 | {
  play_id: P0076
  game_id: 0042500317
  timestamp: 2026-06-01T03:47:39Z
  player_id: PL_1642264
  action_type: Free Throw
  shot_type: FT
  distance_ft: 0.0
  is_made: True
  quarter: 1
  time_remaining: PT05M30.00S
}
2026-05-31 17:55:31 | INFO | P03 |   Sending message with key=0042500317
2026-05-31 17:55:31 | INFO | P03 |   MESSAGE SENT  sent=52
2026-05-31 17:55:31 | INFO | C03 | {'action_type': 'Free Throw', 'distance_ft': '0.0', 'game_id': '0042500317', 'is_made': 'True', 'play_id': 'P0076', 'player_id': 'PL_1642264', 'quarter': '1', 'shot_type': 'FT', 'time_remaining': 'PT05M30.00S', 'timestamp': '2026-06-01T03:47:39Z', '_kafka_key': '0042500317', '_kafka_partition': 0, '_kafka_offset': 51}
2026-05-31 17:55:31 | INFO | C03 | shot_quality=Restricted Area
2026-05-31 17:55:31 | INFO | C03 | clutch_shot=False
2026-05-31 17:55:31 | INFO | C03 | points_scored=1
2026-05-31 17:55:31 | INFO | C03 | running_total_pts=37
2026-05-31 17:55:31 | INFO | C03 | MESSAGE ACCEPTED
2026-05-31 17:55:31 | INFO | C03 | play=P0076
2026-05-31 17:55:31 | INFO | C03 | points=1
2026-05-31 17:55:31 | INFO | C03 | consumed=26
2026-05-31 17:55:31 | INFO | C03 | RUNNING STATS
2026-05-31 17:55:31 | INFO | C03 | total_pts=37
2026-05-31 17:55:31 | INFO | C03 | average_pts=1.42
2026-05-31 17:55:31 | INFO | C03 | min_pts=0.00
2026-05-31 17:55:31 | INFO | C03 | max_pts=3.00
2026-05-31 17:55:32 | INFO | P03 | {
  play_id: P0077
  game_id: 0042500317
  timestamp: 2026-06-01T03:47:44Z
  player_id: PL_1628392
  action_type: Turnover
  shot_type: 2PT
  distance_ft: 0.0
  is_made: False
  quarter: 1
  time_remaining: PT05M15.00S
}
2026-05-31 17:55:32 | INFO | P03 |   Sending message with key=0042500317
2026-05-31 17:55:32 | INFO | C03 | {'action_type': 'Turnover', 'distance_ft': '0.0', 'game_id': '0042500317', 'is_made': 'False', 'play_id': 'P0077', 'player_id': 'PL_1628392', 'quarter': '1', 'shot_type': '2PT', 'time_remaining': 'PT05M15.00S', 'timestamp': '2026-06-01T03:47:44Z', '_kafka_key': '0042500317', '_kafka_partition': 0, '_kafka_offset': 52}
2026-05-31 17:55:32 | INFO | P03 |   MESSAGE SENT  sent=53
2026-05-31 17:55:32 | INFO | C03 | Skipping non-shot event: play_id=P0077, action_type=Turnover
2026-05-31 17:55:32 | WARNING | C03 | MESSAGE REJECTED
2026-05-31 17:55:32 | WARNING | C03 | play=P0077
2026-05-31 17:55:32 | WARNING | C03 | skipped=27
2026-05-31 17:55:32 | INFO | P03 | {
  play_id: P0077
  game_id: 0042500317
  timestamp: 2026-06-01T03:47:49Z
  player_id: PL_1630577
  action_type: Unknown
  shot_type: 2PT
  distance_ft: 0.0
  is_made: False
  quarter: 1
  time_remaining: PT05M15.00S
}
2026-05-31 17:55:32 | INFO | P03 |   Sending message with key=0042500317
2026-05-31 17:55:32 | INFO | P03 |   MESSAGE SENT  sent=54
, 'distance_ft': '0.0', 'game_id': '0042500317', 'is_made': 'False', 'play_id': 'P0077', 'player_id': 'PL_1630577', 'quarter': '1', 'shot_type': '2PT', 'time_remaining': 'PT05M15.00S', 'timestamp': '2026-06-01T03:47:49Z', '_kafka_key': '0042500317', '_kafka_partition': 0, '_kafka_offset': 53}
2026-05-31 17:55:32 | INFO | C03 | Skipping non-shot event: play_id=P0077, action_type=Unknown
2026-05-31 17:55:32 | WARNING | C03 | MESSAGE REJECTED
2026-05-31 17:55:32 | WARNING | C03 | play=P0077
2026-05-31 17:55:32 | WARNING | C03 | skipped=28
2026-05-31 17:55:33 | INFO | P03 | {
  play_id: P0079
  game_id: 0042500317
  timestamp: 2026-06-01T03:47:54Z
  player_id: PL_1630577
  action_type: Made Shot
  shot_type: 3PT
  distance_ft: 24.0
  is_made: True
  quarter: 1
  time_remaining: PT05M07.00S
}
2026-05-31 17:55:33 | INFO | P03 |   Sending message with key=0042500317
2026-05-31 17:55:33 | INFO | P03 |   MESSAGE SENT  sent=55
2026-05-31 17:55:33 | INFO | C03 | {'action_type': 'Made Shot', 'distance_ft': '24.0', 'game_id': '0042500317', 'is_made': 'True', 'play_id': 'P0079', 'player_id': 'PL_1630577', 'quarter': '1', 'shot_type': '3PT', 'time_remaining': 'PT05M07.00S', 'timestamp': '2026-06-01T03:47:54Z', '_kafka_key': '0042500317', '_kafka_partition': 0, '_kafka_offset': 54}
2026-05-31 17:55:33 | INFO | C03 | shot_quality=NBA Deep 3
2026-05-31 17:55:33 | INFO | C03 | clutch_shot=False
2026-05-31 17:55:33 | INFO | C03 | points_scored=3
2026-05-31 17:55:33 | INFO | C03 | running_total_pts=40
2026-05-31 17:55:33 | INFO | C03 | MESSAGE ACCEPTED
2026-05-31 17:55:33 | INFO | C03 | play=P0079
2026-05-31 17:55:33 | INFO | C03 | points=3
2026-05-31 17:55:33 | INFO | C03 | consumed=27
2026-05-31 17:55:33 | INFO | C03 | RUNNING STATS
2026-05-31 17:55:33 | INFO | C03 | total_pts=40
2026-05-31 17:55:33 | INFO | C03 | average_pts=1.48
2026-05-31 17:55:33 | INFO | C03 | min_pts=0.00
2026-05-31 17:55:33 | INFO | C03 | max_pts=3.00
2026-05-31 17:55:34 | INFO | P03 | {
  play_id: P0081
  game_id: 0042500317
  timestamp: 2026-06-01T03:47:59Z
  player_id: PL_1642272
  action_type: Made Shot
  shot_type: 2PT
  distance_ft: 4.0
  is_made: True
  quarter: 1
  time_remaining: PT04M48.00S
}
2026-05-31 17:55:34 | INFO | P03 |   Sending message with key=0042500317
2026-05-31 17:55:34 | INFO | P03 |   MESSAGE SENT  sent=56
2026-05-31 17:55:34 | INFO | C03 | {'action_type': 'Made Shot', 'distance_ft': '4.0', 'game_id': '0042500317', 'is_made': 'True', 'play_id': 'P0081', 'player_id': 'PL_1642272', 'quarter': '1', 'shot_type': '2PT', 'time_remaining': 'PT04M48.00S', 'timestamp': '2026-06-01T03:47:59Z', '_kafka_key': '0042500317', '_kafka_partition': 0, '_kafka_offset': 55}
2026-05-31 17:55:34 | INFO | C03 | shot_quality=Paint
2026-05-31 17:55:34 | INFO | C03 | clutch_shot=False
2026-05-31 17:55:34 | INFO | C03 | points_scored=2
2026-05-31 17:55:34 | INFO | C03 | running_total_pts=42
2026-05-31 17:55:34 | INFO | C03 | MESSAGE ACCEPTED
2026-05-31 17:55:34 | INFO | C03 | play=P0081
2026-05-31 17:55:34 | INFO | C03 | points=2
2026-05-31 17:55:34 | INFO | C03 | consumed=28
2026-05-31 17:55:34 | INFO | C03 | RUNNING STATS
2026-05-31 17:55:34 | INFO | C03 | total_pts=42
2026-05-31 17:55:34 | INFO | C03 | average_pts=1.50
2026-05-31 17:55:34 | INFO | C03 | min_pts=0.00
2026-05-31 17:55:34 | INFO | C03 | max_pts=3.00
2026-05-31 17:55:34 | INFO | P03 | {
  play_id: P0082
  game_id: 0042500317
  timestamp: 2026-06-01T03:48:04Z
  player_id: PL_1642264
  action_type: Missed Shot
  shot_type: 3PT
  distance_ft: 25.0
  is_made: False
  quarter: 1
  time_remaining: PT04M33.00S
}
2026-05-31 17:55:34 | INFO | P03 |   Sending message with key=0042500317
2026-05-31 17:55:34 | INFO | C03 | {'action_type': 'Missed Shot', 'distance_ft': '25.0', 'game_id': '0042500317', 'is_made': 'False', 'play_id': 'P0082', 'player_id': 'PL_1642264', 'quarter': '1', 'shot_type': '3PT', 'time_remaining': 'PT04M33.00S', 'timestamp': '2026-06-01T03:48:04Z', '_kafka_key': '0042500317', '_kafka_partition': 0, '_kafka_offset': 56}
2026-05-31 17:55:34 | INFO | P03 |   MESSAGE SENT  sent=57
2026-05-31 17:55:34 | INFO | C03 | shot_quality=NBA Deep 3
2026-05-31 17:55:34 | INFO | C03 | clutch_shot=False
2026-05-31 17:55:34 | INFO | C03 | points_scored=0
2026-05-31 17:55:34 | INFO | C03 | running_total_pts=42
2026-05-31 17:55:34 | INFO | C03 | MESSAGE ACCEPTED
2026-05-31 17:55:34 | INFO | C03 | play=P0082
2026-05-31 17:55:34 | INFO | C03 | points=0
2026-05-31 17:55:34 | INFO | C03 | consumed=29
2026-05-31 17:55:34 | INFO | C03 | RUNNING STATS
2026-05-31 17:55:34 | INFO | C03 | total_pts=42
2026-05-31 17:55:34 | INFO | C03 | average_pts=1.45
2026-05-31 17:55:34 | INFO | C03 | min_pts=0.00
2026-05-31 17:55:34 | INFO | C03 | max_pts=3.00
2026-05-31 17:55:35 | INFO | P03 | {
  play_id: P0083
  game_id: 0042500317
  timestamp: 2026-06-01T03:48:09Z
  player_id: PL_1627936
  action_type: Rebound
  shot_type: 2PT
  distance_ft: 0.0
  is_made: False
  quarter: 1
  time_remaining: PT04M30.00S
}
2026-05-31 17:55:35 | INFO | P03 |   Sending message with key=0042500317
2026-05-31 17:55:35 | INFO | P03 |   MESSAGE SENT  sent=58
2026-05-31 17:55:35 | INFO | C03 | {'action_type': 'Rebound', 'distance_ft': '0.0', 'game_id': '0042500317', 'is_made': 'False', 'play_id': 'P0083', 'player_id': 'PL_1627936', 'quarter': '1', 'shot_type': '2PT', 'time_remaining': 'PT04M30.00S', 'timestamp': '2026-06-01T03:48:09Z', '_kafka_key': '0042500317', '_kafka_partition': 0, '_kafka_offset': 57}
2026-05-31 17:55:35 | INFO | C03 | Skipping non-shot event: play_id=P0083, action_type=Rebound
2026-05-31 17:55:35 | WARNING | C03 | MESSAGE REJECTED
2026-05-31 17:55:35 | WARNING | C03 | play=P0083
2026-05-31 17:55:35 | WARNING | C03 | skipped=29
2026-05-31 17:55:35 | INFO | P03 | {
  play_id: P0084
  game_id: 0042500317
  timestamp: 2026-06-01T03:48:14Z
  player_id: PL_1642272
  action_type: Made Shot
  shot_type: 3PT
  distance_ft: 0.0
  is_made: True
  quarter: 1
  time_remaining: PT04M25.00S
}
2026-05-31 17:55:35 | INFO | P03 |   Sending message with key=0042500317
2026-05-31 17:55:35 | INFO | C03 | {'action_type': 'Made Shot', 'distance_ft': '0.0', 'game_id': '0042500317', 'is_made': 'True', 'play_id': 'P0084', 'player_id': 'PL_1642272', 'quarter': '1', 'shot_type': '3PT', 'time_remaining': 'PT04M25.00S', 'timestamp': '2026-06-01T03:48:14Z', '_kafka_key': '0042500317', '_kafka_partition': 0, '_kafka_offset': 58}
2026-05-31 17:55:35 | INFO | P03 |   MESSAGE SENT  sent=59
2026-05-31 17:55:35 | INFO | C03 | shot_quality=Restricted Area
2026-05-31 17:55:35 | INFO | C03 | clutch_shot=False
2026-05-31 17:55:35 | INFO | C03 | points_scored=3
2026-05-31 17:55:35 | INFO | C03 | running_total_pts=45
2026-05-31 17:55:35 | INFO | C03 | MESSAGE ACCEPTED
2026-05-31 17:55:35 | INFO | C03 | play=P0084
2026-05-31 17:55:35 | INFO | C03 | points=3
2026-05-31 17:55:35 | INFO | C03 | consumed=30
2026-05-31 17:55:35 | INFO | C03 | RUNNING STATS
2026-05-31 17:55:35 | INFO | C03 | total_pts=45
2026-05-31 17:55:35 | INFO | C03 | average_pts=1.50
2026-05-31 17:55:35 | INFO | C03 | min_pts=0.00
2026-05-31 17:55:35 | INFO | C03 | max_pts=3.00
2026-05-31 17:55:36 | INFO | P03 | {
  play_id: P0086
  game_id: 0042500317
  timestamp: 2026-06-01T03:48:19Z
  player_id: PL_1610612759
  action_type: Timeout
  shot_type: 2PT
  distance_ft: 0.0
  is_made: False
  quarter: 1
  time_remaining: PT04M24.00S
}
2026-05-31 17:55:36 | INFO | P03 |   Sending message with key=0042500317
2026-05-31 17:55:36 | INFO | C03 | {'action_type': 'Timeout', 'distance_ft': '0.0', 'game_id': '0042500317', 'is_made': 'False', 'play_id': 'P0086', 'player_id': 'PL_1610612759', 'quarter': '1', 'shot_type': '2PT', 'time_remaining': 'PT04M24.00S', 'timestamp': '2026-06-01T03:48:19Z', '_kafka_key': '0042500317', '_kafka_partition': 0, '_kafka_offset': 59}
2026-05-31 17:55:36 | INFO | C03 | Skipping non-shot event: play_id=P0086, action_type=Timeout
2026-05-31 17:55:36 | WARNING | C03 | MESSAGE REJECTED
2026-05-31 17:55:36 | WARNING | C03 | play=P0086
2026-05-31 17:55:36 | WARNING | C03 | skipped=30
2026-05-31 17:55:36 | INFO | P03 | {
  play_id: P0088
  game_id: 0042500317
  timestamp: 2026-06-01T03:48:24Z
  player_id: PL_1641717
  action_type: Substitution
  shot_type: 2PT
  distance_ft: 0.0
  is_made: False
  quarter: 1
  time_remaining: PT04M24.00S
}
2026-05-31 17:55:36 | INFO | P03 |   Sending message with key=0042500317
2026-05-31 17:55:36 | INFO | P03 |   MESSAGE SENT  sent=61
2026-05-31 17:55:36 | INFO | C03 | {'action_type': 'Substitution', 'distance_ft': '0.0', 'game_id': '0042500317', 'is_made': 'False', 'play_id': 'P0088', 'player_id': 'PL_1641717', 'quarter': '1', 'shot_type': '2PT', 'time_remaining': 'PT04M24.00S', 'timestamp': '2026-06-01T03:48:24Z', '_kafka_key': '0042500317', '_kafka_partition': 0, '_kafka_offset': 60}
2026-05-31 17:55:36 | INFO | C03 | Skipping non-shot event: play_id=P0088, action_type=Substitution
2026-05-31 17:55:36 | WARNING | C03 | MESSAGE REJECTED
2026-05-31 17:55:36 | WARNING | C03 | play=P0088
2026-05-31 17:55:36 | WARNING | C03 | skipped=31
2026-05-31 17:55:37 | INFO | P03 | {
  play_id: P0089
  game_id: 0042500317
  timestamp: 2026-06-01T03:48:29Z
  player_id: PL_1628392
  action_type: Substitution
  shot_type: 2PT
  distance_ft: 0.0
  is_made: False
  quarter: 1
  time_remaining: PT04M24.00S
}
2026-05-31 17:55:37 | INFO | P03 |   Sending message with key=0042500317
2026-05-31 17:55:37 | INFO | P03 |   MESSAGE SENT  sent=62
2026-05-31 17:55:37 | INFO | C03 | {'action_type': 'Substitution', 'distance_ft': '0.0', 'game_id': '0042500317', 'is_made': 'False', 'play_id': 'P0089', 'player_id': 'PL_1628392', 'quarter': '1', 'shot_type': '2PT', 'time_remaining': 'PT04M24.00S', 'timestamp': '2026-06-01T03:48:29Z', '_kafka_key': '0042500317', '_kafka_partition': 0, '_kafka_offset': 61}
2026-05-31 17:55:37 | INFO | C03 | Skipping non-shot event: play_id=P0089, action_type=Substitution
2026-05-31 17:55:37 | WARNING | C03 | MESSAGE REJECTED
2026-05-31 17:55:37 | WARNING | C03 | play=P0089
2026-05-31 17:55:37 | WARNING | C03 | skipped=32
2026-05-31 17:55:37 | INFO | P03 | {
  play_id: P0090
  game_id: 0042500317
  timestamp: 2026-06-01T03:48:34Z
  player_id: PL_1630577
  action_type: Substitution
  shot_type: 2PT
  distance_ft: 0.0
  is_made: False
  quarter: 1
  time_remaining: PT04M24.00S
}
2026-05-31 17:55:37 | INFO | P03 |   Sending message with key=0042500317
2026-05-31 17:55:37 | INFO | P03 |   MESSAGE SENT  sent=63
2026-05-31 17:55:37 | INFO | C03 | {'action_type': 'Substitution', 'distance_ft': '0.0', 'game_id': '0042500317', 'is_made': 'False', 'play_id': 'P0090', 'player_id': 'PL_1630577', 'quarter': '1', 'shot_type': '2PT', 'time_remaining': 'PT04M24.00S', 'timestamp': '2026-06-01T03:48:34Z', '_kafka_key': '0042500317', '_kafka_partition': 0, '_kafka_offset': 62}
2026-05-31 17:55:37 | INFO | C03 | Skipping non-shot event: play_id=P0090, action_type=Substitution
2026-05-31 17:55:37 | WARNING | C03 | MESSAGE REJECTED
2026-05-31 17:55:37 | WARNING | C03 | play=P0090
2026-05-31 17:55:37 | WARNING | C03 | skipped=33
2026-05-31 17:55:38 | INFO | P03 | {
  play_id: P0091
  game_id: 0042500317
  timestamp: 2026-06-01T03:48:39Z
  player_id: PL_1628436
  action_type: Substitution
  shot_type: 2PT
  distance_ft: 0.0
  is_made: False
  quarter: 1
  time_remaining: PT04M24.00S
}
2026-05-31 17:55:38 | INFO | P03 |   Sending message with key=0042500317
2026-05-31 17:55:38 | INFO | C03 | {'action_type': 'Substitution', 'distance_ft': '0.0', 'game_id': '0042500317', 'is_made': 'False', 'play_id': 'P0091', 'player_id': 'PL_1628436', 'quarter': '1', 'shot_type': '2PT', 'time_remaining': 'PT04M24.00S', 'timestamp': '2026-06-01T03:48:39Z', '_kafka_key': '0042500317', '_kafka_partition': 0, '_kafka_offset': 63}
2026-05-31 17:55:38 | INFO | P03 |   MESSAGE SENT  sent=64
play_id=P0091, action_type=Substitution
2026-05-31 17:55:38 | WARNING | C03 | MESSAGE REJECTED
2026-05-31 17:55:38 | WARNING | C03 | play=P0091
2026-05-31 17:55:38 | WARNING | C03 | skipped=34
2026-05-31 17:55:39 | INFO | P03 | {
  play_id: P0096
  game_id: 0042500317
  timestamp: 2026-06-01T03:48:44Z
  player_id: PL_1642264
  action_type: Missed Shot
  shot_type: 2PT
  distance_ft: 4.0
  is_made: False
  quarter: 1
  time_remaining: PT04M07.00S
}
2026-05-31 17:55:39 | INFO | P03 |   Sending message with key=0042500317
2026-05-31 17:55:39 | INFO | P03 |   MESSAGE SENT  sent=65
2026-05-31 17:55:39 | INFO | C03 | {'action_type': 'Missed Shot', 'distance_ft': '4.0', 'game_id': '0042500317', 'is_made': 'False', 'play_id': 'P0096', 'player_id': 'PL_1642264', 'quarter': '1', 'shot_type': '2PT', 'time_remaining': 'PT04M07.00S', 'timestamp': '2026-06-01T03:48:44Z', '_kafka_key': '0042500317', '_kafka_partition': 0, '_kafka_offset': 64}
2026-05-31 17:55:39 | INFO | C03 | shot_quality=Paint
2026-05-31 17:55:39 | INFO | C03 | clutch_shot=False
2026-05-31 17:55:39 | INFO | C03 | points_scored=0
2026-05-31 17:55:39 | INFO | C03 | running_total_pts=45
2026-05-31 17:55:39 | INFO | C03 | MESSAGE ACCEPTED
2026-05-31 17:55:39 | INFO | C03 | play=P0096
2026-05-31 17:55:39 | INFO | C03 | points=0
2026-05-31 17:55:39 | INFO | C03 | consumed=31
2026-05-31 17:55:39 | INFO | C03 | RUNNING STATS
2026-05-31 17:55:39 | INFO | C03 | total_pts=45
2026-05-31 17:55:39 | INFO | C03 | average_pts=1.45
2026-05-31 17:55:39 | INFO | C03 | min_pts=0.00
2026-05-31 17:55:39 | INFO | C03 | max_pts=3.00
2026-05-31 17:55:39 | INFO | P03 | {
  play_id: P0097
  game_id: 0042500317
  timestamp: 2026-06-01T03:48:49Z
  player_id: PL_1631119
  action_type: Rebound
  shot_type: 2PT
  distance_ft: 0.0
  is_made: False
  quarter: 1
  time_remaining: PT04M05.00S
}
2026-05-31 17:55:39 | INFO | P03 |   Sending message with key=0042500317
2026-05-31 17:55:39 | INFO | C03 | {'action_type': 'Rebound', 'distance_ft': '0.0', 'game_id': '0042500317', 'is_made': 'False', 'play_id': 'P0097', 'player_id': 'PL_1631119', 'quarter': '1', 'shot_type': '2PT', 'time_remaining': 'PT04M05.00S', 'timestamp': '2026-06-01T03:48:49Z', '_kafka_key': '0042500317', '_kafka_partition': 0, '_kafka_offset': 65}
2026-05-31 17:55:39 | INFO | C03 | Skipping non-shot event: play_id=P0097, action_type=Rebound
2026-05-31 17:55:39 | INFO | P03 |   MESSAGE SENT  sent=66
2026-05-31 17:55:39 | WARNING | C03 | MESSAGE REJECTED
2026-05-31 17:55:39 | WARNING | C03 | play=P0097
2026-05-31 17:55:39 | WARNING | C03 | skipped=35
2026-05-31 17:55:40 | INFO | P03 | {
  play_id: P0098
  game_id: 0042500317
  timestamp: 2026-06-01T03:48:54Z
  player_id: PL_1631096
  action_type: Turnover
  shot_type: 2PT
  distance_ft: 0.0
  is_made: False
  quarter: 1
  time_remaining: PT04M00.00S
}
2026-05-31 17:55:40 | INFO | P03 |   Sending message with key=0042500317
2026-05-31 17:55:40 | INFO | P03 |   MESSAGE SENT  sent=67
2026-05-31 17:55:40 | INFO | C03 | {'action_type': 'Turnover', 'distance_ft': '0.0', 'game_id': '0042500317', 'is_made': 'False', 'play_id': 'P0098', 'player_id': 'PL_1631096', 'quarter': '1', 'shot_type': '2PT', 'time_remaining': 'PT04M00.00S', 'timestamp': '2026-06-01T03:48:54Z', '_kafka_key': '0042500317', '_kafka_partition': 0, '_kafka_offset': 66}
2026-05-31 17:55:40 | INFO | C03 | Skipping non-shot event: play_id=P0098, action_type=Turnover
2026-05-31 17:55:40 | WARNING | C03 | MESSAGE REJECTED
2026-05-31 17:55:40 | WARNING | C03 | play=P0098
2026-05-31 17:55:40 | WARNING | C03 | skipped=36
2026-05-31 17:55:40 | INFO | P03 | {
  play_id: P0098
  game_id: 0042500317
  timestamp: 2026-06-01T03:48:59Z
  player_id: PL_1629640
  action_type: Unknown
  shot_type: 2PT
  distance_ft: 0.0
  is_made: False
  quarter: 1
  time_remaining: PT04M00.00S
}
2026-05-31 17:55:40 | INFO | P03 |   Sending message with key=0042500317
2026-05-31 17:55:40 | INFO | C03 | {'action_type': 'Unknown', 'distance_ft': '0.0', 'game_id': '0042500317', 'is_made': 'False', 'play_id': 'P0098', 'player_id': 'PL_1629640', 'quarter': '1', 'shot_type': '2PT', 'time_remaining': 'PT04M00.00S', 'timestamp': '2026-06-01T03:48:59Z', '_kafka_key': '0042500317', '_kafka_partition': 0, '_kafka_offset': 67}
2026-05-31 17:55:40 | INFO | P03 |   MESSAGE SENT  sent=68
2026-05-31 17:55:40 | INFO | C03 | Skipping non-shot event: play_id=P0098, action_type=Unknown
2026-05-31 17:55:40 | WARNING | C03 | MESSAGE REJECTED
2026-05-31 17:55:40 | WARNING | C03 | play=P0098
2026-05-31 17:55:40 | WARNING | C03 | skipped=37
2026-05-31 17:55:41 | INFO | P03 | {
  play_id: P0100
  game_id: 0042500317
  timestamp: 2026-06-01T03:49:04Z
  player_id: PL_1642264
  action_type: Turnover
  shot_type: 2PT
  distance_ft: 0.0
  is_made: False
  quarter: 1
  time_remaining: PT03M54.00S
}
2026-05-31 17:55:41 | INFO | P03 |   Sending message with key=0042500317
2026-05-31 17:55:41 | INFO | P03 |   MESSAGE SENT  sent=69
2026-05-31 17:55:41 | INFO | C03 | {'action_type': 'Turnover', 'distance_ft': '0.0', 'game_id': '0042500317', 'is_made': 'False', 'play_id': 'P0100', 'player_id': 'PL_1642264', 'quarter': '1', 'shot_type': '2PT', 'time_remaining': 'PT03M54.00S', 'timestamp': '2026-06-01T03:49:04Z', '_kafka_key': '0042500317', '_kafka_partition': 0, '_kafka_offset': 68}
2026-05-31 17:55:41 | INFO | C03 | Skipping non-shot event: play_id=P0100, action_type=Turnover
2026-05-31 17:55:41 | WARNING | C03 | MESSAGE REJECTED
2026-05-31 17:55:41 | WARNING | C03 | play=P0100
2026-05-31 17:55:41 | WARNING | C03 | skipped=38
2026-05-31 17:55:41 | INFO | P03 | {
  play_id: P0100
  game_id: 0042500317
  timestamp: 2026-06-01T03:49:09Z
  player_id: PL_1642272
  action_type: Unknown
  shot_type: 2PT
  distance_ft: 0.0
  is_made: False
  quarter: 1
  time_remaining: PT03M54.00S
}
2026-05-31 17:55:41 | INFO | P03 |   Sending message with key=0042500317
2026-05-31 17:55:41 | INFO | P03 |   MESSAGE SENT  sent=70
2026-05-31 17:55:41 | INFO | C03 | {'action_type': 'Unknown', 'distance_ft': '0.0', 'game_id': '0042500317', 'is_made': 'False', 'play_id': 'P0100', 'player_id': 'PL_1642272', 'quarter': '1', 'shot_type': '2PT', 'time_remaining': 'PT03M54.00S', 'timestamp': '2026-06-01T03:49:09Z', '_kafka_key': '0042500317', '_kafka_partition': 0, '_kafka_offset': 69}
2026-05-31 17:55:41 | INFO | C03 | Skipping non-shot event: play_id=P0100, action_type=Unknown
2026-05-31 17:55:41 | WARNING | C03 | MESSAGE REJECTED
2026-05-31 17:55:41 | WARNING | C03 | play=P0100
2026-05-31 17:55:41 | WARNING | C03 | skipped=39
2026-05-31 17:55:42 | INFO | P03 | {
  play_id: P0102
  game_id: 0042500317
  timestamp: 2026-06-01T03:49:14Z
  player_id: PL_1642844
  action_type: Foul
  shot_type: 2PT
  distance_ft: 0.0
  is_made: False
  quarter: 1
  time_remaining: PT03M49.00S
}
2026-05-31 17:55:42 | INFO | P03 |   Sending message with key=0042500317
2026-05-31 17:55:42 | INFO | P03 |   MESSAGE SENT  sent=71
2026-05-31 17:55:42 | INFO | C03 | {'action_type': 'Foul', 'distance_ft': '0.0', 'game_id': '0042500317', 'is_made': 'False', 'play_id': 'P0102', 'player_id': 'PL_1642844', 'quarter': '1', 'shot_type': '2PT', 'time_remaining': 'PT03M49.00S', 'timestamp': '2026-06-01T03:49:14Z', '_kafka_key': '0042500317', '_kafka_partition': 0, '_kafka_offset': 70}
2026-05-31 17:55:42 | INFO | C03 | Skipping non-shot event: play_id=P0102, action_type=Foul
2026-05-31 17:55:42 | WARNING | C03 | MESSAGE REJECTED
2026-05-31 17:55:42 | WARNING | C03 | play=P0102
2026-05-31 17:55:42 | WARNING | C03 | skipped=40
2026-05-31 17:55:42 | INFO | P03 | {
  play_id: P0104
  game_id: 0042500317
  timestamp: 2026-06-01T03:49:19Z
  player_id: PL_1628983
  action_type: Free Throw
  shot_type: FT
  distance_ft: 0.0
  is_made: True
  quarter: 1
  time_remaining: PT03M49.00S
}
2026-05-31 17:55:42 | INFO | P03 |   Sending message with key=0042500317
2026-05-31 17:55:42 | INFO | P03 |   MESSAGE SENT  sent=72
2026-05-31 17:55:42 | INFO | C03 | {'action_type': 'Free Throw', 'distance_ft': '0.0', 'game_id': '0042500317', 'is_made': 'True', 'play_id': 'P0104', 'player_id': 'PL_1628983', 'quarter': '1', 'shot_type': 'FT', 'time_remaining': 'PT03M49.00S', 'timestamp': '2026-06-01T03:49:19Z', '_kafka_key': '0042500317', '_kafka_partition': 0, '_kafka_offset': 71}
2026-05-31 17:55:42 | INFO | C03 | shot_quality=Restricted Area
2026-05-31 17:55:42 | INFO | C03 | clutch_shot=False
2026-05-31 17:55:42 | INFO | C03 | points_scored=1
2026-05-31 17:55:42 | INFO | C03 | running_total_pts=46
2026-05-31 17:55:42 | INFO | C03 | MESSAGE ACCEPTED
2026-05-31 17:55:42 | INFO | C03 | play=P0104
2026-05-31 17:55:42 | INFO | C03 | points=1
2026-05-31 17:55:42 | INFO | C03 | consumed=32
2026-05-31 17:55:42 | INFO | C03 | RUNNING STATS
2026-05-31 17:55:42 | INFO | C03 | total_pts=46
2026-05-31 17:55:42 | INFO | C03 | average_pts=1.44
2026-05-31 17:55:42 | INFO | C03 | min_pts=0.00
2026-05-31 17:55:42 | INFO | C03 | max_pts=3.00
2026-05-31 17:55:43 | INFO | P03 | {
  play_id: P0105
  game_id: 0042500317
  timestamp: 2026-06-01T03:49:24Z
  player_id: PL_1642264
  action_type: Substitution
  shot_type: 2PT
  distance_ft: 0.0
  is_made: False
  quarter: 1
  time_remaining: PT03M49.00S
}
2026-05-31 17:55:43 | INFO | P03 |   Sending message with key=0042500317
2026-05-31 17:55:43 | INFO | C03 | {'action_type': 'Substitution', 'distance_ft': '0.0', 'game_id': '0042500317', 'is_made': 'False', 'play_id': 'P0105', 'player_id': 'PL_1642264', 'quarter': '1', 'shot_type': '2PT', 'time_remaining': 'PT03M49.00S', 'timestamp': '2026-06-01T03:49:24Z', '_kafka_key': '0042500317', '_kafka_partition': 0, '_kafka_offset': 72}
2026-05-31 17:55:43 | INFO | P03 |   MESSAGE SENT  sent=73
2026-05-31 17:55:43 | INFO | C03 | Skipping non-shot event: play_id=P0105, action_type=Substitution
2026-05-31 17:55:43 | WARNING | C03 | MESSAGE REJECTED
2026-05-31 17:55:43 | WARNING | C03 | play=P0105
2026-05-31 17:55:43 | WARNING | C03 | skipped=41
2026-05-31 17:55:44 | INFO | P03 | {
  play_id: P0107
  game_id: 0042500317
  timestamp: 2026-06-01T03:49:29Z
  player_id: PL_1628983
  action_type: Free Throw
  shot_type: FT
  distance_ft: 0.0
  is_made: True
  quarter: 1
  time_remaining: PT03M49.00S
}
2026-05-31 17:55:44 | INFO | P03 |   Sending message with key=0042500317
2026-05-31 17:55:44 | INFO | P03 |   MESSAGE SENT  sent=74
2026-05-31 17:55:44 | INFO | C03 | {'action_type': 'Free Throw', 'distance_ft': '0.0', 'game_id': '0042500317', 'is_made': 'True', 'play_id': 'P0107', 'player_id': 'PL_1628983', 'quarter': '1', 'shot_type': 'FT', 'time_remaining': 'PT03M49.00S', 'timestamp': '2026-06-01T03:49:29Z', '_kafka_key': '0042500317', '_kafka_partition': 0, '_kafka_offset': 73}
2026-05-31 17:55:44 | INFO | C03 | shot_quality=Restricted Area
2026-05-31 17:55:44 | INFO | C03 | clutch_shot=False
2026-05-31 17:55:44 | INFO | C03 | points_scored=1
2026-05-31 17:55:44 | INFO | C03 | running_total_pts=47
2026-05-31 17:55:44 | INFO | C03 | MESSAGE ACCEPTED
2026-05-31 17:55:44 | INFO | C03 | play=P0107
2026-05-31 17:55:44 | INFO | C03 | points=1
2026-05-31 17:55:44 | INFO | C03 | consumed=33
2026-05-31 17:55:44 | INFO | C03 | RUNNING STATS
2026-05-31 17:55:44 | INFO | C03 | total_pts=47
2026-05-31 17:55:44 | INFO | C03 | average_pts=1.42
2026-05-31 17:55:44 | INFO | C03 | min_pts=0.00
2026-05-31 17:55:44 | INFO | C03 | max_pts=3.00
2026-05-31 17:55:44 | INFO | P03 | {
  play_id: P0108
  game_id: 0042500317
  timestamp: 2026-06-01T03:49:34Z
  player_id: PL_1641705
  action_type: Missed Shot
  shot_type: 2PT
  distance_ft: 22.0
  is_made: False
  quarter: 1
  time_remaining: PT03M26.00S
}
2026-05-31 17:55:44 | INFO | P03 |   Sending message with key=0042500317
2026-05-31 17:55:44 | INFO | P03 |   MESSAGE SENT  sent=75
2026-05-31 17:55:44 | INFO | C03 | {'action_type': 'Missed Shot', 'distance_ft': '22.0', 'game_id': '0042500317', 'is_made': 'False', 'play_id': 'P0108', 'player_id': 'PL_1641705', 'quarter': '1', 'shot_type': '2PT', 'time_remaining': 'PT03M26.00S', 'timestamp': '2026-06-01T03:49:34Z', '_kafka_key': '0042500317', '_kafka_partition': 0, '_kafka_offset': 74}
2026-05-31 17:55:44 | INFO | C03 | shot_quality=Mid-Range
2026-05-31 17:55:44 | INFO | C03 | clutch_shot=False
2026-05-31 17:55:44 | INFO | C03 | points_scored=0
2026-05-31 17:55:44 | INFO | C03 | running_total_pts=47
2026-05-31 17:55:44 | INFO | C03 | MESSAGE ACCEPTED
2026-05-31 17:55:44 | INFO | C03 | play=P0108
2026-05-31 17:55:44 | INFO | C03 | points=0
2026-05-31 17:55:44 | INFO | C03 | consumed=34
2026-05-31 17:55:44 | INFO | C03 | RUNNING STATS
2026-05-31 17:55:44 | INFO | C03 | total_pts=47
2026-05-31 17:55:44 | INFO | C03 | average_pts=1.38
2026-05-31 17:55:44 | INFO | C03 | min_pts=0.00
2026-05-31 17:55:44 | INFO | C03 | max_pts=3.00
2026-05-31 17:55:45 | INFO | P03 | {
  play_id: P0109
  game_id: 0042500317
  timestamp: 2026-06-01T03:49:39Z
  player_id: PL_1628983
  action_type: Rebound
  shot_type: 2PT
  distance_ft: 0.0
  is_made: False
  quarter: 1
  time_remaining: PT03M23.00S
}
2026-05-31 17:55:45 | INFO | P03 |   Sending message with key=0042500317
2026-05-31 17:55:45 | INFO | P03 |   MESSAGE SENT  sent=76
2026-05-31 17:55:45 | INFO | C03 | {'action_type': 'Rebound', 'distance_ft': '0.0', 'game_id': '0042500317', 'is_made': 'False', 'play_id': 'P0109', 'player_id': 'PL_1628983', 'quarter': '1', 'shot_type': '2PT', 'time_remaining': 'PT03M23.00S', 'timestamp': '2026-06-01T03:49:39Z', '_kafka_key': '0042500317', '_kafka_partition': 0, '_kafka_offset': 75}
2026-05-31 17:55:45 | INFO | C03 | Skipping non-shot event: play_id=P0109, action_type=Rebound
2026-05-31 17:55:45 | WARNING | C03 | MESSAGE REJECTED
2026-05-31 17:55:45 | WARNING | C03 | play=P0109
2026-05-31 17:55:45 | WARNING | C03 | skipped=42
2026-05-31 17:55:45 | INFO | P03 | {
  play_id: P0110
  game_id: 0042500317
  timestamp: 2026-06-01T03:49:44Z
  player_id: PL_1628983
  action_type: Missed Shot
  shot_type: 3PT
  distance_ft: 25.0
  is_made: False
  quarter: 1
  time_remaining: PT03M07.00S
}
2026-05-31 17:55:45 | INFO | P03 |   Sending message with key=0042500317
2026-05-31 17:55:45 | INFO | P03 |   MESSAGE SENT  sent=77
2026-05-31 17:55:45 | INFO | C03 | {'action_type': 'Missed Shot', 'distance_ft': '25.0', 'game_id': '0042500317', 'is_made': 'False', 'play_id': 'P0110', 'player_id': 'PL_1628983', 'quarter': '1', 'shot_type': '3PT', 'time_remaining': 'PT03M07.00S', 'timestamp': '2026-06-01T03:49:44Z', '_kafka_key': '0042500317', '_kafka_partition': 0, '_kafka_offset': 76}
2026-05-31 17:55:45 | INFO | C03 | shot_quality=NBA Deep 3
2026-05-31 17:55:45 | INFO | C03 | clutch_shot=False
2026-05-31 17:55:45 | INFO | C03 | points_scored=0
2026-05-31 17:55:45 | INFO | C03 | running_total_pts=47
2026-05-31 17:55:45 | INFO | C03 | MESSAGE ACCEPTED
2026-05-31 17:55:45 | INFO | C03 | play=P0110
2026-05-31 17:55:45 | INFO | C03 | points=0
2026-05-31 17:55:45 | INFO | C03 | consumed=35
2026-05-31 17:55:45 | INFO | C03 | RUNNING STATS
2026-05-31 17:55:45 | INFO | C03 | total_pts=47
2026-05-31 17:55:45 | INFO | C03 | average_pts=1.34
2026-05-31 17:55:45 | INFO | C03 | min_pts=0.00
2026-05-31 17:55:45 | INFO | C03 | max_pts=3.00
2026-05-31 17:55:46 | INFO | P03 | {
  play_id: P0111
  game_id: 0042500317
  timestamp: 2026-06-01T03:49:49Z
  player_id: PL_1631119
  action_type: Rebound
  shot_type: 2PT
  distance_ft: 0.0
  is_made: False
  quarter: 1
  time_remaining: PT03M05.00S
}
2026-05-31 17:55:46 | INFO | P03 |   Sending message with key=0042500317
2026-05-31 17:55:46 | INFO | P03 |   MESSAGE SENT  sent=78
2026-05-31 17:55:46 | INFO | C03 | {'action_type': 'Rebound', 'distance_ft': '0.0', 'game_id': '0042500317', 'is_made': 'False', 'play_id': 'P0111', 'player_id': 'PL_1631119', 'quarter': '1', 'shot_type': '2PT', 'time_remaining': 'PT03M05.00S', 'timestamp': '2026-06-01T03:49:49Z', '_kafka_key': '0042500317', '_kafka_partition': 0, '_kafka_offset': 77}
2026-05-31 17:55:46 | INFO | C03 | Skipping non-shot event: play_id=P0111, action_type=Rebound
2026-05-31 17:55:46 | WARNING | C03 | MESSAGE REJECTED
2026-05-31 17:55:46 | WARNING | C03 | play=P0111
2026-05-31 17:55:46 | WARNING | C03 | skipped=43
2026-05-31 17:55:46 | INFO | P03 | {
  play_id: P0112
  game_id: 0042500317
  timestamp: 2026-06-01T03:49:54Z
  player_id: PL_1631119
  action_type: Missed Shot
  shot_type: 3PT
  distance_ft: 25.0
  is_made: False
  quarter: 1
  time_remaining: PT02M56.00S
}
2026-05-31 17:55:46 | INFO | P03 |   Sending message with key=0042500317
2026-05-31 17:55:46 | INFO | P03 |   MESSAGE SENT  sent=79
2026-05-31 17:55:46 | INFO | C03 | {'action_type': 'Missed Shot', 'distance_ft': '25.0', 'game_id': '0042500317', 'is_made': 'False', 'play_id': 'P0112', 'player_id': 'PL_1631119', 'quarter': '1', 'shot_type': '3PT', 'time_remaining': 'PT02M56.00S', 'timestamp': '2026-06-01T03:49:54Z', '_kafka_key': '0042500317', '_kafka_partition': 0, '_kafka_offset': 78}
2026-05-31 17:55:46 | INFO | C03 | shot_quality=NBA Deep 3
2026-05-31 17:55:46 | INFO | C03 | clutch_shot=False
2026-05-31 17:55:46 | INFO | C03 | points_scored=0
2026-05-31 17:55:46 | INFO | C03 | running_total_pts=47
2026-05-31 17:55:46 | INFO | C03 | MESSAGE ACCEPTED
2026-05-31 17:55:46 | INFO | C03 | play=P0112
2026-05-31 17:55:46 | INFO | C03 | points=0
2026-05-31 17:55:46 | INFO | C03 | consumed=36
2026-05-31 17:55:46 | INFO | C03 | RUNNING STATS
2026-05-31 17:55:46 | INFO | C03 | total_pts=47
2026-05-31 17:55:46 | INFO | C03 | average_pts=1.31
2026-05-31 17:55:46 | INFO | C03 | min_pts=0.00
2026-05-31 17:55:46 | INFO | C03 | max_pts=3.00
2026-05-31 17:55:47 | INFO | P03 | {
  play_id: P0113
  game_id: 0042500317
  timestamp: 2026-06-01T03:49:59Z
  player_id: PL_1630170
  action_type: Rebound
  shot_type: 2PT
  distance_ft: 0.0
  is_made: False
  quarter: 1
  time_remaining: PT02M53.00S
}
2026-05-31 17:55:47 | INFO | P03 |   Sending message with key=0042500317
2026-05-31 17:55:47 | INFO | P03 |   MESSAGE SENT  sent=80
2026-05-31 17:55:47 | INFO | C03 | {'action_type': 'Rebound', 'distance_ft': '0.0', 'game_id': '0042500317', 'is_made': 'False', 'play_id': 'P0113', 'player_id': 'PL_1630170', 'quarter': '1', 'shot_type': '2PT', 'time_remaining': 'PT02M53.00S', 'timestamp': '2026-06-01T03:49:59Z', '_kafka_key': '0042500317', '_kafka_partition': 0, '_kafka_offset': 79}
2026-05-31 17:55:47 | INFO | C03 | Skipping non-shot event: play_id=P0113, action_type=Rebound
2026-05-31 17:55:47 | WARNING | C03 | MESSAGE REJECTED
2026-05-31 17:55:47 | WARNING | C03 | play=P0113
2026-05-31 17:55:47 | WARNING | C03 | skipped=44
2026-05-31 17:55:47 | INFO | P03 | {
  play_id: P0114
  game_id: 0042500317
  timestamp: 2026-06-01T03:50:04Z
  player_id: PL_1630170
  action_type: Missed Shot
  shot_type: 2PT
  distance_ft: 10.0
  is_made: False
  quarter: 1
  time_remaining: PT02M42.00S
}
2026-05-31 17:55:47 | INFO | P03 |   Sending message with key=0042500317
2026-05-31 17:55:47 | INFO | P03 |   MESSAGE SENT  sent=81
hot', 'distance_ft': '10.0', 'game_id': '0042500317', 'is_made': 'False', 'play_id': 'P0114', 'player_id': 'PL_1630170', 'quarter': '1', 'shot_type': '2PT', 'time_remaining': 'PT02M42.00S', 'timestamp': '2026-06-01T03:50:04Z', '_kafka_key': '0042500317', '_kafka_partition': 0, '_kafka_offset': 80}
2026-05-31 17:55:47 | INFO | C03 | shot_quality=Paint
2026-05-31 17:55:47 | INFO | C03 | clutch_shot=False
2026-05-31 17:55:47 | INFO | C03 | points_scored=0
2026-05-31 17:55:47 | INFO | C03 | running_total_pts=47
2026-05-31 17:55:47 | INFO | C03 | MESSAGE ACCEPTED
2026-05-31 17:55:47 | INFO | C03 | play=P0114
2026-05-31 17:55:47 | INFO | C03 | points=0
2026-05-31 17:55:47 | INFO | C03 | consumed=37
2026-05-31 17:55:47 | INFO | C03 | RUNNING STATS
2026-05-31 17:55:47 | INFO | C03 | total_pts=47
2026-05-31 17:55:47 | INFO | C03 | average_pts=1.27
2026-05-31 17:55:47 | INFO | C03 | min_pts=0.00
2026-05-31 17:55:47 | INFO | C03 | max_pts=3.00
2026-05-31 17:55:48 | INFO | P03 | {
  play_id: P0115
  game_id: 0042500317
  timestamp: 2026-06-01T03:50:09Z
  player_id: PL_1631119
  action_type: Rebound
  shot_type: 2PT
  distance_ft: 0.0
  is_made: False
  quarter: 1
  time_remaining: PT02M40.00S
}
2026-05-31 17:55:48 | INFO | P03 |   Sending message with key=0042500317
2026-05-31 17:55:48 | INFO | P03 |   MESSAGE SENT  sent=82
2026-05-31 17:55:48 | INFO | C03 | {'action_type': 'Rebound', 'distance_ft': '0.0', 'game_id': '0042500317', 'is_made': 'False', 'play_id': 'P0115', 'player_id': 'PL_1631119', 'quarter': '1', 'shot_type': '2PT', 'time_remaining': 'PT02M40.00S', 'timestamp': '2026-06-01T03:50:09Z', '_kafka_key': '0042500317', '_kafka_partition': 0, '_kafka_offset': 81}
2026-05-31 17:55:48 | INFO | C03 | Skipping non-shot event: play_id=P0115, action_type=Rebound
2026-05-31 17:55:48 | WARNING | C03 | MESSAGE REJECTED
2026-05-31 17:55:48 | WARNING | C03 | play=P0115
2026-05-31 17:55:48 | WARNING | C03 | skipped=45
2026-05-31 17:55:49 | INFO | P03 | {
  play_id: P0116
  game_id: 0042500317
  timestamp: 2026-06-01T03:50:14Z
  player_id: PL_1642272
  action_type: Missed Shot
  shot_type: 3PT
  distance_ft: 25.0
  is_made: False
  quarter: 1
  time_remaining: PT02M34.00S
}
2026-05-31 17:55:49 | INFO | P03 |   Sending message with key=0042500317
2026-05-31 17:55:49 | INFO | P03 |   MESSAGE SENT  sent=83
2026-05-31 17:55:49 | INFO | C03 | {'action_type': 'Missed Shot', 'distance_ft': '25.0', 'game_id': '0042500317', 'is_made': 'False', 'play_id': 'P0116', 'player_id': 'PL_1642272', 'quarter': '1', 'shot_type': '3PT', 'time_remaining': 'PT02M34.00S', 'timestamp': '2026-06-01T03:50:14Z', '_kafka_key': '0042500317', '_kafka_partition': 0, '_kafka_offset': 82}
2026-05-31 17:55:49 | INFO | C03 | shot_quality=NBA Deep 3
2026-05-31 17:55:49 | INFO | C03 | clutch_shot=False
2026-05-31 17:55:49 | INFO | C03 | points_scored=0
2026-05-31 17:55:49 | INFO | C03 | running_total_pts=47
2026-05-31 17:55:49 | INFO | C03 | MESSAGE ACCEPTED
2026-05-31 17:55:49 | INFO | C03 | play=P0116
2026-05-31 17:55:49 | INFO | C03 | points=0
2026-05-31 17:55:49 | INFO | C03 | consumed=38
2026-05-31 17:55:49 | INFO | C03 | RUNNING STATS
2026-05-31 17:55:49 | INFO | C03 | total_pts=47
2026-05-31 17:55:49 | INFO | C03 | average_pts=1.24
2026-05-31 17:55:49 | INFO | C03 | min_pts=0.00
2026-05-31 17:55:49 | INFO | C03 | max_pts=3.00
2026-05-31 17:55:49 | INFO | P03 | {
  play_id: P0117
  game_id: 0042500317
  timestamp: 2026-06-01T03:50:19Z
  player_id: PL_1631096
  action_type: Rebound
  shot_type: 2PT
  distance_ft: 0.0
  is_made: False
  quarter: 1
  time_remaining: PT02M32.00S
}
2026-05-31 17:55:49 | INFO | P03 |   Sending message with key=0042500317
2026-05-31 17:55:49 | INFO | C03 | {'action_type': 'Rebound', 'distance_ft': '0.0', 'game_id': '0042500317', 'is_made': 'False', 'play_id': 'P0117', 'player_id': 'PL_1631096', 'quarter': '1', 'shot_type': '2PT', 'time_remaining': 'PT02M32.00S', 'timestamp': '2026-06-01T03:50:19Z', '_kafka_key': '0042500317', '_kafka_partition': 0, '_kafka_offset': 83}
2026-05-31 17:55:49 | INFO | P03 |   MESSAGE SENT  sent=84
2026-05-31 17:55:49 | INFO | C03 | Skipping non-shot event: play_id=P0117, action_type=Rebound
2026-05-31 17:55:49 | WARNING | C03 | MESSAGE REJECTED
2026-05-31 17:55:49 | WARNING | C03 | play=P0117
2026-05-31 17:55:49 | WARNING | C03 | skipped=46
2026-05-31 17:55:50 | INFO | P03 | {
  play_id: P0118
  game_id: 0042500317
  timestamp: 2026-06-01T03:50:24Z
  player_id: PL_1629640
  action_type: Foul
  shot_type: 2PT
  distance_ft: 0.0
  is_made: False
  quarter: 1
  time_remaining: PT02M32.00S
}
2026-05-31 17:55:50 | INFO | P03 |   Sending message with key=0042500317
2026-05-31 17:55:50 | INFO | P03 |   MESSAGE SENT  sent=85
2026-05-31 17:55:50 | INFO | C03 | {'action_type': 'Foul', 'distance_ft': '0.0', 'game_id': '0042500317', 'is_made': 'False', 'play_id': 'P0118', 'player_id': 'PL_1629640', 'quarter': '1', 'shot_type': '2PT', 'time_remaining': 'PT02M32.00S', 'timestamp': '2026-06-01T03:50:24Z', '_kafka_key': '0042500317', '_kafka_partition': 0, '_kafka_offset': 84}
2026-05-31 17:55:50 | INFO | C03 | Skipping non-shot event: play_id=P0118, action_type=Foul
2026-05-31 17:55:50 | WARNING | C03 | MESSAGE REJECTED
2026-05-31 17:55:50 | WARNING | C03 | play=P0118
2026-05-31 17:55:50 | WARNING | C03 | skipped=47
2026-05-31 17:55:50 | INFO | P03 | {
  play_id: P0120
  game_id: 0042500317
  timestamp: 2026-06-01T03:50:29Z
  player_id: PL_1631119
  action_type: Substitution
  shot_type: 2PT
  distance_ft: 0.0
  is_made: False
  quarter: 1
  time_remaining: PT02M32.00S
}
2026-05-31 17:55:50 | INFO | P03 |   Sending message with key=0042500317
2026-05-31 17:55:50 | INFO | P03 |   MESSAGE SENT  sent=86
2026-05-31 17:55:50 | INFO | C03 | {'action_type': 'Substitution', 'distance_ft': '0.0', 'game_id': '0042500317', 'is_made': 'False', 'play_id': 'P0120', 'player_id': 'PL_1631119', 'quarter': '1', 'shot_type': '2PT', 'time_remaining': 'PT02M32.00S', 'timestamp': '2026-06-01T03:50:29Z', '_kafka_key': '0042500317', '_kafka_partition': 0, '_kafka_offset': 85}
2026-05-31 17:55:50 | INFO | C03 | Skipping non-shot event: play_id=P0120, action_type=Substitution
2026-05-31 17:55:50 | WARNING | C03 | MESSAGE REJECTED
2026-05-31 17:55:50 | WARNING | C03 | play=P0120
2026-05-31 17:55:50 | WARNING | C03 | skipped=48
2026-05-31 17:55:51 | INFO | P03 | {
  play_id: P0122
  game_id: 0042500317
  timestamp: 2026-06-01T03:50:34Z
  player_id: PL_1629026
  action_type: Missed Shot
  shot_type: 3PT
  distance_ft: 26.0
  is_made: False
  quarter: 1
  time_remaining: PT02M22.00S
}
2026-05-31 17:55:51 | INFO | P03 |   Sending message with key=0042500317
2026-05-31 17:55:51 | INFO | P03 |   MESSAGE SENT  sent=87
2026-05-31 17:55:51 | INFO | C03 | {'action_type': 'Missed Shot', 'distance_ft': '26.0', 'game_id': '0042500317', 'is_made': 'False', 'play_id': 'P0122', 'player_id': 'PL_1629026', 'quarter': '1', 'shot_type': '3PT', 'time_remaining': 'PT02M22.00S', 'timestamp': '2026-06-01T03:50:34Z', '_kafka_key': '0042500317', '_kafka_partition': 0, '_kafka_offset': 86}
2026-05-31 17:55:51 | INFO | C03 | shot_quality=NBA Deep 3
2026-05-31 17:55:51 | INFO | C03 | clutch_shot=False
2026-05-31 17:55:51 | INFO | C03 | points_scored=0
2026-05-31 17:55:51 | INFO | C03 | running_total_pts=47
2026-05-31 17:55:51 | INFO | C03 | MESSAGE ACCEPTED
2026-05-31 17:55:51 | INFO | C03 | play=P0122
2026-05-31 17:55:51 | INFO | C03 | points=0
2026-05-31 17:55:51 | INFO | C03 | consumed=39
2026-05-31 17:55:51 | INFO | C03 | RUNNING STATS
2026-05-31 17:55:51 | INFO | C03 | total_pts=47
2026-05-31 17:55:51 | INFO | C03 | average_pts=1.21
2026-05-31 17:55:51 | INFO | C03 | min_pts=0.00
2026-05-31 17:55:51 | INFO | C03 | max_pts=3.00
2026-05-31 17:55:51 | INFO | P03 | {
  play_id: P0123
  game_id: 0042500317
  timestamp: 2026-06-01T03:50:39Z
  player_id: PL_1641705
  action_type: Rebound
  shot_type: 2PT
  distance_ft: 0.0
  is_made: False
  quarter: 1
  time_remaining: PT02M18.00S
}
2026-05-31 17:55:51 | INFO | P03 |   Sending message with key=0042500317
2026-05-31 17:55:51 | INFO | P03 |   MESSAGE SENT  sent=88
, 'distance_ft': '0.0', 'game_id': '0042500317', 'is_made': 'False', 'play_id': 'P0123', 'player_id': 'PL_1641705', 'quarter': '1', 'shot_type': '2PT', 'time_remaining': 'PT02M18.00S', 'timestamp': '2026-06-01T03:50:39Z', '_kafka_key': '0042500317', '_kafka_partition': 0, '_kafka_offset': 87}
2026-05-31 17:55:51 | INFO | C03 | Skipping non-shot event: play_id=P0123, action_type=Rebound
2026-05-31 17:55:51 | WARNING | C03 | MESSAGE REJECTED
2026-05-31 17:55:51 | WARNING | C03 | play=P0123
2026-05-31 17:55:51 | WARNING | C03 | skipped=49
2026-05-31 17:55:52 | INFO | P03 | {
  play_id: P0124
  game_id: 0042500317
  timestamp: 2026-06-01T03:50:44Z
  player_id: PL_1642844
  action_type: Made Shot
  shot_type: 2PT
  distance_ft: 3.0
  is_made: True
  quarter: 1
  time_remaining: PT02M07.00S
}
2026-05-31 17:55:52 | INFO | P03 |   Sending message with key=0042500317
2026-05-31 17:55:52 | INFO | C03 | {'action_type': 'Made Shot', 'distance_ft': '3.0', 'game_id': '0042500317', 'is_made': 'True', 'play_id': 'P0124', 'player_id': 'PL_1642844', 'quarter': '1', 'shot_type': '2PT', 'time_remaining': 'PT02M07.00S', 'timestamp': '2026-06-01T03:50:44Z', '_kafka_key': '0042500317', '_kafka_partition': 0, '_kafka_offset': 88}
2026-05-31 17:55:52 | INFO | P03 |   MESSAGE SENT  sent=89
2026-05-31 17:55:52 | INFO | C03 | shot_quality=Restricted Area
2026-05-31 17:55:52 | INFO | C03 | clutch_shot=False
2026-05-31 17:55:52 | INFO | C03 | points_scored=2
2026-05-31 17:55:52 | INFO | C03 | running_total_pts=49
2026-05-31 17:55:52 | INFO | C03 | MESSAGE ACCEPTED
2026-05-31 17:55:52 | INFO | C03 | play=P0124
2026-05-31 17:55:52 | INFO | C03 | points=2
2026-05-31 17:55:52 | INFO | C03 | consumed=40
2026-05-31 17:55:52 | INFO | C03 | RUNNING STATS
2026-05-31 17:55:52 | INFO | C03 | total_pts=49
2026-05-31 17:55:52 | INFO | C03 | average_pts=1.23
2026-05-31 17:55:52 | INFO | C03 | min_pts=0.00
2026-05-31 17:55:52 | INFO | C03 | max_pts=3.00
2026-05-31 17:55:52 | INFO | P03 | {
  play_id: P0125
  game_id: 0042500317
  timestamp: 2026-06-01T03:50:49Z
  player_id: PL_1628983
  action_type: Missed Shot
  shot_type: 2PT
  distance_ft: 8.0
  is_made: False
  quarter: 1
  time_remaining: PT01M53.00S
}
2026-05-31 17:55:52 | INFO | P03 |   Sending message with key=0042500317
2026-05-31 17:55:52 | INFO | C03 | {'action_type': 'Missed Shot', 'distance_ft': '8.0', 'game_id': '0042500317', 'is_made': 'False', 'play_id': 'P0125', 'player_id': 'PL_1628983', 'quarter': '1', 'shot_type': '2PT', 'time_remaining': 'PT01M53.00S', 'timestamp': '2026-06-01T03:50:49Z', '_kafka_key': '0042500317', '_kafka_partition': 0, '_kafka_offset': 89}
2026-05-31 17:55:52 | INFO | C03 | shot_quality=Paint
2026-05-31 17:55:52 | INFO | C03 | clutch_shot=False
2026-05-31 17:55:52 | INFO | C03 | points_scored=0
2026-05-31 17:55:52 | INFO | C03 | running_total_pts=49
2026-05-31 17:55:52 | INFO | C03 | MESSAGE ACCEPTED
2026-05-31 17:55:52 | INFO | C03 | play=P0125
2026-05-31 17:55:52 | INFO | C03 | points=0
2026-05-31 17:55:52 | INFO | C03 | consumed=41
2026-05-31 17:55:53 | INFO | C03 | RUNNING STATS
2026-05-31 17:55:53 | INFO | C03 | total_pts=49
2026-05-31 17:55:53 | INFO | C03 | average_pts=1.20
2026-05-31 17:55:53 | INFO | C03 | min_pts=0.00
2026-05-31 17:55:53 | INFO | C03 | max_pts=3.00
2026-05-31 17:55:53 | INFO | P03 | {
  play_id: P0126
  game_id: 0042500317
  timestamp: 2026-06-01T03:50:54Z
  player_id: PL_1630170
  action_type: Rebound
  shot_type: 2PT
  distance_ft: 0.0
  is_made: False
  quarter: 1
  time_remaining: PT01M51.00S
}
2026-05-31 17:55:53 | INFO | P03 |   Sending message with key=0042500317
2026-05-31 17:55:53 | INFO | P03 |   MESSAGE SENT  sent=91
2026-05-31 17:55:53 | INFO | C03 | {'action_type': 'Rebound', 'distance_ft': '0.0', 'game_id': '0042500317', 'is_made': 'False', 'play_id': 'P0126', 'player_id': 'PL_1630170', 'quarter': '1', 'shot_type': '2PT', 'time_remaining': 'PT01M51.00S', 'timestamp': '2026-06-01T03:50:54Z', '_kafka_key': '0042500317', '_kafka_partition': 0, '_kafka_offset': 90}
2026-05-31 17:55:53 | INFO | C03 | Skipping non-shot event: play_id=P0126, action_type=Rebound
2026-05-31 17:55:53 | WARNING | C03 | MESSAGE REJECTED
2026-05-31 17:55:53 | WARNING | C03 | play=P0126
2026-05-31 17:55:53 | WARNING | C03 | skipped=50
2026-05-31 17:55:54 | INFO | P03 | {
  play_id: P0127
  game_id: 0042500317
  timestamp: 2026-06-01T03:50:59Z
  player_id: PL_1642272
  action_type: Foul
  shot_type: 2PT
  distance_ft: 0.0
  is_made: False
  quarter: 1
  time_remaining: PT01M49.00S
}
2026-05-31 17:55:54 | INFO | P03 |   Sending message with key=0042500317
2026-05-31 17:55:54 | INFO | P03 |   MESSAGE SENT  sent=92
2026-05-31 17:55:54 | INFO | C03 | {'action_type': 'Foul', 'distance_ft': '0.0', 'game_id': '0042500317', 'is_made': 'False', 'play_id': 'P0127', 'player_id': 'PL_1642272', 'quarter': '1', 'shot_type': '2PT', 'time_remaining': 'PT01M49.00S', 'timestamp': '2026-06-01T03:50:59Z', '_kafka_key': '0042500317', '_kafka_partition': 0, '_kafka_offset': 91}
2026-05-31 17:55:54 | INFO | C03 | Skipping non-shot event: play_id=P0127, action_type=Foul
2026-05-31 17:55:54 | WARNING | C03 | MESSAGE REJECTED
2026-05-31 17:55:54 | WARNING | C03 | play=P0127
2026-05-31 17:55:54 | WARNING | C03 | skipped=51
2026-05-31 17:55:54 | INFO | P03 | {
  play_id: P0129
  game_id: 0042500317
  timestamp: 2026-06-01T03:51:04Z
  player_id: PL_1630170
  action_type: Free Throw
  shot_type: FT
  distance_ft: 0.0
  is_made: True
  quarter: 1
  time_remaining: PT01M49.00S
}
2026-05-31 17:55:54 | INFO | P03 |   Sending message with key=0042500317
2026-05-31 17:55:54 | INFO | P03 |   MESSAGE SENT  sent=93
2026-05-31 17:55:54 | INFO | C03 | {'action_type': 'Free Throw', 'distance_ft': '0.0', 'game_id': '0042500317', 'is_made': 'True', 'play_id': 'P0129', 'player_id': 'PL_1630170', 'quarter': '1', 'shot_type': 'FT', 'time_remaining': 'PT01M49.00S', 'timestamp': '2026-06-01T03:51:04Z', '_kafka_key': '0042500317', '_kafka_partition': 0, '_kafka_offset': 92}
2026-05-31 17:55:54 | INFO | C03 | shot_quality=Restricted Area
2026-05-31 17:55:54 | INFO | C03 | clutch_shot=False
2026-05-31 17:55:54 | INFO | C03 | points_scored=1
2026-05-31 17:55:54 | INFO | C03 | running_total_pts=50
2026-05-31 17:55:54 | INFO | C03 | MESSAGE ACCEPTED
2026-05-31 17:55:54 | INFO | C03 | play=P0129
2026-05-31 17:55:54 | INFO | C03 | points=1
2026-05-31 17:55:54 | INFO | C03 | consumed=42
2026-05-31 17:55:54 | INFO | C03 | RUNNING STATS
2026-05-31 17:55:54 | INFO | C03 | total_pts=50
2026-05-31 17:55:54 | INFO | C03 | average_pts=1.19
2026-05-31 17:55:54 | INFO | C03 | min_pts=0.00
2026-05-31 17:55:54 | INFO | C03 | max_pts=3.00
2026-05-31 17:55:55 | INFO | P03 | {
  play_id: P0130
  game_id: 0042500317
  timestamp: 2026-06-01T03:51:09Z
  player_id: PL_1642844
  action_type: Substitution
  shot_type: 2PT
  distance_ft: 0.0
  is_made: False
  quarter: 1
  time_remaining: PT01M49.00S
}
2026-05-31 17:55:55 | INFO | P03 |   Sending message with key=0042500317
2026-05-31 17:55:55 | INFO | P03 |   MESSAGE SENT  sent=94
tion', 'distance_ft': '0.0', 'game_id': '0042500317', 'is_made': 'False', 'play_id': 'P0130', 'player_id': 'PL_1642844', 'quarter': '1', 'shot_type': '2PT', 'time_remaining': 'PT01M49.00S', 'timestamp': '2026-06-01T03:51:09Z', '_kafka_key': '0042500317', '_kafka_partition': 0, '_kafka_offset': 93}
2026-05-31 17:55:55 | INFO | C03 | Skipping non-shot event: play_id=P0130, action_type=Substitution
2026-05-31 17:55:55 | WARNING | C03 | MESSAGE REJECTED
2026-05-31 17:55:55 | WARNING | C03 | play=P0130
2026-05-31 17:55:55 | WARNING | C03 | skipped=52
2026-05-31 17:55:55 | INFO | P03 | {
  play_id: P0132
  game_id: 0042500317
  timestamp: 2026-06-01T03:51:14Z
  player_id: PL_1630170
  action_type: Free Throw
  shot_type: FT
  distance_ft: 0.0
  is_made: True
  quarter: 1
  time_remaining: PT01M49.00S
}
2026-05-31 17:55:55 | INFO | P03 |   Sending message with key=0042500317
2026-05-31 17:55:55 | INFO | P03 |   MESSAGE SENT  sent=95
ow', 'distance_ft': '0.0', 'game_id': '0042500317', 'is_made': 'True', 'play_id': 'P0132', 'player_id': 'PL_1630170', 'quarter': '1', 'shot_type': 'FT', 'time_remaining': 'PT01M49.00S', 'timestamp': '2026-06-01T03:51:14Z', '_kafka_key': '0042500317', '_kafka_partition': 0, '_kafka_offset': 94}
2026-05-31 17:55:55 | INFO | C03 | shot_quality=Restricted Area
2026-05-31 17:55:55 | INFO | C03 | clutch_shot=False
2026-05-31 17:55:55 | INFO | C03 | points_scored=1
2026-05-31 17:55:55 | INFO | C03 | running_total_pts=51
2026-05-31 17:55:55 | INFO | C03 | MESSAGE ACCEPTED
2026-05-31 17:55:55 | INFO | C03 | play=P0132
2026-05-31 17:55:55 | INFO | C03 | points=1
2026-05-31 17:55:55 | INFO | C03 | consumed=43
2026-05-31 17:55:55 | INFO | C03 | RUNNING STATS
2026-05-31 17:55:55 | INFO | C03 | total_pts=51
2026-05-31 17:55:55 | INFO | C03 | average_pts=1.19
2026-05-31 17:55:55 | INFO | C03 | min_pts=0.00
2026-05-31 17:55:55 | INFO | C03 | max_pts=3.00
2026-05-31 17:55:56 | INFO | P03 | {
  play_id: P0133
  game_id: 0042500317
  timestamp: 2026-06-01T03:51:19Z
  player_id: PL_1627936
  action_type: Missed Shot
  shot_type: 3PT
  distance_ft: 24.0
  is_made: False
  quarter: 1
  time_remaining: PT01M25.00S
}
2026-05-31 17:55:56 | INFO | P03 |   Sending message with key=0042500317
2026-05-31 17:55:56 | INFO | P03 |   MESSAGE SENT  sent=96
2026-05-31 17:55:56 | INFO | C03 | {'action_type': 'Missed Shot', 'distance_ft': '24.0', 'game_id': '0042500317', 'is_made': 'False', 'play_id': 'P0133', 'player_id': 'PL_1627936', 'quarter': '1', 'shot_type': '3PT', 'time_remaining': 'PT01M25.00S', 'timestamp': '2026-06-01T03:51:19Z', '_kafka_key': '0042500317', '_kafka_partition': 0, '_kafka_offset': 95}
2026-05-31 17:55:56 | INFO | C03 | shot_quality=NBA Deep 3
2026-05-31 17:55:56 | INFO | C03 | clutch_shot=False
2026-05-31 17:55:56 | INFO | C03 | points_scored=0
2026-05-31 17:55:56 | INFO | C03 | running_total_pts=51
2026-05-31 17:55:56 | INFO | C03 | MESSAGE ACCEPTED
2026-05-31 17:55:56 | INFO | C03 | play=P0133
2026-05-31 17:55:56 | INFO | C03 | points=0
2026-05-31 17:55:56 | INFO | C03 | consumed=44
2026-05-31 17:55:56 | INFO | C03 | RUNNING STATS
2026-05-31 17:55:56 | INFO | C03 | total_pts=51
2026-05-31 17:55:56 | INFO | C03 | average_pts=1.16
2026-05-31 17:55:56 | INFO | C03 | min_pts=0.00
2026-05-31 17:55:56 | INFO | C03 | max_pts=3.00
2026-05-31 17:55:56 | INFO | P03 | {
  play_id: P0134
  game_id: 0042500317
  timestamp: 2026-06-01T03:51:24Z
  player_id: PL_1641705
  action_type: Rebound
  shot_type: 2PT
  distance_ft: 0.0
  is_made: False
  quarter: 1
  time_remaining: PT01M20.00S
}
2026-05-31 17:55:56 | INFO | P03 |   Sending message with key=0042500317
2026-05-31 17:55:56 | INFO | P03 |   MESSAGE SENT  sent=97
2026-05-31 17:55:56 | INFO | C03 | {'action_type': 'Rebound', 'distance_ft': '0.0', 'game_id': '0042500317', 'is_made': 'False', 'play_id': 'P0134', 'player_id': 'PL_1641705', 'quarter': '1', 'shot_type': '2PT', 'time_remaining': 'PT01M20.00S', 'timestamp': '2026-06-01T03:51:24Z', '_kafka_key': '0042500317', '_kafka_partition': 0, '_kafka_offset': 96}
2026-05-31 17:55:56 | INFO | C03 | Skipping non-shot event: play_id=P0134, action_type=Rebound
2026-05-31 17:55:56 | WARNING | C03 | MESSAGE REJECTED
2026-05-31 17:55:56 | WARNING | C03 | play=P0134
2026-05-31 17:55:56 | WARNING | C03 | skipped=53
2026-05-31 17:55:57 | INFO | P03 | {
  play_id: P0135
  game_id: 0042500317
  timestamp: 2026-06-01T03:51:29Z
  player_id: PL_1630577
  action_type: Turnover
  shot_type: 2PT
  distance_ft: 0.0
  is_made: False
  quarter: 1
  time_remaining: PT01M12.00S
}
2026-05-31 17:55:57 | INFO | P03 |   Sending message with key=0042500317
2026-05-31 17:55:57 | INFO | P03 |   MESSAGE SENT  sent=98
', 'distance_ft': '0.0', 'game_id': '0042500317', 'is_made': 'False', 'play_id': 'P0135', 'player_id': 'PL_1630577', 'quarter': '1', 'shot_type': '2PT', 'time_remaining': 'PT01M12.00S', 'timestamp': '2026-06-01T03:51:29Z', '_kafka_key': '0042500317', '_kafka_partition': 0, '_kafka_offset': 97}
2026-05-31 17:55:57 | INFO | C03 | Skipping non-shot event: play_id=P0135, action_type=Turnover
2026-05-31 17:55:57 | WARNING | C03 | MESSAGE REJECTED
2026-05-31 17:55:57 | WARNING | C03 | play=P0135
2026-05-31 17:55:57 | WARNING | C03 | skipped=54
2026-05-31 17:55:57 | INFO | P03 | {
  play_id: P0136
  game_id: 0042500317
  timestamp: 2026-06-01T03:51:34Z
  player_id: PL_1631096
  action_type: Substitution
  shot_type: 2PT
  distance_ft: 0.0
  is_made: False
  quarter: 1
  time_remaining: PT01M12.00S
}
2026-05-31 17:55:57 | INFO | P03 |   Sending message with key=0042500317
2026-05-31 17:55:57 | INFO | P03 |   MESSAGE SENT  sent=99
2026-05-31 17:55:57 | INFO | C03 | {'action_type': 'Substitution', 'distance_ft': '0.0', 'game_id': '0042500317', 'is_made': 'False', 'play_id': 'P0136', 'player_id': 'PL_1631096', 'quarter': '1', 'shot_type': '2PT', 'time_remaining': 'PT01M12.00S', 'timestamp': '2026-06-01T03:51:34Z', '_kafka_key': '0042500317', '_kafka_partition': 0, '_kafka_offset': 98}
2026-05-31 17:55:57 | INFO | C03 | Skipping non-shot event: play_id=P0136, action_type=Substitution
2026-05-31 17:55:57 | WARNING | C03 | MESSAGE REJECTED
2026-05-31 17:55:57 | WARNING | C03 | play=P0136
2026-05-31 17:55:57 | WARNING | C03 | skipped=55
2026-05-31 17:55:58 | INFO | P03 | {
  play_id: P0137
  game_id: 0042500317
  timestamp: 2026-06-01T03:51:39Z
  player_id: PL_1629640
  action_type: Substitution
  shot_type: 2PT
  distance_ft: 0.0
  is_made: False
  quarter: 1
  time_remaining: PT01M12.00S
}
2026-05-31 17:55:58 | INFO | P03 |   Sending message with key=0042500317
2026-05-31 17:55:58 | INFO | P03 |   MESSAGE SENT  sent=100
2026-05-31 17:55:58 | INFO | C03 | {'action_type': 'Substitution', 'distance_ft': '0.0', 'game_id': '0042500317', 'is_made': 'False', 'play_id': 'P0137', 'player_id': 'PL_1629640', 'quarter': '1', 'shot_type': '2PT', 'time_remaining': 'PT01M12.00S', 'timestamp': '2026-06-01T03:51:39Z', '_kafka_key': '0042500317', '_kafka_partition': 0, '_kafka_offset': 99}
2026-05-31 17:55:58 | INFO | C03 | Skipping non-shot event: play_id=P0137, action_type=Substitution
2026-05-31 17:55:58 | WARNING | C03 | MESSAGE REJECTED
2026-05-31 17:55:58 | WARNING | C03 | play=P0137
2026-05-31 17:55:58 | WARNING | C03 | skipped=56
2026-05-31 17:55:59 | INFO | P03 | {
  play_id: P0138
  game_id: 0042500317
  timestamp: 2026-06-01T03:51:44Z
  player_id: PL_1630170
  action_type: Substitution
  shot_type: 2PT
  distance_ft: 0.0
  is_made: False
  quarter: 1
  time_remaining: PT01M12.00S
}
2026-05-31 17:55:59 | INFO | P03 |   Sending message with key=0042500317
2026-05-31 17:55:59 | INFO | C03 | {'action_type': 'Substitution', 'distance_ft': '0.0', 'game_id': '0042500317', 'is_made': 'False', 'play_id': 'P0138', 'player_id': 'PL_1630170', 'quarter': '1', 'shot_type': '2PT', 'time_remaining': 'PT01M12.00S', 'timestamp': '2026-06-01T03:51:44Z', '_kafka_key': '0042500317', '_kafka_partition': 0, '_kafka_offset': 100}
2026-05-31 17:55:59 | INFO | P03 |   MESSAGE SENT  sent=101
2026-05-31 17:55:59 | INFO | C03 | Skipping non-shot event: play_id=P0138, action_type=Substitution
2026-05-31 17:55:59 | WARNING | C03 | MESSAGE REJECTED
2026-05-31 17:55:59 | WARNING | C03 | play=P0138
2026-05-31 17:55:59 | WARNING | C03 | skipped=57
2026-05-31 17:55:59 | INFO | P03 | {
  play_id: P0142
  game_id: 0042500317
  timestamp: 2026-06-01T03:51:49Z
  player_id: PL_1627936
  action_type: Missed Shot
  shot_type: 3PT
  distance_ft: 25.0
  is_made: False
  quarter: 1
  time_remaining: PT00M53.80S
}
2026-05-31 17:55:59 | INFO | P03 |   Sending message with key=0042500317
2026-05-31 17:55:59 | INFO | P03 |   MESSAGE SENT  sent=102
2026-05-31 17:55:59 | INFO | C03 | {'action_type': 'Missed Shot', 'distance_ft': '25.0', 'game_id': '0042500317', 'is_made': 'False', 'play_id': 'P0142', 'player_id': 'PL_1627936', 'quarter': '1', 'shot_type': '3PT', 'time_remaining': 'PT00M53.80S', 'timestamp': '2026-06-01T03:51:49Z', '_kafka_key': '0042500317', '_kafka_partition': 0, '_kafka_offset': 101}
2026-05-31 17:55:59 | INFO | C03 | shot_quality=NBA Deep 3
2026-05-31 17:55:59 | INFO | C03 | clutch_shot=False
2026-05-31 17:55:59 | INFO | C03 | points_scored=0
2026-05-31 17:55:59 | INFO | C03 | running_total_pts=51
2026-05-31 17:55:59 | INFO | C03 | MESSAGE ACCEPTED
2026-05-31 17:55:59 | INFO | C03 | play=P0142
2026-05-31 17:55:59 | INFO | C03 | points=0
2026-05-31 17:55:59 | INFO | C03 | consumed=45
2026-05-31 17:55:59 | INFO | C03 | RUNNING STATS
2026-05-31 17:55:59 | INFO | C03 | total_pts=51
2026-05-31 17:55:59 | INFO | C03 | average_pts=1.13
2026-05-31 17:55:59 | INFO | C03 | min_pts=0.00
2026-05-31 17:55:59 | INFO | C03 | max_pts=3.00
2026-05-31 17:56:00 | INFO | P03 | {
  play_id: P0143
  game_id: 0042500317
  timestamp: 2026-06-01T03:51:54Z
  player_id: PL_1629026
  action_type: Rebound
  shot_type: 2PT
  distance_ft: 0.0
  is_made: False
  quarter: 1
  time_remaining: PT00M53.10S
}
2026-05-31 17:56:00 | INFO | P03 |   Sending message with key=0042500317
2026-05-31 17:56:00 | INFO | P03 |   MESSAGE SENT  sent=103
2026-05-31 17:56:00 | INFO | C03 | {'action_type': 'Rebound', 'distance_ft': '0.0', 'game_id': '0042500317', 'is_made': 'False', 'play_id': 'P0143', 'player_id': 'PL_1629026', 'quarter': '1', 'shot_type': '2PT', 'time_remaining': 'PT00M53.10S', 'timestamp': '2026-06-01T03:51:54Z', '_kafka_key': '0042500317', '_kafka_partition': 0, '_kafka_offset': 102}
2026-05-31 17:56:00 | INFO | C03 | Skipping non-shot event: play_id=P0143, action_type=Rebound
2026-05-31 17:56:00 | WARNING | C03 | MESSAGE REJECTED
2026-05-31 17:56:00 | WARNING | C03 | play=P0143
2026-05-31 17:56:00 | WARNING | C03 | skipped=58
2026-05-31 17:56:00 | INFO | P03 | {
  play_id: P0144
  game_id: 0042500317
  timestamp: 2026-06-01T03:51:59Z
  player_id: PL_1629026
  action_type: Made Shot
  shot_type: 2PT
  distance_ft: 0.0
  is_made: True
  quarter: 1
  time_remaining: PT00M53.10S
}
2026-05-31 17:56:00 | INFO | P03 |   Sending message with key=0042500317
2026-05-31 17:56:00 | INFO | P03 |   MESSAGE SENT  sent=104
2026-05-31 17:56:00 | INFO | C03 | {'action_type': 'Made Shot', 'distance_ft': '0.0', 'game_id': '0042500317', 'is_made': 'True', 'play_id': 'P0144', 'player_id': 'PL_1629026', 'quarter': '1', 'shot_type': '2PT', 'time_remaining': 'PT00M53.10S', 'timestamp': '2026-06-01T03:51:59Z', '_kafka_key': '0042500317', '_kafka_partition': 0, '_kafka_offset': 103}
2026-05-31 17:56:00 | INFO | C03 | shot_quality=Restricted Area
2026-05-31 17:56:00 | INFO | C03 | clutch_shot=False
2026-05-31 17:56:00 | INFO | C03 | points_scored=2
2026-05-31 17:56:00 | INFO | C03 | running_total_pts=53
2026-05-31 17:56:00 | INFO | C03 | MESSAGE ACCEPTED
2026-05-31 17:56:00 | INFO | C03 | play=P0144
2026-05-31 17:56:00 | INFO | C03 | points=2
2026-05-31 17:56:00 | INFO | C03 | consumed=46
2026-05-31 17:56:00 | INFO | C03 | RUNNING STATS
2026-05-31 17:56:00 | INFO | C03 | total_pts=53
2026-05-31 17:56:00 | INFO | C03 | average_pts=1.15
2026-05-31 17:56:00 | INFO | C03 | min_pts=0.00
2026-05-31 17:56:00 | INFO | C03 | max_pts=3.00
2026-05-31 17:56:01 | INFO | P03 | {
  play_id: P0145
  game_id: 0042500317
  timestamp: 2026-06-01T03:52:04Z
  player_id: PL_1641705
  action_type: Foul
  shot_type: 2PT
  distance_ft: 0.0
  is_made: False
  quarter: 1
  time_remaining: PT00M40.20S
}
2026-05-31 17:56:01 | INFO | P03 |   Sending message with key=0042500317
2026-05-31 17:56:01 | INFO | P03 |   MESSAGE SENT  sent=105
2026-05-31 17:56:01 | INFO | C03 | {'action_type': 'Foul', 'distance_ft': '0.0', 'game_id': '0042500317', 'is_made': 'False', 'play_id': 'P0145', 'player_id': 'PL_1641705', 'quarter': '1', 'shot_type': '2PT', 'time_remaining': 'PT00M40.20S', 'timestamp': '2026-06-01T03:52:04Z', '_kafka_key': '0042500317', '_kafka_partition': 0, '_kafka_offset': 104}
2026-05-31 17:56:01 | INFO | C03 | Skipping non-shot event: play_id=P0145, action_type=Foul
2026-05-31 17:56:01 | WARNING | C03 | MESSAGE REJECTED
2026-05-31 17:56:01 | WARNING | C03 | play=P0145
2026-05-31 17:56:01 | WARNING | C03 | skipped=59
2026-05-31 17:56:01 | INFO | P03 | {
  play_id: P0150
  game_id: 0042500317
  timestamp: 2026-06-01T03:52:09Z
  player_id: PL_1641705
  action_type: Turnover
  shot_type: 2PT
  distance_ft: 0.0
  is_made: False
  quarter: 1
  time_remaining: PT00M40.20S
}
2026-05-31 17:56:01 | INFO | P03 |   Sending message with key=0042500317
2026-05-31 17:56:01 | INFO | P03 |   MESSAGE SENT  sent=106
2026-05-31 17:56:01 | INFO | C03 | {'action_type': 'Turnover', 'distance_ft': '0.0', 'game_id': '0042500317', 'is_made': 'False', 'play_id': 'P0150', 'player_id': 'PL_1641705', 'quarter': '1', 'shot_type': '2PT', 'time_remaining': 'PT00M40.20S', 'timestamp': '2026-06-01T03:52:09Z', '_kafka_key': '0042500317', '_kafka_partition': 0, '_kafka_offset': 105}
2026-05-31 17:56:01 | INFO | C03 | Skipping non-shot event: play_id=P0150, action_type=Turnover
2026-05-31 17:56:01 | WARNING | C03 | MESSAGE REJECTED
2026-05-31 17:56:01 | WARNING | C03 | play=P0150
2026-05-31 17:56:01 | WARNING | C03 | skipped=60
2026-05-31 17:56:02 | INFO | P03 | {
  play_id: P0147
  game_id: 0042500317
  timestamp: 2026-06-01T03:52:14Z
  player_id: PL_1610612760
  action_type: Timeout
  shot_type: 2PT
  distance_ft: 0.0
  is_made: False
  quarter: 1
  time_remaining: PT00M40.20S
}
2026-05-31 17:56:02 | INFO | P03 |   Sending message with key=0042500317
2026-05-31 17:56:02 | INFO | P03 |   MESSAGE SENT  sent=107
2026-05-31 17:56:02 | INFO | C03 | {'action_type': 'Timeout', 'distance_ft': '0.0', 'game_id': '0042500317', 'is_made': 'False', 'play_id': 'P0147', 'player_id': 'PL_1610612760', 'quarter': '1', 'shot_type': '2PT', 'time_remaining': 'PT00M40.20S', 'timestamp': '2026-06-01T03:52:14Z', '_kafka_key': '0042500317', '_kafka_partition': 0, '_kafka_offset': 106}
2026-05-31 17:56:02 | INFO | C03 | Skipping non-shot event: play_id=P0147, action_type=Timeout
2026-05-31 17:56:02 | WARNING | C03 | MESSAGE REJECTED
2026-05-31 17:56:02 | WARNING | C03 | play=P0147
2026-05-31 17:56:02 | WARNING | C03 | skipped=61
2026-05-31 17:56:02 | INFO | P03 | {
  play_id: P0148
  game_id: 0042500317
  timestamp: 2026-06-01T03:52:19Z
  player_id: PL_1627327
  action_type: Foul
  shot_type: 2PT
  distance_ft: 0.0
  is_made: False
  quarter: 1
  time_remaining: PT00M40.20S
}
2026-05-31 17:56:02 | INFO | P03 |   Sending message with key=0042500317
2026-05-31 17:56:02 | INFO | P03 |   MESSAGE SENT  sent=108
2026-05-31 17:56:02 | INFO | C03 | {'action_type': 'Foul', 'distance_ft': '0.0', 'game_id': '0042500317', 'is_made': 'False', 'play_id': 'P0148', 'player_id': 'PL_1627327', 'quarter': '1', 'shot_type': '2PT', 'time_remaining': 'PT00M40.20S', 'timestamp': '2026-06-01T03:52:19Z', '_kafka_key': '0042500317', '_kafka_partition': 0, '_kafka_offset': 107}
2026-05-31 17:56:02 | INFO | C03 | Skipping non-shot event: play_id=P0148, action_type=Foul
2026-05-31 17:56:02 | WARNING | C03 | MESSAGE REJECTED
2026-05-31 17:56:02 | WARNING | C03 | play=P0148
2026-05-31 17:56:02 | WARNING | C03 | skipped=62
2026-05-31 17:56:03 | INFO | P03 | {
  play_id: P0149
  game_id: 0042500317
  timestamp: 2026-06-01T03:52:24Z
  player_id: PL_145
  action_type: Instant Replay
  shot_type: 2PT
  distance_ft: 0.0
  is_made: False
  quarter: 1
  time_remaining: PT00M40.20S
}
2026-05-31 17:56:03 | INFO | P03 |   Sending message with key=0042500317
2026-05-31 17:56:03 | INFO | P03 |   MESSAGE SENT  sent=109
2026-05-31 17:56:03 | INFO | C03 | {'action_type': 'Instant Replay', 'distance_ft': '0.0', 'game_id': '0042500317', 'is_made': 'False', 'play_id': 'P0149', 'player_id': 'PL_145', 'quarter': '1', 'shot_type': '2PT', 'time_remaining': 'PT00M40.20S', 'timestamp': '2026-06-01T03:52:24Z', '_kafka_key': '0042500317', '_kafka_partition': 0, '_kafka_offset': 108}
2026-05-31 17:56:03 | INFO | C03 | Skipping non-shot event: play_id=P0149, action_type=Instant Replay
2026-05-31 17:56:03 | WARNING | C03 | MESSAGE REJECTED
2026-05-31 17:56:03 | WARNING | C03 | play=P0149
2026-05-31 17:56:03 | WARNING | C03 | skipped=63
2026-05-31 17:56:03 | INFO | P03 | {
  play_id: P0151
  game_id: 0042500317
  timestamp: 2026-06-01T03:52:29Z
  player_id: PL_1627936
  action_type: Substitution
  shot_type: 2PT
  distance_ft: 0.0
  is_made: False
  quarter: 1
  time_remaining: PT00M40.20S
}
2026-05-31 17:56:03 | INFO | P03 |   Sending message with key=0042500317
2026-05-31 17:56:04 | INFO | P03 |   MESSAGE SENT  sent=110
2026-05-31 17:56:04 | INFO | C03 | {'action_type': 'Substitution', 'distance_ft': '0.0', 'game_id': '0042500317', 'is_made': 'False', 'play_id': 'P0151', 'player_id': 'PL_1627936', 'quarter': '1', 'shot_type': '2PT', 'time_remaining': 'PT00M40.20S', 'timestamp': '2026-06-01T03:52:29Z', '_kafka_key': '0042500317', '_kafka_partition': 0, '_kafka_offset': 109}
2026-05-31 17:56:04 | INFO | C03 | Skipping non-shot event: play_id=P0151, action_type=Substitution
2026-05-31 17:56:04 | WARNING | C03 | MESSAGE REJECTED
2026-05-31 17:56:04 | WARNING | C03 | play=P0151
2026-05-31 17:56:04 | WARNING | C03 | skipped=64
2026-05-31 17:56:04 | INFO | P03 | {
  play_id: P0153
  game_id: 0042500317
  timestamp: 2026-06-01T03:52:34Z
  player_id: PL_1641705
  action_type: Free Throw
  shot_type: FT
  distance_ft: 0.0
  is_made: True
  quarter: 1
  time_remaining: PT00M40.20S
}
2026-05-31 17:56:04 | INFO | P03 |   Sending message with key=0042500317
2026-05-31 17:56:04 | INFO | P03 |   MESSAGE SENT  sent=111
2026-05-31 17:56:04 | INFO | C03 | {'action_type': 'Free Throw', 'distance_ft': '0.0', 'game_id': '0042500317', 'is_made': 'True', 'play_id': 'P0153', 'player_id': 'PL_1641705', 'quarter': '1', 'shot_type': 'FT', 'time_remaining': 'PT00M40.20S', 'timestamp': '2026-06-01T03:52:34Z', '_kafka_key': '0042500317', '_kafka_partition': 0, '_kafka_offset': 110}
2026-05-31 17:56:04 | INFO | C03 | shot_quality=Restricted Area
2026-05-31 17:56:04 | INFO | C03 | clutch_shot=False
2026-05-31 17:56:04 | INFO | C03 | points_scored=1
2026-05-31 17:56:04 | INFO | C03 | running_total_pts=54
2026-05-31 17:56:04 | INFO | C03 | MESSAGE ACCEPTED
2026-05-31 17:56:04 | INFO | C03 | play=P0153
2026-05-31 17:56:04 | INFO | C03 | points=1
2026-05-31 17:56:04 | INFO | C03 | consumed=47
2026-05-31 17:56:04 | INFO | C03 | RUNNING STATS
2026-05-31 17:56:04 | INFO | C03 | total_pts=54
2026-05-31 17:56:04 | INFO | C03 | average_pts=1.15
2026-05-31 17:56:04 | INFO | C03 | min_pts=0.00
2026-05-31 17:56:04 | INFO | C03 | max_pts=3.00
2026-05-31 17:56:05 | INFO | P03 | {
  play_id: P0154
  game_id: 0042500317
  timestamp: 2026-06-01T03:52:39Z
  player_id: PL_1642272
  action_type: Missed Shot
  shot_type: 2PT
  distance_ft: 2.0
  is_made: False
  quarter: 1
  time_remaining: PT00M22.50S
}
2026-05-31 17:56:05 | INFO | P03 |   Sending message with key=0042500317
2026-05-31 17:56:05 | INFO | P03 |   MESSAGE SENT  sent=112
2026-05-31 17:56:05 | INFO | C03 | {'action_type': 'Missed Shot', 'distance_ft': '2.0', 'game_id': '0042500317', 'is_made': 'False', 'play_id': 'P0154', 'player_id': 'PL_1642272', 'quarter': '1', 'shot_type': '2PT', 'time_remaining': 'PT00M22.50S', 'timestamp': '2026-06-01T03:52:39Z', '_kafka_key': '0042500317', '_kafka_partition': 0, '_kafka_offset': 111}
2026-05-31 17:56:05 | INFO | C03 | shot_quality=Restricted Area
2026-05-31 17:56:05 | INFO | C03 | clutch_shot=False
2026-05-31 17:56:05 | INFO | C03 | points_scored=0
2026-05-31 17:56:05 | INFO | C03 | running_total_pts=54
2026-05-31 17:56:05 | INFO | C03 | MESSAGE ACCEPTED
2026-05-31 17:56:05 | INFO | C03 | play=P0154
2026-05-31 17:56:05 | INFO | C03 | points=0
2026-05-31 17:56:05 | INFO | C03 | consumed=48
2026-05-31 17:56:05 | INFO | C03 | RUNNING STATS
2026-05-31 17:56:05 | INFO | C03 | total_pts=54
2026-05-31 17:56:05 | INFO | C03 | average_pts=1.12
2026-05-31 17:56:05 | INFO | C03 | min_pts=0.00
2026-05-31 17:56:05 | INFO | C03 | max_pts=3.00
2026-05-31 17:56:05 | INFO | P03 | {
  play_id: P0155
  game_id: 0042500317
  timestamp: 2026-06-01T03:52:44Z
  player_id: PL_1610612760
  action_type: Rebound
  shot_type: 2PT
  distance_ft: 0.0
  is_made: False
  quarter: 1
  time_remaining: PT00M22.50S
}
2026-05-31 17:56:05 | INFO | P03 |   Sending message with key=0042500317
2026-05-31 17:56:05 | INFO | P03 |   MESSAGE SENT  sent=113
2026-05-31 17:56:05 | INFO | C03 | {'action_type': 'Rebound', 'distance_ft': '0.0', 'game_id': '0042500317', 'is_made': 'False', 'play_id': 'P0155', 'player_id': 'PL_1610612760', 'quarter': '1', 'shot_type': '2PT', 'time_remaining': 'PT00M22.50S', 'timestamp': '2026-06-01T03:52:44Z', '_kafka_key': '0042500317', '_kafka_partition': 0, '_kafka_offset': 112}
2026-05-31 17:56:05 | INFO | C03 | Skipping non-shot event: play_id=P0155, action_type=Rebound
2026-05-31 17:56:05 | WARNING | C03 | MESSAGE REJECTED
2026-05-31 17:56:05 | WARNING | C03 | play=P0155
2026-05-31 17:56:05 | WARNING | C03 | skipped=65
2026-05-31 17:56:06 | INFO | P03 | {
  play_id: P0156
  game_id: 0042500317
  timestamp: 2026-06-01T03:52:49Z
  player_id: PL_1642264
  action_type: Foul
  shot_type: 2PT
  distance_ft: 0.0
  is_made: False
  quarter: 1
  time_remaining: PT00M22.50S
}
2026-05-31 17:56:06 | INFO | P03 |   Sending message with key=0042500317
2026-05-31 17:56:06 | INFO | P03 |   MESSAGE SENT  sent=114
2026-05-31 17:56:06 | INFO | C03 | {'action_type': 'Foul', 'distance_ft': '0.0', 'game_id': '0042500317', 'is_made': 'False', 'play_id': 'P0156', 'player_id': 'PL_1642264', 'quarter': '1', 'shot_type': '2PT', 'time_remaining': 'PT00M22.50S', 'timestamp': '2026-06-01T03:52:49Z', '_kafka_key': '0042500317', '_kafka_partition': 0, '_kafka_offset': 113}
2026-05-31 17:56:06 | INFO | C03 | Skipping non-shot event: play_id=P0156, action_type=Foul
2026-05-31 17:56:06 | WARNING | C03 | MESSAGE REJECTED
2026-05-31 17:56:06 | WARNING | C03 | play=P0156
2026-05-31 17:56:06 | WARNING | C03 | skipped=66
2026-05-31 17:56:06 | INFO | P03 | {
  play_id: P0158
  game_id: 0042500317
  timestamp: 2026-06-01T03:52:54Z
  player_id: PL_1642272
  action_type: Made Shot
  shot_type: 3PT
  distance_ft: 26.0
  is_made: True
  quarter: 1
  time_remaining: PT00M15.80S
}
2026-05-31 17:56:06 | INFO | P03 |   Sending message with key=0042500317
2026-05-31 17:56:06 | INFO | P03 |   MESSAGE SENT  sent=115
2026-05-31 17:56:06 | INFO | C03 | {'action_type': 'Made Shot', 'distance_ft': '26.0', 'game_id': '0042500317', 'is_made': 'True', 'play_id': 'P0158', 'player_id': 'PL_1642272', 'quarter': '1', 'shot_type': '3PT', 'time_remaining': 'PT00M15.80S', 'timestamp': '2026-06-01T03:52:54Z', '_kafka_key': '0042500317', '_kafka_partition': 0, '_kafka_offset': 114}
2026-05-31 17:56:06 | INFO | C03 | shot_quality=NBA Deep 3
2026-05-31 17:56:06 | INFO | C03 | clutch_shot=False
2026-05-31 17:56:06 | INFO | C03 | points_scored=3
2026-05-31 17:56:06 | INFO | C03 | running_total_pts=57
2026-05-31 17:56:06 | INFO | C03 | MESSAGE ACCEPTED
2026-05-31 17:56:06 | INFO | C03 | play=P0158
2026-05-31 17:56:06 | INFO | C03 | points=3
2026-05-31 17:56:06 | INFO | C03 | consumed=49
2026-05-31 17:56:06 | INFO | C03 | RUNNING STATS
2026-05-31 17:56:06 | INFO | C03 | total_pts=57
2026-05-31 17:56:06 | INFO | C03 | average_pts=1.16
2026-05-31 17:56:06 | INFO | C03 | min_pts=0.00
2026-05-31 17:56:06 | INFO | C03 | max_pts=3.00
2026-05-31 17:56:07 | INFO | P03 | {
  play_id: P0160
  game_id: 0042500317
  timestamp: 2026-06-01T03:52:59Z
  player_id: PL_1628368
  action_type: Missed Shot
  shot_type: 3PT
  distance_ft: 0.0
  is_made: False
  quarter: 1
  time_remaining: PT00M03.90S
}
2026-05-31 17:56:07 | INFO | P03 |   Sending message with key=0042500317
2026-05-31 17:56:07 | INFO | P03 |   MESSAGE SENT  sent=116
2026-05-31 17:56:07 | INFO | C03 | {'action_type': 'Missed Shot', 'distance_ft': '0.0', 'game_id': '0042500317', 'is_made': 'False', 'play_id': 'P0160', 'player_id': 'PL_1628368', 'quarter': '1', 'shot_type': '3PT', 'time_remaining': 'PT00M03.90S', 'timestamp': '2026-06-01T03:52:59Z', '_kafka_key': '0042500317', '_kafka_partition': 0, '_kafka_offset': 115}
2026-05-31 17:56:07 | INFO | C03 | shot_quality=Restricted Area
2026-05-31 17:56:07 | INFO | C03 | clutch_shot=False
2026-05-31 17:56:07 | INFO | C03 | points_scored=0
2026-05-31 17:56:07 | INFO | C03 | running_total_pts=57
2026-05-31 17:56:07 | INFO | C03 | MESSAGE ACCEPTED
2026-05-31 17:56:07 | INFO | C03 | play=P0160
2026-05-31 17:56:07 | INFO | C03 | points=0
2026-05-31 17:56:07 | INFO | C03 | consumed=50
2026-05-31 17:56:07 | INFO | C03 | RUNNING STATS
2026-05-31 17:56:07 | INFO | C03 | total_pts=57
2026-05-31 17:56:07 | INFO | C03 | average_pts=1.14
2026-05-31 17:56:07 | INFO | C03 | min_pts=0.00
2026-05-31 17:56:07 | INFO | C03 | max_pts=3.00
2026-05-31 17:56:07 | INFO | P03 | {
  play_id: P0161
  game_id: 0042500317
  timestamp: 2026-06-01T03:53:04Z
  player_id: PL_1641717
  action_type: Rebound
  shot_type: 2PT
  distance_ft: 0.0
  is_made: False
  quarter: 1
  time_remaining: PT00M00.80S
}
2026-05-31 17:56:07 | INFO | P03 |   Sending message with key=0042500317
2026-05-31 17:56:07 | INFO | P03 |   MESSAGE SENT  sent=117
2026-05-31 17:56:07 | INFO | C03 | {'action_type': 'Rebound', 'distance_ft': '0.0', 'game_id': '0042500317', 'is_made': 'False', 'play_id': 'P0161', 'player_id': 'PL_1641717', 'quarter': '1', 'shot_type': '2PT', 'time_remaining': 'PT00M00.80S', 'timestamp': '2026-06-01T03:53:04Z', '_kafka_key': '0042500317', '_kafka_partition': 0, '_kafka_offset': 116}
2026-05-31 17:56:07 | INFO | C03 | Skipping non-shot event: play_id=P0161, action_type=Rebound
2026-05-31 17:56:07 | WARNING | C03 | MESSAGE REJECTED
2026-05-31 17:56:07 | WARNING | C03 | play=P0161
2026-05-31 17:56:07 | WARNING | C03 | skipped=67
2026-05-31 17:56:08 | INFO | P03 | {
  play_id: P0163
  game_id: 0042500317
  timestamp: 2026-06-01T03:53:14Z
  player_id: PL_1610612760
  action_type: Rebound
  shot_type: 2PT
  distance_ft: 0.0
  is_made: False
  quarter: 1
  time_remaining: PT00M00.10S
}
2026-05-31 17:56:08 | INFO | P03 |   Sending message with key=0042500317
2026-05-31 17:56:08 | INFO | P03 |   MESSAGE SENT  sent=118
2026-05-31 17:56:08 | INFO | C03 | {'action_type': 'Rebound', 'distance_ft': '0.0', 'game_id': '0042500317', 'is_made': 'False', 'play_id': 'P0163', 'player_id': 'PL_1610612760', 'quarter': '1', 'shot_type': '2PT', 'time_remaining': 'PT00M00.10S', 'timestamp': '2026-06-01T03:53:14Z', '_kafka_key': '0042500317', '_kafka_partition': 0, '_kafka_offset': 117}
2026-05-31 17:56:08 | INFO | C03 | Skipping non-shot event: play_id=P0163, action_type=Rebound
2026-05-31 17:56:08 | WARNING | C03 | MESSAGE REJECTED
2026-05-31 17:56:08 | WARNING | C03 | play=P0163
2026-05-31 17:56:08 | WARNING | C03 | skipped=68
2026-05-31 17:56:08 | INFO | P03 | {
  play_id: P0170
  game_id: 0042500317
  timestamp: 2026-06-01T03:53:29Z
  player_id: PL_1628983
  action_type: Made Shot
  shot_type: 2PT
  distance_ft: 13.0
  is_made: True
  quarter: 2
  time_remaining: PT11M46.00S
}
2026-05-31 17:56:08 | INFO | P03 |   Sending message with key=0042500317
2026-05-31 17:56:09 | INFO | P03 |   MESSAGE SENT  sent=119
2026-05-31 17:56:09 | INFO | C03 | {'action_type': 'Made Shot', 'distance_ft': '13.0', 'game_id': '0042500317', 'is_made': 'True', 'play_id': 'P0170', 'player_id': 'PL_1628983', 'quarter': '2', 'shot_type': '2PT', 'time_remaining': 'PT11M46.00S', 'timestamp': '2026-06-01T03:53:29Z', '_kafka_key': '0042500317', '_kafka_partition': 0, '_kafka_offset': 118}
2026-05-31 17:56:09 | INFO | C03 | shot_quality=Paint
2026-05-31 17:56:09 | INFO | C03 | clutch_shot=False
2026-05-31 17:56:09 | INFO | C03 | points_scored=2
2026-05-31 17:56:09 | INFO | C03 | running_total_pts=59
2026-05-31 17:56:09 | INFO | C03 | MESSAGE ACCEPTED
2026-05-31 17:56:09 | INFO | C03 | play=P0170
2026-05-31 17:56:09 | INFO | C03 | points=2
2026-05-31 17:56:09 | INFO | C03 | consumed=51
2026-05-31 17:56:09 | INFO | C03 | RUNNING STATS
2026-05-31 17:56:09 | INFO | C03 | total_pts=59
2026-05-31 17:56:09 | INFO | C03 | average_pts=1.16
2026-05-31 17:56:09 | INFO | C03 | min_pts=0.00
2026-05-31 17:56:09 | INFO | C03 | max_pts=3.00
2026-05-31 17:56:09 | INFO | P03 | {
  play_id: P0172
  game_id: 0042500317
  timestamp: 2026-06-01T03:53:34Z
  player_id: PL_1642844
  action_type: Made Shot
  shot_type: 3PT
  distance_ft: 27.0
  is_made: True
  quarter: 2
  time_remaining: PT11M27.00S
}
2026-05-31 17:56:09 | INFO | P03 |   Sending message with key=0042500317
2026-05-31 17:56:09 | INFO | P03 |   MESSAGE SENT  sent=120
2026-05-31 17:56:09 | INFO | C03 | {'action_type': 'Made Shot', 'distance_ft': '27.0', 'game_id': '0042500317', 'is_made': 'True', 'play_id': 'P0172', 'player_id': 'PL_1642844', 'quarter': '2', 'shot_type': '3PT', 'time_remaining': 'PT11M27.00S', 'timestamp': '2026-06-01T03:53:34Z', '_kafka_key': '0042500317', '_kafka_partition': 0, '_kafka_offset': 119}
2026-05-31 17:56:09 | INFO | C03 | shot_quality=NBA Deep 3
2026-05-31 17:56:09 | INFO | C03 | clutch_shot=False
2026-05-31 17:56:09 | INFO | C03 | points_scored=3
2026-05-31 17:56:09 | INFO | C03 | running_total_pts=62
2026-05-31 17:56:09 | INFO | C03 | MESSAGE ACCEPTED
2026-05-31 17:56:09 | INFO | C03 | play=P0172
2026-05-31 17:56:09 | INFO | C03 | points=3
2026-05-31 17:56:09 | INFO | C03 | consumed=52
2026-05-31 17:56:09 | INFO | C03 | RUNNING STATS
2026-05-31 17:56:09 | INFO | C03 | total_pts=62
2026-05-31 17:56:09 | INFO | C03 | average_pts=1.19
2026-05-31 17:56:09 | INFO | C03 | min_pts=0.00
2026-05-31 17:56:09 | INFO | C03 | max_pts=3.00
2026-05-31 17:56:10 | INFO | P03 | {
  play_id: P0174
  game_id: 0042500317
  timestamp: 2026-06-01T03:53:39Z
  player_id: PL_1627936
  action_type: Missed Shot
  shot_type: 3PT
  distance_ft: 25.0
  is_made: False
  quarter: 2
  time_remaining: PT11M07.00S
}
2026-05-31 17:56:10 | INFO | P03 |   Sending message with key=0042500317
2026-05-31 17:56:10 | INFO | P03 |   MESSAGE SENT  sent=121
2026-05-31 17:56:10 | INFO | C03 | {'action_type': 'Missed Shot', 'distance_ft': '25.0', 'game_id': '0042500317', 'is_made': 'False', 'play_id': 'P0174', 'player_id': 'PL_1627936', 'quarter': '2', 'shot_type': '3PT', 'time_remaining': 'PT11M07.00S', 'timestamp': '2026-06-01T03:53:39Z', '_kafka_key': '0042500317', '_kafka_partition': 0, '_kafka_offset': 120}
2026-05-31 17:56:10 | INFO | C03 | shot_quality=NBA Deep 3
2026-05-31 17:56:10 | INFO | C03 | clutch_shot=False
2026-05-31 17:56:10 | INFO | C03 | points_scored=0
2026-05-31 17:56:10 | INFO | C03 | running_total_pts=62
2026-05-31 17:56:10 | INFO | C03 | MESSAGE ACCEPTED
2026-05-31 17:56:10 | INFO | C03 | play=P0174
2026-05-31 17:56:10 | INFO | C03 | points=0
2026-05-31 17:56:10 | INFO | C03 | consumed=53
2026-05-31 17:56:10 | INFO | C03 | RUNNING STATS
2026-05-31 17:56:10 | INFO | C03 | total_pts=62
2026-05-31 17:56:10 | INFO | C03 | average_pts=1.17
2026-05-31 17:56:10 | INFO | C03 | min_pts=0.00
2026-05-31 17:56:10 | INFO | C03 | max_pts=3.00
2026-05-31 17:56:10 | INFO | P03 | {
  play_id: P0175
  game_id: 0042500317
  timestamp: 2026-06-01T03:53:44Z
  player_id: PL_1610612759
  action_type: Rebound
  shot_type: 2PT
  distance_ft: 0.0
  is_made: False
  quarter: 2
  time_remaining: PT11M07.00S
}
2026-05-31 17:56:10 | INFO | P03 |   Sending message with key=0042500317
2026-05-31 17:56:10 | INFO | P03 |   MESSAGE SENT  sent=122
2026-05-31 17:56:10 | INFO | C03 | {'action_type': 'Rebound', 'distance_ft': '0.0', 'game_id': '0042500317', 'is_made': 'False', 'play_id': 'P0175', 'player_id': 'PL_1610612759', 'quarter': '2', 'shot_type': '2PT', 'time_remaining': 'PT11M07.00S', 'timestamp': '2026-06-01T03:53:44Z', '_kafka_key': '0042500317', '_kafka_partition': 0, '_kafka_offset': 121}
2026-05-31 17:56:10 | INFO | C03 | Skipping non-shot event: play_id=P0175, action_type=Rebound
2026-05-31 17:56:10 | WARNING | C03 | MESSAGE REJECTED
2026-05-31 17:56:10 | WARNING | C03 | play=P0175
2026-05-31 17:56:10 | WARNING | C03 | skipped=69
2026-05-31 17:56:11 | INFO | P03 | {
  play_id: P0176
  game_id: 0042500317
  timestamp: 2026-06-01T03:53:49Z
  player_id: PL_1628392
  action_type: Foul
  shot_type: 2PT
  distance_ft: 0.0
  is_made: False
  quarter: 2
  time_remaining: PT11M07.00S
}
2026-05-31 17:56:11 | INFO | P03 |   Sending message with key=0042500317
2026-05-31 17:56:11 | INFO | P03 |   MESSAGE SENT  sent=123
2026-05-31 17:56:11 | INFO | C03 | {'action_type': 'Foul', 'distance_ft': '0.0', 'game_id': '0042500317', 'is_made': 'False', 'play_id': 'P0176', 'player_id': 'PL_1628392', 'quarter': '2', 'shot_type': '2PT', 'time_remaining': 'PT11M07.00S', 'timestamp': '2026-06-01T03:53:49Z', '_kafka_key': '0042500317', '_kafka_partition': 0, '_kafka_offset': 122}
2026-05-31 17:56:11 | INFO | C03 | Skipping non-shot event: play_id=P0176, action_type=Foul
2026-05-31 17:56:11 | WARNING | C03 | MESSAGE REJECTED
2026-05-31 17:56:11 | WARNING | C03 | play=P0176
2026-05-31 17:56:11 | WARNING | C03 | skipped=70
2026-05-31 17:56:11 | INFO | P03 | {
  play_id: P0178
  game_id: 0042500317
  timestamp: 2026-06-01T03:53:54Z
  player_id: PL_1628983
  action_type: Substitution
  shot_type: 2PT
  distance_ft: 0.0
  is_made: False
  quarter: 2
  time_remaining: PT11M07.00S
}
2026-05-31 17:56:11 | INFO | P03 |   Sending message with key=0042500317
2026-05-31 17:56:11 | INFO | P03 |   MESSAGE SENT  sent=124
2026-05-31 17:56:11 | INFO | C03 | {'action_type': 'Substitution', 'distance_ft': '0.0', 'game_id': '0042500317', 'is_made': 'False', 'play_id': 'P0178', 'player_id': 'PL_1628983', 'quarter': '2', 'shot_type': '2PT', 'time_remaining': 'PT11M07.00S', 'timestamp': '2026-06-01T03:53:54Z', '_kafka_key': '0042500317', '_kafka_partition': 0, '_kafka_offset': 123}
2026-05-31 17:56:11 | INFO | C03 | Skipping non-shot event: play_id=P0178, action_type=Substitution
2026-05-31 17:56:11 | WARNING | C03 | MESSAGE REJECTED
2026-05-31 17:56:11 | WARNING | C03 | play=P0178
2026-05-31 17:56:11 | WARNING | C03 | skipped=71
2026-05-31 17:56:12 | INFO | P03 | {
  play_id: P0180
  game_id: 0042500317
  timestamp: 2026-06-01T03:53:59Z
  player_id: PL_1642264
  action_type: Missed Shot
  shot_type: 3PT
  distance_ft: 26.0
  is_made: False
  quarter: 2
  time_remaining: PT10M45.00S
}
2026-05-31 17:56:12 | INFO | P03 |   Sending message with key=0042500317
2026-05-31 17:56:12 | INFO | P03 |   MESSAGE SENT  sent=125
2026-05-31 17:56:12 | INFO | C03 | {'action_type': 'Missed Shot', 'distance_ft': '26.0', 'game_id': '0042500317', 'is_made': 'False', 'play_id': 'P0180', 'player_id': 'PL_1642264', 'quarter': '2', 'shot_type': '3PT', 'time_remaining': 'PT10M45.00S', 'timestamp': '2026-06-01T03:53:59Z', '_kafka_key': '0042500317', '_kafka_partition': 0, '_kafka_offset': 124}
2026-05-31 17:56:12 | INFO | C03 | shot_quality=NBA Deep 3
2026-05-31 17:56:12 | INFO | C03 | clutch_shot=False
2026-05-31 17:56:12 | INFO | C03 | points_scored=0
2026-05-31 17:56:12 | INFO | C03 | running_total_pts=62
2026-05-31 17:56:12 | INFO | C03 | MESSAGE ACCEPTED
2026-05-31 17:56:12 | INFO | C03 | play=P0180
2026-05-31 17:56:12 | INFO | C03 | points=0
2026-05-31 17:56:12 | INFO | C03 | consumed=54
2026-05-31 17:56:12 | INFO | C03 | RUNNING STATS
2026-05-31 17:56:12 | INFO | C03 | total_pts=62
2026-05-31 17:56:12 | INFO | C03 | average_pts=1.15
2026-05-31 17:56:12 | INFO | C03 | min_pts=0.00
2026-05-31 17:56:12 | INFO | C03 | max_pts=3.00
2026-05-31 17:56:12 | INFO | P03 | {
  play_id: P0181
  game_id: 0042500317
  timestamp: 2026-06-01T03:54:04Z
  player_id: PL_1642272
  action_type: Rebound
  shot_type: 2PT
  distance_ft: 0.0
  is_made: False
  quarter: 2
  time_remaining: PT10M41.00S
}
2026-05-31 17:56:12 | INFO | P03 |   Sending message with key=0042500317
2026-05-31 17:56:12 | INFO | P03 |   MESSAGE SENT  sent=126
2026-05-31 17:56:12 | INFO | C03 | {'action_type': 'Rebound', 'distance_ft': '0.0', 'game_id': '0042500317', 'is_made': 'False', 'play_id': 'P0181', 'player_id': 'PL_1642272', 'quarter': '2', 'shot_type': '2PT', 'time_remaining': 'PT10M41.00S', 'timestamp': '2026-06-01T03:54:04Z', '_kafka_key': '0042500317', '_kafka_partition': 0, '_kafka_offset': 125}
2026-05-31 17:56:12 | INFO | C03 | Skipping non-shot event: play_id=P0181, action_type=Rebound
2026-05-31 17:56:12 | WARNING | C03 | MESSAGE REJECTED
2026-05-31 17:56:12 | WARNING | C03 | play=P0181
2026-05-31 17:56:12 | WARNING | C03 | skipped=72
2026-05-31 17:56:13 | INFO | P03 | {
  play_id: P0182
  game_id: 0042500317
  timestamp: 2026-06-01T03:54:09Z
  player_id: PL_1642272
  action_type: Missed Shot
  shot_type: 2PT
  distance_ft: 11.0
  is_made: False
  quarter: 2
  time_remaining: PT10M20.00S
}
2026-05-31 17:56:13 | INFO | P03 |   Sending message with key=0042500317
2026-05-31 17:56:13 | INFO | C03 | {'action_type': 'Missed Shot', 'distance_ft': '11.0', 'game_id': '0042500317', 'is_made': 'False', 'play_id': 'P0182', 'player_id': 'PL_1642272', 'quarter': '2', 'shot_type': '2PT', 'time_remaining': 'PT10M20.00S', 'timestamp': '2026-06-01T03:54:09Z', '_kafka_key': '0042500317', '_kafka_partition': 0, '_kafka_offset': 126}
2026-05-31 17:56:13 | INFO | P03 |   MESSAGE SENT  sent=127
2026-05-31 17:56:13 | INFO | C03 | clutch_shot=False
2026-05-31 17:56:13 | INFO | C03 | points_scored=0
2026-05-31 17:56:13 | INFO | C03 | running_total_pts=62
2026-05-31 17:56:13 | INFO | C03 | MESSAGE ACCEPTED
2026-05-31 17:56:13 | INFO | C03 | play=P0182
2026-05-31 17:56:13 | INFO | C03 | points=0
2026-05-31 17:56:13 | INFO | C03 | consumed=55
2026-05-31 17:56:13 | INFO | C03 | RUNNING STATS
2026-05-31 17:56:13 | INFO | C03 | total_pts=62
2026-05-31 17:56:13 | INFO | C03 | average_pts=1.13
2026-05-31 17:56:13 | INFO | C03 | min_pts=0.00
2026-05-31 17:56:13 | INFO | C03 | max_pts=3.00
2026-05-31 17:56:13 | INFO | P03 | {
  play_id: P0183
  game_id: 0042500317
  timestamp: 2026-06-01T03:54:14Z
  player_id: PL_1610612760
  action_type: Rebound
  shot_type: 2PT
  distance_ft: 0.0
  is_made: False
  quarter: 2
  time_remaining: PT10M20.00S
}
2026-05-31 17:56:13 | INFO | P03 |   Sending message with key=0042500317
2026-05-31 17:56:14 | INFO | P03 |   MESSAGE SENT  sent=128
2026-05-31 17:56:14 | INFO | C03 | {'action_type': 'Rebound', 'distance_ft': '0.0', 'game_id': '0042500317', 'is_made': 'False', 'play_id': 'P0183', 'player_id': 'PL_1610612760', 'quarter': '2', 'shot_type': '2PT', 'time_remaining': 'PT10M20.00S', 'timestamp': '2026-06-01T03:54:14Z', '_kafka_key': '0042500317', '_kafka_partition': 0, '_kafka_offset': 127}
2026-05-31 17:56:14 | INFO | C03 | Skipping non-shot event: play_id=P0183, action_type=Rebound
2026-05-31 17:56:14 | WARNING | C03 | MESSAGE REJECTED
2026-05-31 17:56:14 | WARNING | C03 | play=P0183
2026-05-31 17:56:14 | WARNING | C03 | skipped=73
2026-05-31 17:56:14 | INFO | P03 | {
  play_id: P0184
  game_id: 0042500317
  timestamp: 2026-06-01T03:54:19Z
  player_id: PL_1641705
  action_type: Foul
  shot_type: 2PT
  distance_ft: 0.0
  is_made: False
  quarter: 2
  time_remaining: PT10M20.00S
}
2026-05-31 17:56:14 | INFO | P03 |   Sending message with key=0042500317
2026-05-31 17:56:14 | INFO | C03 | {'action_type': 'Foul', 'distance_ft': '0.0', 'game_id': '0042500317', 'is_made': 'False', 'play_id': 'P0184', 'player_id': 'PL_1641705', 'quarter': '2', 'shot_type': '2PT', 'time_remaining': 'PT10M20.00S', 'timestamp': '2026-06-01T03:54:19Z', '_kafka_key': '0042500317', '_kafka_partition': 0, '_kafka_offset': 128}
2026-05-31 17:56:14 | INFO | C03 | Skipping non-shot event: play_id=P0184, action_type=Foul
2026-05-31 17:56:14 | WARNING | C03 | MESSAGE REJECTED
2026-05-31 17:56:14 | WARNING | C03 | play=P0184
2026-05-31 17:56:14 | WARNING | C03 | skipped=74
2026-05-31 17:56:15 | INFO | P03 | {
  play_id: P0186
  game_id: 0042500317
  timestamp: 2026-06-01T03:54:24Z
  player_id: PL_1628392
  action_type: Made Shot
  shot_type: 2PT
  distance_ft: 5.0
  is_made: True
  quarter: 2
  time_remaining: PT10M12.00S
}
2026-05-31 17:56:15 | INFO | P03 |   Sending message with key=0042500317
2026-05-31 17:56:15 | INFO | P03 |   MESSAGE SENT  sent=130
', 'distance_ft': '5.0', 'game_id': '0042500317', 'is_made': 'True', 'play_id': 'P0186', 'player_id': 'PL_1628392', 'quarter': '2', 'shot_type': '2PT', 'time_remaining': 'PT10M12.00S', 'timestamp': '2026-06-01T03:54:24Z', '_kafka_key': '0042500317', '_kafka_partition': 0, '_kafka_offset': 129}
2026-05-31 17:56:15 | INFO | C03 | shot_quality=Paint
2026-05-31 17:56:15 | INFO | C03 | clutch_shot=False
2026-05-31 17:56:15 | INFO | C03 | points_scored=2
2026-05-31 17:56:15 | INFO | C03 | running_total_pts=64
2026-05-31 17:56:15 | INFO | C03 | MESSAGE ACCEPTED
2026-05-31 17:56:15 | INFO | C03 | play=P0186
2026-05-31 17:56:15 | INFO | C03 | points=2
2026-05-31 17:56:15 | INFO | C03 | consumed=56
2026-05-31 17:56:15 | INFO | C03 | RUNNING STATS
2026-05-31 17:56:15 | INFO | C03 | total_pts=64
2026-05-31 17:56:15 | INFO | C03 | average_pts=1.14
2026-05-31 17:56:15 | INFO | C03 | min_pts=0.00
2026-05-31 17:56:15 | INFO | C03 | max_pts=3.00
2026-05-31 17:56:15 | INFO | P03 | {
  play_id: P0188
  game_id: 0042500317
  timestamp: 2026-06-01T03:54:29Z
  player_id: PL_203084
  action_type: Missed Shot
  shot_type: 3PT
  distance_ft: 0.0
  is_made: False
  quarter: 2
  time_remaining: PT09M55.00S
}
2026-05-31 17:56:15 | INFO | P03 |   Sending message with key=0042500317
2026-05-31 17:56:15 | INFO | P03 |   MESSAGE SENT  sent=131
2026-05-31 17:56:15 | INFO | C03 | {'action_type': 'Missed Shot', 'distance_ft': '0.0', 'game_id': '0042500317', 'is_made': 'False', 'play_id': 'P0188', 'player_id': 'PL_203084', 'quarter': '2', 'shot_type': '3PT', 'time_remaining': 'PT09M55.00S', 'timestamp': '2026-06-01T03:54:29Z', '_kafka_key': '0042500317', '_kafka_partition': 0, '_kafka_offset': 130}
2026-05-31 17:56:15 | INFO | C03 | shot_quality=Restricted Area
2026-05-31 17:56:15 | INFO | C03 | clutch_shot=False
2026-05-31 17:56:15 | INFO | C03 | points_scored=0
2026-05-31 17:56:15 | INFO | C03 | running_total_pts=64
2026-05-31 17:56:15 | INFO | C03 | MESSAGE ACCEPTED
2026-05-31 17:56:15 | INFO | C03 | play=P0188
2026-05-31 17:56:15 | INFO | C03 | points=0
2026-05-31 17:56:15 | INFO | C03 | consumed=57
2026-05-31 17:56:15 | INFO | C03 | RUNNING STATS
2026-05-31 17:56:15 | INFO | C03 | total_pts=64
2026-05-31 17:56:15 | INFO | C03 | average_pts=1.12
2026-05-31 17:56:15 | INFO | C03 | min_pts=0.00
2026-05-31 17:56:15 | INFO | C03 | max_pts=3.00
2026-05-31 17:56:16 | INFO | P03 | {
  play_id: P0189
  game_id: 0042500317
  timestamp: 2026-06-01T03:54:34Z
  player_id: PL_1610612760
  action_type: Rebound
  shot_type: 2PT
  distance_ft: 0.0
  is_made: False
  quarter: 2
  time_remaining: PT09M55.00S
}
2026-05-31 17:56:16 | INFO | P03 |   Sending message with key=0042500317
2026-05-31 17:56:16 | INFO | P03 |   MESSAGE SENT  sent=132
2026-05-31 17:56:16 | INFO | C03 | {'action_type': 'Rebound', 'distance_ft': '0.0', 'game_id': '0042500317', 'is_made': 'False', 'play_id': 'P0189', 'player_id': 'PL_1610612760', 'quarter': '2', 'shot_type': '2PT', 'time_remaining': 'PT09M55.00S', 'timestamp': '2026-06-01T03:54:34Z', '_kafka_key': '0042500317', '_kafka_partition': 0, '_kafka_offset': 131}
2026-05-31 17:56:16 | INFO | C03 | Skipping non-shot event: play_id=P0189, action_type=Rebound
2026-05-31 17:56:16 | WARNING | C03 | MESSAGE REJECTED
2026-05-31 17:56:16 | WARNING | C03 | play=P0189
2026-05-31 17:56:16 | WARNING | C03 | skipped=75
2026-05-31 17:56:16 | INFO | P03 | {
  play_id: P0190
  game_id: 0042500317
  timestamp: 2026-06-01T03:54:39Z
  player_id: PL_1630577
  action_type: Foul
  shot_type: 2PT
  distance_ft: 0.0
  is_made: False
  quarter: 2
  time_remaining: PT09M55.00S
}
2026-05-31 17:56:16 | INFO | P03 |   Sending message with key=0042500317
2026-05-31 17:56:16 | INFO | P03 |   MESSAGE SENT  sent=133
2026-05-31 17:56:16 | INFO | C03 | {'action_type': 'Foul', 'distance_ft': '0.0', 'game_id': '0042500317', 'is_made': 'False', 'play_id': 'P0190', 'player_id': 'PL_1630577', 'quarter': '2', 'shot_type': '2PT', 'time_remaining': 'PT09M55.00S', 'timestamp': '2026-06-01T03:54:39Z', '_kafka_key': '0042500317', '_kafka_partition': 0, '_kafka_offset': 132}
2026-05-31 17:56:16 | INFO | C03 | Skipping non-shot event: play_id=P0190, action_type=Foul
2026-05-31 17:56:16 | WARNING | C03 | MESSAGE REJECTED
2026-05-31 17:56:16 | WARNING | C03 | play=P0190
2026-05-31 17:56:16 | WARNING | C03 | skipped=76
2026-05-31 17:56:17 | INFO | P03 | {
  play_id: P0193
  game_id: 0042500317
  timestamp: 2026-06-01T03:54:44Z
  player_id: PL_1642264
  action_type: Substitution
  shot_type: 2PT
  distance_ft: 0.0
  is_made: False
  quarter: 2
  time_remaining: PT09M47.00S
}
2026-05-31 17:56:17 | INFO | P03 |   Sending message with key=0042500317
2026-05-31 17:56:17 | INFO | C03 | {'action_type': 'Substitution', 'distance_ft': '0.0', 'game_id': '0042500317', 'is_made': 'False', 'play_id': 'P0193', 'player_id': 'PL_1642264', 'quarter': '2', 'shot_type': '2PT', 'time_remaining': 'PT09M47.00S', 'timestamp': '2026-06-01T03:54:44Z', '_kafka_key': '0042500317', '_kafka_partition': 0, '_kafka_offset': 133}
2026-05-31 17:56:17 | INFO | P03 |   MESSAGE SENT  sent=134
2026-05-31 17:56:17 | INFO | C03 | Skipping non-shot event: play_id=P0193, action_type=Substitution
2026-05-31 17:56:17 | WARNING | C03 | MESSAGE REJECTED
2026-05-31 17:56:17 | WARNING | C03 | play=P0193
2026-05-31 17:56:17 | WARNING | C03 | skipped=77
2026-05-31 17:56:17 | INFO | P03 | {
  play_id: P0194
  game_id: 0042500317
  timestamp: 2026-06-01T03:54:49Z
  player_id: PL_203084
  action_type: Substitution
  shot_type: 2PT
  distance_ft: 0.0
  is_made: False
  quarter: 2
  time_remaining: PT09M47.00S
}
2026-05-31 17:56:17 | INFO | P03 |   Sending message with key=0042500317
2026-05-31 17:56:17 | INFO | P03 |   MESSAGE SENT  sent=135
2026-05-31 17:56:17 | INFO | C03 | {'action_type': 'Substitution', 'distance_ft': '0.0', 'game_id': '0042500317', 'is_made': 'False', 'play_id': 'P0194', 'player_id': 'PL_203084', 'quarter': '2', 'shot_type': '2PT', 'time_remaining': 'PT09M47.00S', 'timestamp': '2026-06-01T03:54:49Z', '_kafka_key': '0042500317', '_kafka_partition': 0, '_kafka_offset': 134}
2026-05-31 17:56:17 | INFO | C03 | Skipping non-shot event: play_id=P0194, action_type=Substitution
2026-05-31 17:56:17 | WARNING | C03 | MESSAGE REJECTED
2026-05-31 17:56:17 | WARNING | C03 | play=P0194
2026-05-31 17:56:17 | WARNING | C03 | skipped=78
2026-05-31 17:56:18 | INFO | P03 | {
  play_id: P0197
  game_id: 0042500317
  timestamp: 2026-06-01T03:54:54Z
  player_id: PL_1642272
  action_type: Made Shot
  shot_type: 2PT
  distance_ft: 12.0
  is_made: True
  quarter: 2
  time_remaining: PT09M38.00S
}
2026-05-31 17:56:18 | INFO | P03 |   Sending message with key=0042500317
2026-05-31 17:56:18 | INFO | P03 |   MESSAGE SENT  sent=136
2026-05-31 17:56:18 | INFO | C03 | {'action_type': 'Made Shot', 'distance_ft': '12.0', 'game_id': '0042500317', 'is_made': 'True', 'play_id': 'P0197', 'player_id': 'PL_1642272', 'quarter': '2', 'shot_type': '2PT', 'time_remaining': 'PT09M38.00S', 'timestamp': '2026-06-01T03:54:54Z', '_kafka_key': '0042500317', '_kafka_partition': 0, '_kafka_offset': 135}
2026-05-31 17:56:18 | INFO | C03 | shot_quality=Paint
2026-05-31 17:56:18 | INFO | C03 | clutch_shot=False
2026-05-31 17:56:18 | INFO | C03 | points_scored=2
2026-05-31 17:56:18 | INFO | C03 | running_total_pts=66
2026-05-31 17:56:18 | INFO | C03 | MESSAGE ACCEPTED
2026-05-31 17:56:18 | INFO | C03 | play=P0197
2026-05-31 17:56:18 | INFO | C03 | points=2
2026-05-31 17:56:18 | INFO | C03 | consumed=58
2026-05-31 17:56:18 | INFO | C03 | RUNNING STATS
2026-05-31 17:56:18 | INFO | C03 | total_pts=66
2026-05-31 17:56:18 | INFO | C03 | average_pts=1.14
2026-05-31 17:56:18 | INFO | C03 | min_pts=0.00
2026-05-31 17:56:18 | INFO | C03 | max_pts=3.00
2026-05-31 17:56:18 | INFO | P03 | {
  play_id: P0198
  game_id: 0042500317
  timestamp: 2026-06-01T03:54:59Z
  player_id: PL_1628368
  action_type: Made Shot
  shot_type: 2PT
  distance_ft: 4.0
  is_made: True
  quarter: 2
  time_remaining: PT09M23.00S
}
2026-05-31 17:56:18 | INFO | P03 |   Sending message with key=0042500317
2026-05-31 17:56:19 | INFO | P03 |   MESSAGE SENT  sent=137
2026-05-31 17:56:19 | INFO | C03 | {'action_type': 'Made Shot', 'distance_ft': '4.0', 'game_id': '0042500317', 'is_made': 'True', 'play_id': 'P0198', 'player_id': 'PL_1628368', 'quarter': '2', 'shot_type': '2PT', 'time_remaining': 'PT09M23.00S', 'timestamp': '2026-06-01T03:54:59Z', '_kafka_key': '0042500317', '_kafka_partition': 0, '_kafka_offset': 136}
2026-05-31 17:56:19 | INFO | C03 | shot_quality=Paint
2026-05-31 17:56:19 | INFO | C03 | clutch_shot=False
2026-05-31 17:56:19 | INFO | C03 | points_scored=2
2026-05-31 17:56:19 | INFO | C03 | running_total_pts=68
2026-05-31 17:56:19 | INFO | C03 | MESSAGE ACCEPTED
2026-05-31 17:56:19 | INFO | C03 | play=P0198
2026-05-31 17:56:19 | INFO | C03 | points=2
2026-05-31 17:56:19 | INFO | C03 | consumed=59
2026-05-31 17:56:19 | INFO | C03 | RUNNING STATS
2026-05-31 17:56:19 | INFO | C03 | total_pts=68
2026-05-31 17:56:19 | INFO | C03 | average_pts=1.15
2026-05-31 17:56:19 | INFO | C03 | min_pts=0.00
2026-05-31 17:56:19 | INFO | C03 | max_pts=3.00
2026-05-31 17:56:19 | INFO | P03 | {
  play_id: P0199
  game_id: 0042500317
  timestamp: 2026-06-01T03:55:04Z
  player_id: PL_1628392
  action_type: Missed Shot
  shot_type: 2PT
  distance_ft: 12.0
  is_made: False
  quarter: 2
  time_remaining: PT09M05.00S
}
2026-05-31 17:56:19 | INFO | P03 |   Sending message with key=0042500317
2026-05-31 17:56:19 | INFO | C03 | {'action_type': 'Missed Shot', 'distance_ft': '12.0', 'game_id': '0042500317', 'is_made': 'False', 'play_id': 'P0199', 'player_id': 'PL_1628392', 'quarter': '2', 'shot_type': '2PT', 'time_remaining': 'PT09M05.00S', 'timestamp': '2026-06-01T03:55:04Z', '_kafka_key': '0042500317', '_kafka_partition': 0, '_kafka_offset': 137}
2026-05-31 17:56:19 | INFO | P03 |   MESSAGE SENT  sent=138
2026-05-31 17:56:19 | INFO | C03 | shot_quality=Paint
2026-05-31 17:56:19 | INFO | C03 | clutch_shot=False
2026-05-31 17:56:19 | INFO | C03 | points_scored=0
2026-05-31 17:56:19 | INFO | C03 | running_total_pts=68
2026-05-31 17:56:19 | INFO | C03 | MESSAGE ACCEPTED
2026-05-31 17:56:19 | INFO | C03 | play=P0199
2026-05-31 17:56:19 | INFO | C03 | points=0
2026-05-31 17:56:19 | INFO | C03 | consumed=60
2026-05-31 17:56:19 | INFO | C03 | RUNNING STATS
2026-05-31 17:56:19 | INFO | C03 | total_pts=68
2026-05-31 17:56:19 | INFO | C03 | average_pts=1.13
2026-05-31 17:56:19 | INFO | C03 | min_pts=0.00
2026-05-31 17:56:19 | INFO | C03 | max_pts=3.00
2026-05-31 17:56:20 | INFO | P03 | {
  play_id: P0200
  game_id: 0042500317
  timestamp: 2026-06-01T03:55:09Z
  player_id: PL_1642844
  action_type: Rebound
  shot_type: 2PT
  distance_ft: 0.0
  is_made: False
  quarter: 2
  time_remaining: PT09M02.00S
}
2026-05-31 17:56:20 | INFO | P03 |   Sending message with key=0042500317
2026-05-31 17:56:20 | INFO | P03 |   MESSAGE SENT  sent=139
2026-05-31 17:56:20 | INFO | C03 | {'action_type': 'Rebound', 'distance_ft': '0.0', 'game_id': '0042500317', 'is_made': 'False', 'play_id': 'P0200', 'player_id': 'PL_1642844', 'quarter': '2', 'shot_type': '2PT', 'time_remaining': 'PT09M02.00S', 'timestamp': '2026-06-01T03:55:09Z', '_kafka_key': '0042500317', '_kafka_partition': 0, '_kafka_offset': 138}
2026-05-31 17:56:20 | INFO | C03 | Skipping non-shot event: play_id=P0200, action_type=Rebound
2026-05-31 17:56:20 | WARNING | C03 | MESSAGE REJECTED
2026-05-31 17:56:20 | WARNING | C03 | play=P0200
2026-05-31 17:56:20 | WARNING | C03 | skipped=79
2026-05-31 17:56:20 | INFO | P03 | {
  play_id: P0201
  game_id: 0042500317
  timestamp: 2026-06-01T03:55:14Z
  player_id: PL_1641705
  action_type: Made Shot
  shot_type: 3PT
  distance_ft: 27.0
  is_made: True
  quarter: 2
  time_remaining: PT08M58.00S
}
2026-05-31 17:56:20 | INFO | P03 |   Sending message with key=0042500317
2026-05-31 17:56:20 | INFO | P03 |   MESSAGE SENT  sent=140
2026-05-31 17:56:20 | INFO | C03 | {'action_type': 'Made Shot', 'distance_ft': '27.0', 'game_id': '0042500317', 'is_made': 'True', 'play_id': 'P0201', 'player_id': 'PL_1641705', 'quarter': '2', 'shot_type': '3PT', 'time_remaining': 'PT08M58.00S', 'timestamp': '2026-06-01T03:55:14Z', '_kafka_key': '0042500317', '_kafka_partition': 0, '_kafka_offset': 139}
2026-05-31 17:56:20 | INFO | C03 | shot_quality=NBA Deep 3
2026-05-31 17:56:20 | INFO | C03 | clutch_shot=False
2026-05-31 17:56:20 | INFO | C03 | points_scored=3
2026-05-31 17:56:20 | INFO | C03 | running_total_pts=71
2026-05-31 17:56:20 | INFO | C03 | MESSAGE ACCEPTED
2026-05-31 17:56:20 | INFO | C03 | play=P0201
2026-05-31 17:56:20 | INFO | C03 | points=3
2026-05-31 17:56:20 | INFO | C03 | consumed=61
2026-05-31 17:56:20 | INFO | C03 | RUNNING STATS
2026-05-31 17:56:20 | INFO | C03 | total_pts=71
2026-05-31 17:56:20 | INFO | C03 | average_pts=1.16
2026-05-31 17:56:20 | INFO | C03 | min_pts=0.00
2026-05-31 17:56:20 | INFO | C03 | max_pts=3.00
2026-05-31 17:56:21 | INFO | P03 | {
  play_id: P0203
  game_id: 0042500317
  timestamp: 2026-06-01T03:55:19Z
  player_id: PL_1610612760
  action_type: Timeout
  shot_type: 2PT
  distance_ft: 0.0
  is_made: False
  quarter: 2
  time_remaining: PT08M57.00S
}
2026-05-31 17:56:21 | INFO | P03 |   Sending message with key=0042500317
2026-05-31 17:56:21 | INFO | P03 |   MESSAGE SENT  sent=141
2026-05-31 17:56:21 | INFO | C03 | {'action_type': 'Timeout', 'distance_ft': '0.0', 'game_id': '0042500317', 'is_made': 'False', 'play_id': 'P0203', 'player_id': 'PL_1610612760', 'quarter': '2', 'shot_type': '2PT', 'time_remaining': 'PT08M57.00S', 'timestamp': '2026-06-01T03:55:19Z', '_kafka_key': '0042500317', '_kafka_partition': 0, '_kafka_offset': 140}
2026-05-31 17:56:21 | INFO | C03 | Skipping non-shot event: play_id=P0203, action_type=Timeout
2026-05-31 17:56:21 | WARNING | C03 | MESSAGE REJECTED
2026-05-31 17:56:21 | WARNING | C03 | play=P0203
2026-05-31 17:56:21 | WARNING | C03 | skipped=80
2026-05-31 17:56:21 | INFO | P03 | {
  play_id: P0204
  game_id: 0042500317
  timestamp: 2026-06-01T03:55:24Z
  player_id: PL_1628392
  action_type: Substitution
  shot_type: 2PT
  distance_ft: 0.0
  is_made: False
  quarter: 2
  time_remaining: PT08M57.00S
}
2026-05-31 17:56:21 | INFO | P03 |   Sending message with key=0042500317
2026-05-31 17:56:21 | INFO | P03 |   MESSAGE SENT  sent=142
2026-05-31 17:56:21 | INFO | C03 | {'action_type': 'Substitution', 'distance_ft': '0.0', 'game_id': '0042500317', 'is_made': 'False', 'play_id': 'P0204', 'player_id': 'PL_1628392', 'quarter': '2', 'shot_type': '2PT', 'time_remaining': 'PT08M57.00S', 'timestamp': '2026-06-01T03:55:24Z', '_kafka_key': '0042500317', '_kafka_partition': 0, '_kafka_offset': 141}
2026-05-31 17:56:21 | INFO | C03 | Skipping non-shot event: play_id=P0204, action_type=Substitution
2026-05-31 17:56:21 | WARNING | C03 | MESSAGE REJECTED
2026-05-31 17:56:21 | WARNING | C03 | play=P0204
2026-05-31 17:56:21 | WARNING | C03 | skipped=81
2026-05-31 17:56:22 | INFO | P03 | {
  play_id: P0205
  game_id: 0042500317
  timestamp: 2026-06-01T03:55:29Z
  player_id: PL_1641705
  action_type: Substitution
  shot_type: 2PT
  distance_ft: 0.0
  is_made: False
  quarter: 2
  time_remaining: PT08M57.00S
}
2026-05-31 17:56:22 | INFO | P03 |   Sending message with key=0042500317
2026-05-31 17:56:22 | INFO | P03 |   MESSAGE SENT  sent=143
2026-05-31 17:56:22 | INFO | C03 | {'action_type': 'Substitution', 'distance_ft': '0.0', 'game_id': '0042500317', 'is_made': 'False', 'play_id': 'P0205', 'player_id': 'PL_1641705', 'quarter': '2', 'shot_type': '2PT', 'time_remaining': 'PT08M57.00S', 'timestamp': '2026-06-01T03:55:29Z', '_kafka_key': '0042500317', '_kafka_partition': 0, '_kafka_offset': 142}
2026-05-31 17:56:22 | INFO | C03 | Skipping non-shot event: play_id=P0205, action_type=Substitution
2026-05-31 17:56:22 | WARNING | C03 | MESSAGE REJECTED
2026-05-31 17:56:22 | WARNING | C03 | play=P0205
2026-05-31 17:56:22 | WARNING | C03 | skipped=82
2026-05-31 17:56:22 | INFO | P03 | {
  play_id: P0208
  game_id: 0042500317
  timestamp: 2026-06-01T03:55:34Z
  player_id: PL_1627936
  action_type: Missed Shot
  shot_type: 2PT
  distance_ft: 4.0
  is_made: False
  quarter: 2
  time_remaining: PT08M32.00S
}
2026-05-31 17:56:22 | INFO | P03 |   Sending message with key=0042500317
2026-05-31 17:56:22 | INFO | P03 |   MESSAGE SENT  sent=144
2026-05-31 17:56:22 | INFO | C03 | {'action_type': 'Missed Shot', 'distance_ft': '4.0', 'game_id': '0042500317', 'is_made': 'False', 'play_id': 'P0208', 'player_id': 'PL_1627936', 'quarter': '2', 'shot_type': '2PT', 'time_remaining': 'PT08M32.00S', 'timestamp': '2026-06-01T03:55:34Z', '_kafka_key': '0042500317', '_kafka_partition': 0, '_kafka_offset': 143}
2026-05-31 17:56:22 | INFO | C03 | shot_quality=Paint
2026-05-31 17:56:22 | INFO | C03 | clutch_shot=False
2026-05-31 17:56:22 | INFO | C03 | points_scored=0
2026-05-31 17:56:22 | INFO | C03 | running_total_pts=71
2026-05-31 17:56:22 | INFO | C03 | MESSAGE ACCEPTED
2026-05-31 17:56:22 | INFO | C03 | play=P0208
2026-05-31 17:56:22 | INFO | C03 | points=0
2026-05-31 17:56:22 | INFO | C03 | consumed=62
2026-05-31 17:56:22 | INFO | C03 | RUNNING STATS
2026-05-31 17:56:22 | INFO | C03 | total_pts=71
2026-05-31 17:56:22 | INFO | C03 | average_pts=1.15
2026-05-31 17:56:22 | INFO | C03 | min_pts=0.00
2026-05-31 17:56:22 | INFO | C03 | max_pts=3.00
2026-05-31 17:56:23 | INFO | P03 | {
  play_id: P0209
  game_id: 0042500317
  timestamp: 2026-06-01T03:55:39Z
  player_id: PL_1631119
  action_type: Rebound
  shot_type: 2PT
  distance_ft: 0.0
  is_made: False
  quarter: 2
  time_remaining: PT08M30.00S
}
2026-05-31 17:56:23 | INFO | P03 |   Sending message with key=0042500317
2026-05-31 17:56:23 | INFO | C03 | {'action_type': 'Rebound', 'distance_ft': '0.0', 'game_id': '0042500317', 'is_made': 'False', 'play_id': 'P0209', 'player_id': 'PL_1631119', 'quarter': '2', 'shot_type': '2PT', 'time_remaining': 'PT08M30.00S', 'timestamp': '2026-06-01T03:55:39Z', '_kafka_key': '0042500317', '_kafka_partition': 0, '_kafka_offset': 144}
2026-05-31 17:56:23 | INFO | P03 |   MESSAGE SENT  sent=145
2026-05-31 17:56:23 | INFO | C03 | Skipping non-shot event: play_id=P0209, action_type=Rebound
2026-05-31 17:56:23 | WARNING | C03 | MESSAGE REJECTED
2026-05-31 17:56:23 | WARNING | C03 | play=P0209
2026-05-31 17:56:23 | WARNING | C03 | skipped=83
2026-05-31 17:56:23 | INFO | P03 | {
  play_id: P0210
  game_id: 0042500317
  timestamp: 2026-06-01T03:55:44Z
  player_id: PL_1631119
  action_type: Made Shot
  shot_type: 2PT
  distance_ft: 1.0
  is_made: True
  quarter: 2
  time_remaining: PT08M29.00S
}
2026-05-31 17:56:23 | INFO | P03 |   Sending message with key=0042500317
2026-05-31 17:56:23 | INFO | P03 |   MESSAGE SENT  sent=146
2026-05-31 17:56:23 | INFO | C03 | {'action_type': 'Made Shot', 'distance_ft': '1.0', 'game_id': '0042500317', 'is_made': 'True', 'play_id': 'P0210', 'player_id': 'PL_1631119', 'quarter': '2', 'shot_type': '2PT', 'time_remaining': 'PT08M29.00S', 'timestamp': '2026-06-01T03:55:44Z', '_kafka_key': '0042500317', '_kafka_partition': 0, '_kafka_offset': 145}
2026-05-31 17:56:23 | INFO | C03 | shot_quality=Restricted Area
2026-05-31 17:56:23 | INFO | C03 | clutch_shot=False
2026-05-31 17:56:23 | INFO | C03 | points_scored=2
2026-05-31 17:56:23 | INFO | C03 | running_total_pts=73
2026-05-31 17:56:23 | INFO | C03 | MESSAGE ACCEPTED
2026-05-31 17:56:23 | INFO | C03 | play=P0210
2026-05-31 17:56:23 | INFO | C03 | points=2
2026-05-31 17:56:23 | INFO | C03 | consumed=63
2026-05-31 17:56:23 | INFO | C03 | RUNNING STATS
2026-05-31 17:56:23 | INFO | C03 | total_pts=73
2026-05-31 17:56:23 | INFO | C03 | average_pts=1.16
2026-05-31 17:56:23 | INFO | C03 | min_pts=0.00
2026-05-31 17:56:23 | INFO | C03 | max_pts=3.00
2026-05-31 17:56:24 | INFO | P03 | {
  play_id: P0211
  game_id: 0042500317
  timestamp: 2026-06-01T03:55:49Z
  player_id: PL_1628368
  action_type: Missed Shot
  shot_type: 3PT
  distance_ft: 27.0
  is_made: False
  quarter: 2
  time_remaining: PT08M10.00S
}
2026-05-31 17:56:24 | INFO | P03 |   Sending message with key=0042500317
2026-05-31 17:56:24 | INFO | C03 | {'action_type': 'Missed Shot', 'distance_ft': '27.0', 'game_id': '0042500317', 'is_made': 'False', 'play_id': 'P0211', 'player_id': 'PL_1628368', 'quarter': '2', 'shot_type': '3PT', 'time_remaining': 'PT08M10.00S', 'timestamp': '2026-06-01T03:55:49Z', '_kafka_key': '0042500317', '_kafka_partition': 0, '_kafka_offset': 146}
2026-05-31 17:56:24 | INFO | P03 |   MESSAGE SENT  sent=147
2026-05-31 17:56:24 | INFO | C03 | shot_quality=NBA Deep 3
2026-05-31 17:56:24 | INFO | C03 | clutch_shot=False
2026-05-31 17:56:24 | INFO | C03 | points_scored=0
2026-05-31 17:56:24 | INFO | C03 | running_total_pts=73
2026-05-31 17:56:24 | INFO | C03 | MESSAGE ACCEPTED
2026-05-31 17:56:24 | INFO | C03 | play=P0211
2026-05-31 17:56:24 | INFO | C03 | points=0
2026-05-31 17:56:24 | INFO | C03 | consumed=64
2026-05-31 17:56:24 | INFO | C03 | RUNNING STATS
2026-05-31 17:56:24 | INFO | C03 | total_pts=73
2026-05-31 17:56:24 | INFO | C03 | average_pts=1.14
2026-05-31 17:56:24 | INFO | C03 | min_pts=0.00
2026-05-31 17:56:24 | INFO | C03 | max_pts=3.00
2026-05-31 17:56:25 | INFO | P03 | {
  play_id: P0212
  game_id: 0042500317
  timestamp: 2026-06-01T03:55:54Z
  player_id: PL_1641717
  action_type: Rebound
  shot_type: 2PT
  distance_ft: 0.0
  is_made: False
  quarter: 2
  time_remaining: PT08M07.00S
}
2026-05-31 17:56:25 | INFO | P03 |   Sending message with key=0042500317
2026-05-31 17:56:25 | INFO | P03 |   MESSAGE SENT  sent=148
 'distance_ft': '0.0', 'game_id': '0042500317', 'is_made': 'False', 'play_id': 'P0212', 'player_id': 'PL_1641717', 'quarter': '2', 'shot_type': '2PT', 'time_remaining': 'PT08M07.00S', 'timestamp': '2026-06-01T03:55:54Z', '_kafka_key': '0042500317', '_kafka_partition': 0, '_kafka_offset': 147}
2026-05-31 17:56:25 | INFO | C03 | Skipping non-shot event: play_id=P0212, action_type=Rebound
2026-05-31 17:56:25 | WARNING | C03 | MESSAGE REJECTED
2026-05-31 17:56:25 | WARNING | C03 | play=P0212
2026-05-31 17:56:25 | WARNING | C03 | skipped=84
2026-05-31 17:56:25 | INFO | P03 | {
  play_id: P0213
  game_id: 0042500317
  timestamp: 2026-06-01T03:55:59Z
  player_id: PL_1641717
  action_type: Missed Shot
  shot_type: 3PT
  distance_ft: 27.0
  is_made: False
  quarter: 2
  time_remaining: PT07M59.00S
}
2026-05-31 17:56:25 | INFO | P03 |   Sending message with key=0042500317
2026-05-31 17:56:25 | INFO | P03 |   MESSAGE SENT  sent=149
2026-05-31 17:56:25 | INFO | C03 | {'action_type': 'Missed Shot', 'distance_ft': '27.0', 'game_id': '0042500317', 'is_made': 'False', 'play_id': 'P0213', 'player_id': 'PL_1641717', 'quarter': '2', 'shot_type': '3PT', 'time_remaining': 'PT07M59.00S', 'timestamp': '2026-06-01T03:55:59Z', '_kafka_key': '0042500317', '_kafka_partition': 0, '_kafka_offset': 148}
2026-05-31 17:56:25 | INFO | C03 | shot_quality=NBA Deep 3
2026-05-31 17:56:25 | INFO | C03 | clutch_shot=False
2026-05-31 17:56:25 | INFO | C03 | points_scored=0
2026-05-31 17:56:25 | INFO | C03 | running_total_pts=73
2026-05-31 17:56:25 | INFO | C03 | MESSAGE ACCEPTED
2026-05-31 17:56:25 | INFO | C03 | play=P0213
2026-05-31 17:56:25 | INFO | C03 | points=0
2026-05-31 17:56:25 | INFO | C03 | consumed=65
2026-05-31 17:56:25 | INFO | C03 | RUNNING STATS
2026-05-31 17:56:25 | INFO | C03 | total_pts=73
2026-05-31 17:56:25 | INFO | C03 | average_pts=1.12
2026-05-31 17:56:25 | INFO | C03 | min_pts=0.00
2026-05-31 17:56:25 | INFO | C03 | max_pts=3.00
2026-05-31 17:56:26 | INFO | P03 | {
  play_id: P0214
  game_id: 0042500317
  timestamp: 2026-06-01T03:56:04Z
  player_id: PL_1610612759
  action_type: Rebound
  shot_type: 2PT
  distance_ft: 0.0
  is_made: False
  quarter: 2
  time_remaining: PT07M59.00S
}
2026-05-31 17:56:26 | INFO | P03 |   Sending message with key=0042500317
2026-05-31 17:56:26 | INFO | P03 |   MESSAGE SENT  sent=150
2026-05-31 17:56:26 | INFO | C03 | {'action_type': 'Rebound', 'distance_ft': '0.0', 'game_id': '0042500317', 'is_made': 'False', 'play_id': 'P0214', 'player_id': 'PL_1610612759', 'quarter': '2', 'shot_type': '2PT', 'time_remaining': 'PT07M59.00S', 'timestamp': '2026-06-01T03:56:04Z', '_kafka_key': '0042500317', '_kafka_partition': 0, '_kafka_offset': 149}
2026-05-31 17:56:26 | INFO | C03 | Skipping non-shot event: play_id=P0214, action_type=Rebound
2026-05-31 17:56:26 | WARNING | C03 | MESSAGE REJECTED
2026-05-31 17:56:26 | WARNING | C03 | play=P0214
2026-05-31 17:56:26 | WARNING | C03 | skipped=85
2026-05-31 17:56:26 | INFO | P03 | {
  play_id: P0216
  game_id: 0042500317
  timestamp: 2026-06-01T03:56:09Z
  player_id: PL_1642272
  action_type: Substitution
  shot_type: 2PT
  distance_ft: 0.0
  is_made: False
  quarter: 2
  time_remaining: PT07M59.00S
}
2026-05-31 17:56:26 | INFO | P03 |   Sending message with key=0042500317
2026-05-31 17:56:26 | INFO | P03 |   MESSAGE SENT  sent=151
2026-05-31 17:56:26 | INFO | C03 | {'action_type': 'Substitution', 'distance_ft': '0.0', 'game_id': '0042500317', 'is_made': 'False', 'play_id': 'P0216', 'player_id': 'PL_1642272', 'quarter': '2', 'shot_type': '2PT', 'time_remaining': 'PT07M59.00S', 'timestamp': '2026-06-01T03:56:09Z', '_kafka_key': '0042500317', '_kafka_partition': 0, '_kafka_offset': 150}
2026-05-31 17:56:26 | INFO | C03 | Skipping non-shot event: play_id=P0216, action_type=Substitution
2026-05-31 17:56:26 | WARNING | C03 | MESSAGE REJECTED
2026-05-31 17:56:26 | WARNING | C03 | play=P0216
2026-05-31 17:56:26 | WARNING | C03 | skipped=86
2026-05-31 17:56:27 | INFO | P03 | {
  play_id: P0217
  game_id: 0042500317
  timestamp: 2026-06-01T03:56:14Z
  player_id: PL_1630577
  action_type: Substitution
  shot_type: 2PT
  distance_ft: 0.0
  is_made: False
  quarter: 2
  time_remaining: PT07M59.00S
}
2026-05-31 17:56:27 | INFO | P03 |   Sending message with key=0042500317
2026-05-31 17:56:27 | INFO | P03 |   MESSAGE SENT  sent=152
2026-05-31 17:56:27 | INFO | C03 | {'action_type': 'Substitution', 'distance_ft': '0.0', 'game_id': '0042500317', 'is_made': 'False', 'play_id': 'P0217', 'player_id': 'PL_1630577', 'quarter': '2', 'shot_type': '2PT', 'time_remaining': 'PT07M59.00S', 'timestamp': '2026-06-01T03:56:14Z', '_kafka_key': '0042500317', '_kafka_partition': 0, '_kafka_offset': 151}
2026-05-31 17:56:27 | INFO | C03 | Skipping non-shot event: play_id=P0217, action_type=Substitution
2026-05-31 17:56:27 | WARNING | C03 | MESSAGE REJECTED
2026-05-31 17:56:27 | WARNING | C03 | play=P0217
2026-05-31 17:56:27 | WARNING | C03 | skipped=87
2026-05-31 17:56:27 | INFO | P03 | {
  play_id: P0220
  game_id: 0042500317
  timestamp: 2026-06-01T03:56:19Z
  player_id: PL_1642844
  action_type: Missed Shot
  shot_type: 2PT
  distance_ft: 2.0
  is_made: False
  quarter: 2
  time_remaining: PT07M40.00S
}
2026-05-31 17:56:27 | INFO | P03 |   Sending message with key=0042500317
2026-05-31 17:56:27 | INFO | C03 | {'action_type': 'Missed Shot', 'distance_ft': '2.0', 'game_id': '0042500317', 'is_made': 'False', 'play_id': 'P0220', 'player_id': 'PL_1642844', 'quarter': '2', 'shot_type': '2PT', 'time_remaining': 'PT07M40.00S', 'timestamp': '2026-06-01T03:56:19Z', '_kafka_key': '0042500317', '_kafka_partition': 0, '_kafka_offset': 152}
2026-05-31 17:56:27 | INFO | P03 |   MESSAGE SENT  sent=153
2026-05-31 17:56:27 | INFO | C03 | shot_quality=Restricted Area
2026-05-31 17:56:27 | INFO | C03 | clutch_shot=False
2026-05-31 17:56:27 | INFO | C03 | points_scored=0
2026-05-31 17:56:27 | INFO | C03 | running_total_pts=73
2026-05-31 17:56:27 | INFO | C03 | MESSAGE ACCEPTED
2026-05-31 17:56:27 | INFO | C03 | play=P0220
2026-05-31 17:56:27 | INFO | C03 | points=0
2026-05-31 17:56:27 | INFO | C03 | consumed=66
2026-05-31 17:56:27 | INFO | C03 | RUNNING STATS
2026-05-31 17:56:27 | INFO | C03 | total_pts=73
2026-05-31 17:56:27 | INFO | C03 | average_pts=1.11
2026-05-31 17:56:27 | INFO | C03 | min_pts=0.00
2026-05-31 17:56:27 | INFO | C03 | max_pts=3.00
2026-05-31 17:56:28 | INFO | P03 | {
  play_id: P0220
  game_id: 0042500317
  timestamp: 2026-06-01T03:56:24Z
  player_id: PL_1631096
  action_type: Unknown
  shot_type: 2PT
  distance_ft: 0.0
  is_made: False
  quarter: 2
  time_remaining: PT07M40.00S
}
2026-05-31 17:56:28 | INFO | P03 |   Sending message with key=0042500317
2026-05-31 17:56:28 | INFO | P03 |   MESSAGE SENT  sent=154
2026-05-31 17:56:28 | INFO | C03 | {'action_type': 'Unknown', 'distance_ft': '0.0', 'game_id': '0042500317', 'is_made': 'False', 'play_id': 'P0220', 'player_id': 'PL_1631096', 'quarter': '2', 'shot_type': '2PT', 'time_remaining': 'PT07M40.00S', 'timestamp': '2026-06-01T03:56:24Z', '_kafka_key': '0042500317', '_kafka_partition': 0, '_kafka_offset': 153}
2026-05-31 17:56:28 | INFO | C03 | Skipping non-shot event: play_id=P0220, action_type=Unknown
2026-05-31 17:56:28 | WARNING | C03 | MESSAGE REJECTED
2026-05-31 17:56:28 | WARNING | C03 | play=P0220
2026-05-31 17:56:28 | WARNING | C03 | skipped=88
2026-05-31 17:56:28 | INFO | P03 | {
  play_id: P0222
  game_id: 0042500317
  timestamp: 2026-06-01T03:56:29Z
  player_id: PL_1631119
  action_type: Rebound
  shot_type: 2PT
  distance_ft: 0.0
  is_made: False
  quarter: 2
  time_remaining: PT07M38.00S
}
2026-05-31 17:56:28 | INFO | P03 |   Sending message with key=0042500317
2026-05-31 17:56:28 | INFO | P03 |   MESSAGE SENT  sent=155
2026-05-31 17:56:28 | INFO | C03 | {'action_type': 'Rebound', 'distance_ft': '0.0', 'game_id': '0042500317', 'is_made': 'False', 'play_id': 'P0222', 'player_id': 'PL_1631119', 'quarter': '2', 'shot_type': '2PT', 'time_remaining': 'PT07M38.00S', 'timestamp': '2026-06-01T03:56:29Z', '_kafka_key': '0042500317', '_kafka_partition': 0, '_kafka_offset': 154}
2026-05-31 17:56:28 | INFO | C03 | Skipping non-shot event: play_id=P0222, action_type=Rebound
2026-05-31 17:56:28 | WARNING | C03 | MESSAGE REJECTED
2026-05-31 17:56:28 | WARNING | C03 | play=P0222
2026-05-31 17:56:28 | WARNING | C03 | skipped=89
2026-05-31 17:56:29 | INFO | P03 | {
  play_id: P0223
  game_id: 0042500317
  timestamp: 2026-06-01T03:56:34Z
  player_id: PL_1627936
  action_type: Missed Shot
  shot_type: 2PT
  distance_ft: 2.0
  is_made: False
  quarter: 2
  time_remaining: PT07M33.00S
}
2026-05-31 17:56:29 | INFO | P03 |   Sending message with key=0042500317
2026-05-31 17:56:29 | INFO | C03 | {'action_type': 'Missed Shot', 'distance_ft': '2.0', 'game_id': '0042500317', 'is_made': 'False', 'play_id': 'P0223', 'player_id': 'PL_1627936', 'quarter': '2', 'shot_type': '2PT', 'time_remaining': 'PT07M33.00S', 'timestamp': '2026-06-01T03:56:34Z', '_kafka_key': '0042500317', '_kafka_partition': 0, '_kafka_offset': 155}
2026-05-31 17:56:29 | INFO | P03 |   MESSAGE SENT  sent=156
2026-05-31 17:56:29 | INFO | C03 | shot_quality=Restricted Area
2026-05-31 17:56:29 | INFO | C03 | clutch_shot=False
2026-05-31 17:56:29 | INFO | C03 | points_scored=0
2026-05-31 17:56:29 | INFO | C03 | running_total_pts=73
2026-05-31 17:56:29 | INFO | C03 | MESSAGE ACCEPTED
2026-05-31 17:56:29 | INFO | C03 | play=P0223
2026-05-31 17:56:29 | INFO | C03 | points=0
2026-05-31 17:56:29 | INFO | C03 | consumed=67
2026-05-31 17:56:29 | INFO | C03 | RUNNING STATS
2026-05-31 17:56:29 | INFO | C03 | total_pts=73
2026-05-31 17:56:29 | INFO | C03 | average_pts=1.09
2026-05-31 17:56:29 | INFO | C03 | min_pts=0.00
2026-05-31 17:56:29 | INFO | C03 | max_pts=3.00
2026-05-31 17:56:30 | INFO | P03 | {
  play_id: P0224
  game_id: 0042500317
  timestamp: 2026-06-01T03:56:39Z
  player_id: PL_1642868
  action_type: Rebound
  shot_type: 2PT
  distance_ft: 0.0
  is_made: False
  quarter: 2
  time_remaining: PT07M31.00S
}
2026-05-31 17:56:30 | INFO | P03 |   Sending message with key=0042500317
2026-05-31 17:56:30 | INFO | P03 |   MESSAGE SENT  sent=157
2026-05-31 17:56:30 | INFO | C03 | {'action_type': 'Rebound', 'distance_ft': '0.0', 'game_id': '0042500317', 'is_made': 'False', 'play_id': 'P0224', 'player_id': 'PL_1642868', 'quarter': '2', 'shot_type': '2PT', 'time_remaining': 'PT07M31.00S', 'timestamp': '2026-06-01T03:56:39Z', '_kafka_key': '0042500317', '_kafka_partition': 0, '_kafka_offset': 156}
2026-05-31 17:56:30 | INFO | C03 | Skipping non-shot event: play_id=P0224, action_type=Rebound
2026-05-31 17:56:30 | WARNING | C03 | MESSAGE REJECTED
2026-05-31 17:56:30 | WARNING | C03 | play=P0224
2026-05-31 17:56:30 | WARNING | C03 | skipped=90
2026-05-31 17:56:30 | INFO | P03 | {
  play_id: P0225
  game_id: 0042500317
  timestamp: 2026-06-01T03:56:44Z
  player_id: PL_1642868
  action_type: Made Shot
  shot_type: 2PT
  distance_ft: 2.0
  is_made: True
  quarter: 2
  time_remaining: PT07M25.00S
}
2026-05-31 17:56:30 | INFO | P03 |   Sending message with key=0042500317
2026-05-31 17:56:30 | INFO | C03 | {'action_type': 'Made Shot', 'distance_ft': '2.0', 'game_id': '0042500317', 'is_made': 'True', 'play_id': 'P0225', 'player_id': 'PL_1642868', 'quarter': '2', 'shot_type': '2PT', 'time_remaining': 'PT07M25.00S', 'timestamp': '2026-06-01T03:56:44Z', '_kafka_key': '0042500317', '_kafka_partition': 0, '_kafka_offset': 157}
2026-05-31 17:56:30 | INFO | P03 |   MESSAGE SENT  sent=158
2026-05-31 17:56:30 | INFO | C03 | shot_quality=Restricted Area
2026-05-31 17:56:30 | INFO | C03 | clutch_shot=False
2026-05-31 17:56:30 | INFO | C03 | points_scored=2
2026-05-31 17:56:30 | INFO | C03 | running_total_pts=75
2026-05-31 17:56:30 | INFO | C03 | MESSAGE ACCEPTED
2026-05-31 17:56:30 | INFO | C03 | play=P0225
2026-05-31 17:56:30 | INFO | C03 | points=2
2026-05-31 17:56:30 | INFO | C03 | consumed=68
2026-05-31 17:56:30 | INFO | C03 | RUNNING STATS
2026-05-31 17:56:30 | INFO | C03 | total_pts=75
2026-05-31 17:56:30 | INFO | C03 | average_pts=1.10
2026-05-31 17:56:30 | INFO | C03 | min_pts=0.00
2026-05-31 17:56:30 | INFO | C03 | max_pts=3.00
2026-05-31 17:56:31 | INFO | P03 | {
  play_id: P0227
  game_id: 0042500317
  timestamp: 2026-06-01T03:56:49Z
  player_id: PL_1628368
  action_type: Foul
  shot_type: 2PT
  distance_ft: 0.0
  is_made: False
  quarter: 2
  time_remaining: PT07M15.00S
}
2026-05-31 17:56:31 | INFO | P03 |   Sending message with key=0042500317
2026-05-31 17:56:31 | INFO | P03 |   MESSAGE SENT  sent=159
2026-05-31 17:56:31 | INFO | C03 | {'action_type': 'Foul', 'distance_ft': '0.0', 'game_id': '0042500317', 'is_made': 'False', 'play_id': 'P0227', 'player_id': 'PL_1628368', 'quarter': '2', 'shot_type': '2PT', 'time_remaining': 'PT07M15.00S', 'timestamp': '2026-06-01T03:56:49Z', '_kafka_key': '0042500317', '_kafka_partition': 0, '_kafka_offset': 158}
2026-05-31 17:56:31 | INFO | C03 | Skipping non-shot event: play_id=P0227, action_type=Foul
2026-05-31 17:56:31 | WARNING | C03 | MESSAGE REJECTED
2026-05-31 17:56:31 | WARNING | C03 | play=P0227
2026-05-31 17:56:31 | WARNING | C03 | skipped=91
2026-05-31 17:56:31 | INFO | P03 | {
  play_id: P0229
  game_id: 0042500317
  timestamp: 2026-06-01T03:56:54Z
  player_id: PL_1628983
  action_type: Free Throw
  shot_type: FT
  distance_ft: 0.0
  is_made: False
  quarter: 2
  time_remaining: PT07M15.00S
}
2026-05-31 17:56:31 | INFO | P03 |   Sending message with key=0042500317
2026-05-31 17:56:31 | INFO | P03 |   MESSAGE SENT  sent=160
2026-05-31 17:56:31 | INFO | C03 | {'action_type': 'Free Throw', 'distance_ft': '0.0', 'game_id': '0042500317', 'is_made': 'False', 'play_id': 'P0229', 'player_id': 'PL_1628983', 'quarter': '2', 'shot_type': 'FT', 'time_remaining': 'PT07M15.00S', 'timestamp': '2026-06-01T03:56:54Z', '_kafka_key': '0042500317', '_kafka_partition': 0, '_kafka_offset': 159}
2026-05-31 17:56:31 | INFO | C03 | shot_quality=Restricted Area
2026-05-31 17:56:31 | INFO | C03 | clutch_shot=False
2026-05-31 17:56:31 | INFO | C03 | points_scored=0
2026-05-31 17:56:31 | INFO | C03 | running_total_pts=75
2026-05-31 17:56:31 | INFO | C03 | MESSAGE ACCEPTED
2026-05-31 17:56:31 | INFO | C03 | play=P0229
2026-05-31 17:56:31 | INFO | C03 | points=0
2026-05-31 17:56:31 | INFO | C03 | consumed=69
2026-05-31 17:56:31 | INFO | C03 | RUNNING STATS
2026-05-31 17:56:31 | INFO | C03 | total_pts=75
2026-05-31 17:56:31 | INFO | C03 | average_pts=1.09
2026-05-31 17:56:31 | INFO | C03 | min_pts=0.00
2026-05-31 17:56:31 | INFO | C03 | max_pts=3.00
2026-05-31 17:56:32 | INFO | P03 | {
  play_id: P0230
  game_id: 0042500317
  timestamp: 2026-06-01T03:56:59Z
  player_id: PL_1610612760
  action_type: Rebound
  shot_type: 2PT
  distance_ft: 0.0
  is_made: False
  quarter: 2
  time_remaining: PT07M15.00S
}
2026-05-31 17:56:32 | INFO | P03 |   Sending message with key=0042500317
2026-05-31 17:56:32 | INFO | P03 |   MESSAGE SENT  sent=161
2026-05-31 17:56:32 | INFO | C03 | {'action_type': 'Rebound', 'distance_ft': '0.0', 'game_id': '0042500317', 'is_made': 'False', 'play_id': 'P0230', 'player_id': 'PL_1610612760', 'quarter': '2', 'shot_type': '2PT', 'time_remaining': 'PT07M15.00S', 'timestamp': '2026-06-01T03:56:59Z', '_kafka_key': '0042500317', '_kafka_partition': 0, '_kafka_offset': 160}
2026-05-31 17:56:32 | INFO | C03 | Skipping non-shot event: play_id=P0230, action_type=Rebound
2026-05-31 17:56:32 | WARNING | C03 | MESSAGE REJECTED
2026-05-31 17:56:32 | WARNING | C03 | play=P0230
2026-05-31 17:56:32 | WARNING | C03 | skipped=92
2026-05-31 17:56:32 | INFO | P03 | {
  play_id: P0231
  game_id: 0042500317
  timestamp: 2026-06-01T03:57:04Z
  player_id: PL_1627936
  action_type: Substitution
  shot_type: 2PT
  distance_ft: 0.0
  is_made: False
  quarter: 2
  time_remaining: PT07M15.00S
}
2026-05-31 17:56:32 | INFO | P03 |   Sending message with key=0042500317
2026-05-31 17:56:32 | INFO | P03 |   MESSAGE SENT  sent=162
2026-05-31 17:56:32 | INFO | C03 | {'action_type': 'Substitution', 'distance_ft': '0.0', 'game_id': '0042500317', 'is_made': 'False', 'play_id': 'P0231', 'player_id': 'PL_1627936', 'quarter': '2', 'shot_type': '2PT', 'time_remaining': 'PT07M15.00S', 'timestamp': '2026-06-01T03:57:04Z', '_kafka_key': '0042500317', '_kafka_partition': 0, '_kafka_offset': 161}
2026-05-31 17:56:32 | INFO | C03 | Skipping non-shot event: play_id=P0231, action_type=Substitution
2026-05-31 17:56:32 | WARNING | C03 | MESSAGE REJECTED
2026-05-31 17:56:32 | WARNING | C03 | play=P0231
2026-05-31 17:56:32 | WARNING | C03 | skipped=93
2026-05-31 17:56:33 | INFO | P03 | {
  play_id: P0232
  game_id: 0042500317
  timestamp: 2026-06-01T03:57:09Z
  player_id: PL_1642844
  action_type: Substitution
  shot_type: 2PT
  distance_ft: 0.0
  is_made: False
  quarter: 2
  time_remaining: PT07M15.00S
}
2026-05-31 17:56:33 | INFO | P03 |   Sending message with key=0042500317
2026-05-31 17:56:33 | INFO | P03 |   MESSAGE SENT  sent=163
2026-05-31 17:56:33 | INFO | C03 | {'action_type': 'Substitution', 'distance_ft': '0.0', 'game_id': '0042500317', 'is_made': 'False', 'play_id': 'P0232', 'player_id': 'PL_1642844', 'quarter': '2', 'shot_type': '2PT', 'time_remaining': 'PT07M15.00S', 'timestamp': '2026-06-01T03:57:09Z', '_kafka_key': '0042500317', '_kafka_partition': 0, '_kafka_offset': 162}
2026-05-31 17:56:33 | INFO | C03 | Skipping non-shot event: play_id=P0232, action_type=Substitution
2026-05-31 17:56:33 | WARNING | C03 | MESSAGE REJECTED
2026-05-31 17:56:33 | WARNING | C03 | play=P0232
2026-05-31 17:56:33 | WARNING | C03 | skipped=94
2026-05-31 17:56:33 | INFO | P03 | {
  play_id: P0235
  game_id: 0042500317
  timestamp: 2026-06-01T03:57:14Z
  player_id: PL_1628983
  action_type: Free Throw
  shot_type: FT
  distance_ft: 0.0
  is_made: False
  quarter: 2
  time_remaining: PT07M15.00S
}
2026-05-31 17:56:33 | INFO | P03 |   Sending message with key=0042500317
2026-05-31 17:56:33 | INFO | P03 |   MESSAGE SENT  sent=164
2026-05-31 17:56:33 | INFO | C03 | {'action_type': 'Free Throw', 'distance_ft': '0.0', 'game_id': '0042500317', 'is_made': 'False', 'play_id': 'P0235', 'player_id': 'PL_1628983', 'quarter': '2', 'shot_type': 'FT', 'time_remaining': 'PT07M15.00S', 'timestamp': '2026-06-01T03:57:14Z', '_kafka_key': '0042500317', '_kafka_partition': 0, '_kafka_offset': 163}
2026-05-31 17:56:33 | INFO | C03 | shot_quality=Restricted Area
2026-05-31 17:56:33 | INFO | C03 | clutch_shot=False
2026-05-31 17:56:33 | INFO | C03 | points_scored=0
2026-05-31 17:56:33 | INFO | C03 | running_total_pts=75
2026-05-31 17:56:33 | INFO | C03 | MESSAGE ACCEPTED
2026-05-31 17:56:33 | INFO | C03 | play=P0235
2026-05-31 17:56:33 | INFO | C03 | points=0
2026-05-31 17:56:33 | INFO | C03 | consumed=70
2026-05-31 17:56:33 | INFO | C03 | RUNNING STATS
2026-05-31 17:56:33 | INFO | C03 | total_pts=75
2026-05-31 17:56:33 | INFO | C03 | average_pts=1.07
2026-05-31 17:56:33 | INFO | C03 | min_pts=0.00
2026-05-31 17:56:33 | INFO | C03 | max_pts=3.00
2026-05-31 17:56:34 | INFO | P03 | {
  play_id: P0236
  game_id: 0042500317
  timestamp: 2026-06-01T03:57:19Z
  player_id: PL_1628436
  action_type: Rebound
  shot_type: 2PT
  distance_ft: 0.0
  is_made: False
  quarter: 2
  time_remaining: PT07M13.00S
}
2026-05-31 17:56:34 | INFO | P03 |   Sending message with key=0042500317
2026-05-31 17:56:34 | INFO | P03 |   MESSAGE SENT  sent=165
2026-05-31 17:56:34 | INFO | C03 | {'action_type': 'Rebound', 'distance_ft': '0.0', 'game_id': '0042500317', 'is_made': 'False', 'play_id': 'P0236', 'player_id': 'PL_1628436', 'quarter': '2', 'shot_type': '2PT', 'time_remaining': 'PT07M13.00S', 'timestamp': '2026-06-01T03:57:19Z', '_kafka_key': '0042500317', '_kafka_partition': 0, '_kafka_offset': 164}
2026-05-31 17:56:34 | INFO | C03 | Skipping non-shot event: play_id=P0236, action_type=Rebound
2026-05-31 17:56:34 | WARNING | C03 | MESSAGE REJECTED
2026-05-31 17:56:34 | WARNING | C03 | play=P0236
2026-05-31 17:56:34 | WARNING | C03 | skipped=95
2026-05-31 17:56:35 | INFO | P03 | {
  play_id: P0237
  game_id: 0042500317
  timestamp: 2026-06-01T03:57:24Z
  player_id: PL_1631096
  action_type: Foul
  shot_type: 2PT
  distance_ft: 0.0
  is_made: False
  quarter: 2
  time_remaining: PT07M02.00S
}
2026-05-31 17:56:35 | INFO | P03 |   Sending message with key=0042500317
2026-05-31 17:56:35 | INFO | P03 |   MESSAGE SENT  sent=166
2026-05-31 17:56:35 | INFO | C03 | {'action_type': 'Foul', 'distance_ft': '0.0', 'game_id': '0042500317', 'is_made': 'False', 'play_id': 'P0237', 'player_id': 'PL_1631096', 'quarter': '2', 'shot_type': '2PT', 'time_remaining': 'PT07M02.00S', 'timestamp': '2026-06-01T03:57:24Z', '_kafka_key': '0042500317', '_kafka_partition': 0, '_kafka_offset': 165}
2026-05-31 17:56:35 | INFO | C03 | Skipping non-shot event: play_id=P0237, action_type=Foul
2026-05-31 17:56:35 | WARNING | C03 | MESSAGE REJECTED
2026-05-31 17:56:35 | WARNING | C03 | play=P0237
2026-05-31 17:56:35 | WARNING | C03 | skipped=96
2026-05-31 17:56:35 | INFO | P03 | {
  play_id: P0239
  game_id: 0042500317
  timestamp: 2026-06-01T03:57:29Z
  player_id: PL_1628436
  action_type: Free Throw
  shot_type: FT
  distance_ft: 0.0
  is_made: True
  quarter: 2
  time_remaining: PT07M02.00S
}
2026-05-31 17:56:35 | INFO | P03 |   Sending message with key=0042500317
2026-05-31 17:56:35 | INFO | P03 |   MESSAGE SENT  sent=167
2026-05-31 17:56:35 | INFO | C03 | {'action_type': 'Free Throw', 'distance_ft': '0.0', 'game_id': '0042500317', 'is_made': 'True', 'play_id': 'P0239', 'player_id': 'PL_1628436', 'quarter': '2', 'shot_type': 'FT', 'time_remaining': 'PT07M02.00S', 'timestamp': '2026-06-01T03:57:29Z', '_kafka_key': '0042500317', '_kafka_partition': 0, '_kafka_offset': 166}
2026-05-31 17:56:35 | INFO | C03 | shot_quality=Restricted Area
2026-05-31 17:56:35 | INFO | C03 | clutch_shot=False
2026-05-31 17:56:35 | INFO | C03 | points_scored=1
2026-05-31 17:56:35 | INFO | C03 | running_total_pts=76
2026-05-31 17:56:35 | INFO | C03 | MESSAGE ACCEPTED
2026-05-31 17:56:35 | INFO | C03 | play=P0239
2026-05-31 17:56:35 | INFO | C03 | points=1
2026-05-31 17:56:35 | INFO | C03 | consumed=71
2026-05-31 17:56:35 | INFO | C03 | RUNNING STATS
2026-05-31 17:56:35 | INFO | C03 | total_pts=76
2026-05-31 17:56:35 | INFO | C03 | average_pts=1.07
2026-05-31 17:56:35 | INFO | C03 | min_pts=0.00
2026-05-31 17:56:35 | INFO | C03 | max_pts=3.00
2026-05-31 17:56:36 | INFO | P03 | {
  play_id: P0240
  game_id: 0042500317
  timestamp: 2026-06-01T03:57:34Z
  player_id: PL_1628436
  action_type: Free Throw
  shot_type: FT
  distance_ft: 0.0
  is_made: True
  quarter: 2
  time_remaining: PT07M02.00S
}
2026-05-31 17:56:36 | INFO | P03 |   Sending message with key=0042500317
2026-05-31 17:56:36 | INFO | P03 |   MESSAGE SENT  sent=168
2026-05-31 17:56:36 | INFO | C03 | {'action_type': 'Free Throw', 'distance_ft': '0.0', 'game_id': '0042500317', 'is_made': 'True', 'play_id': 'P0240', 'player_id': 'PL_1628436', 'quarter': '2', 'shot_type': 'FT', 'time_remaining': 'PT07M02.00S', 'timestamp': '2026-06-01T03:57:34Z', '_kafka_key': '0042500317', '_kafka_partition': 0, '_kafka_offset': 167}
2026-05-31 17:56:36 | INFO | C03 | shot_quality=Restricted Area
2026-05-31 17:56:36 | INFO | C03 | clutch_shot=False
2026-05-31 17:56:36 | INFO | C03 | points_scored=1
2026-05-31 17:56:36 | INFO | C03 | running_total_pts=77
2026-05-31 17:56:36 | INFO | C03 | MESSAGE ACCEPTED
2026-05-31 17:56:36 | INFO | C03 | play=P0240
2026-05-31 17:56:36 | INFO | C03 | points=1
2026-05-31 17:56:36 | INFO | C03 | consumed=72
2026-05-31 17:56:36 | INFO | C03 | RUNNING STATS
2026-05-31 17:56:36 | INFO | C03 | total_pts=77
2026-05-31 17:56:36 | INFO | C03 | average_pts=1.07
2026-05-31 17:56:36 | INFO | C03 | min_pts=0.00
2026-05-31 17:56:36 | INFO | C03 | max_pts=3.00
2026-05-31 17:56:36 | INFO | P03 | {
  play_id: P0241
  game_id: 0042500317
  timestamp: 2026-06-01T03:57:39Z
  player_id: PL_1628983
  action_type: Made Shot
  shot_type: 3PT
  distance_ft: 25.0
  is_made: True
  quarter: 2
  time_remaining: PT06M51.00S
}
2026-05-31 17:56:36 | INFO | P03 |   Sending message with key=0042500317
2026-05-31 17:56:36 | INFO | C03 | {'action_type': 'Made Shot', 'distance_ft': '25.0', 'game_id': '0042500317', 'is_made': 'True', 'play_id': 'P0241', 'player_id': 'PL_1628983', 'quarter': '2', 'shot_type': '3PT', 'time_remaining': 'PT06M51.00S', 'timestamp': '2026-06-01T03:57:39Z', '_kafka_key': '0042500317', '_kafka_partition': 0, '_kafka_offset': 168}
2026-05-31 17:56:36 | INFO | P03 |   MESSAGE SENT  sent=169
2026-05-31 17:56:36 | INFO | C03 | shot_quality=NBA Deep 3
2026-05-31 17:56:36 | INFO | C03 | clutch_shot=False
2026-05-31 17:56:36 | INFO | C03 | points_scored=3
2026-05-31 17:56:36 | INFO | C03 | running_total_pts=80
2026-05-31 17:56:36 | INFO | C03 | MESSAGE ACCEPTED
2026-05-31 17:56:36 | INFO | C03 | play=P0241
2026-05-31 17:56:36 | INFO | C03 | points=3
2026-05-31 17:56:36 | INFO | C03 | consumed=73
2026-05-31 17:56:36 | INFO | C03 | RUNNING STATS
2026-05-31 17:56:36 | INFO | C03 | total_pts=80
2026-05-31 17:56:36 | INFO | C03 | average_pts=1.10
2026-05-31 17:56:36 | INFO | C03 | min_pts=0.00
2026-05-31 17:56:36 | INFO | C03 | max_pts=3.00
2026-05-31 17:56:37 | INFO | P03 | {
  play_id: P0243
  game_id: 0042500317
  timestamp: 2026-06-01T03:57:44Z
  player_id: PL_1610612759
  action_type: Timeout
  shot_type: 2PT
  distance_ft: 0.0
  is_made: False
  quarter: 2
  time_remaining: PT06M45.00S
}
2026-05-31 17:56:37 | INFO | P03 |   Sending message with key=0042500317
2026-05-31 17:56:37 | INFO | P03 |   MESSAGE SENT  sent=170
2026-05-31 17:56:37 | INFO | C03 | {'action_type': 'Timeout', 'distance_ft': '0.0', 'game_id': '0042500317', 'is_made': 'False', 'play_id': 'P0243', 'player_id': 'PL_1610612759', 'quarter': '2', 'shot_type': '2PT', 'time_remaining': 'PT06M45.00S', 'timestamp': '2026-06-01T03:57:44Z', '_kafka_key': '0042500317', '_kafka_partition': 0, '_kafka_offset': 169}
2026-05-31 17:56:37 | INFO | C03 | Skipping non-shot event: play_id=P0243, action_type=Timeout
2026-05-31 17:56:37 | WARNING | C03 | MESSAGE REJECTED
2026-05-31 17:56:37 | WARNING | C03 | play=P0243
2026-05-31 17:56:37 | WARNING | C03 | skipped=97
2026-05-31 17:56:37 | INFO | P03 | {
  play_id: P0244
  game_id: 0042500317
  timestamp: 2026-06-01T03:57:49Z
  player_id: PL_1628436
  action_type: Substitution
  shot_type: 2PT
  distance_ft: 0.0
  is_made: False
  quarter: 2
  time_remaining: PT06M45.00S
}
2026-05-31 17:56:37 | INFO | P03 |   Sending message with key=0042500317
2026-05-31 17:56:37 | INFO | C03 | {'action_type': 'Substitution', 'distance_ft': '0.0', 'game_id': '0042500317', 'is_made': 'False', 'play_id': 'P0244', 'player_id': 'PL_1628436', 'quarter': '2', 'shot_type': '2PT', 'time_remaining': 'PT06M45.00S', 'timestamp': '2026-06-01T03:57:49Z', '_kafka_key': '0042500317', '_kafka_partition': 0, '_kafka_offset': 170}
2026-05-31 17:56:37 | INFO | P03 |   MESSAGE SENT  sent=171
2026-05-31 17:56:37 | INFO | C03 | Skipping non-shot event: play_id=P0244, action_type=Substitution
2026-05-31 17:56:37 | WARNING | C03 | MESSAGE REJECTED
2026-05-31 17:56:37 | WARNING | C03 | play=P0244
2026-05-31 17:56:37 | WARNING | C03 | skipped=98
2026-05-31 17:56:38 | INFO | P03 | {
  play_id: P0245
  game_id: 0042500317
  timestamp: 2026-06-01T03:57:54Z
  player_id: PL_1642868
  action_type: Substitution
  shot_type: 2PT
  distance_ft: 0.0
  is_made: False
  quarter: 2
  time_remaining: PT06M45.00S
}
2026-05-31 17:56:38 | INFO | P03 |   Sending message with key=0042500317
2026-05-31 17:56:38 | INFO | P03 |   MESSAGE SENT  sent=172
2026-05-31 17:56:38 | INFO | C03 | {'action_type': 'Substitution', 'distance_ft': '0.0', 'game_id': '0042500317', 'is_made': 'False', 'play_id': 'P0245', 'player_id': 'PL_1642868', 'quarter': '2', 'shot_type': '2PT', 'time_remaining': 'PT06M45.00S', 'timestamp': '2026-06-01T03:57:54Z', '_kafka_key': '0042500317', '_kafka_partition': 0, '_kafka_offset': 171}
2026-05-31 17:56:38 | INFO | C03 | Skipping non-shot event: play_id=P0245, action_type=Substitution
2026-05-31 17:56:38 | WARNING | C03 | MESSAGE REJECTED
2026-05-31 17:56:38 | WARNING | C03 | play=P0245
2026-05-31 17:56:38 | WARNING | C03 | skipped=99
2026-05-31 17:56:38 | INFO | P03 | {
  play_id: P0248
  game_id: 0042500317
  timestamp: 2026-06-01T03:57:59Z
  player_id: PL_1641705
  action_type: Missed Shot
  shot_type: 2PT
  distance_ft: 3.0
  is_made: False
  quarter: 2
  time_remaining: PT06M32.00S
}
2026-05-31 17:56:38 | INFO | P03 |   Sending message with key=0042500317
2026-05-31 17:56:38 | INFO | C03 | {'action_type': 'Missed Shot', 'distance_ft': '3.0', 'game_id': '0042500317', 'is_made': 'False', 'play_id': 'P0248', 'player_id': 'PL_1641705', 'quarter': '2', 'shot_type': '2PT', 'time_remaining': 'PT06M32.00S', 'timestamp': '2026-06-01T03:57:59Z', '_kafka_key': '0042500317', '_kafka_partition': 0, '_kafka_offset': 172}
2026-05-31 17:56:38 | INFO | P03 |   MESSAGE SENT  sent=173
2026-05-31 17:56:38 | INFO | C03 | shot_quality=Restricted Area
2026-05-31 17:56:38 | INFO | C03 | clutch_shot=False
2026-05-31 17:56:38 | INFO | C03 | points_scored=0
2026-05-31 17:56:38 | INFO | C03 | running_total_pts=80
2026-05-31 17:56:38 | INFO | C03 | MESSAGE ACCEPTED
2026-05-31 17:56:38 | INFO | C03 | play=P0248
2026-05-31 17:56:38 | INFO | C03 | points=0
2026-05-31 17:56:38 | INFO | C03 | consumed=74
2026-05-31 17:56:38 | INFO | C03 | RUNNING STATS
2026-05-31 17:56:38 | INFO | C03 | total_pts=80
2026-05-31 17:56:38 | INFO | C03 | average_pts=1.08
2026-05-31 17:56:38 | INFO | C03 | min_pts=0.00
2026-05-31 17:56:38 | INFO | C03 | max_pts=3.00
2026-05-31 17:56:39 | INFO | P03 | {
  play_id: P0249
  game_id: 0042500317
  timestamp: 2026-06-01T03:58:04Z
  player_id: PL_1631096
  action_type: Rebound
  shot_type: 2PT
  distance_ft: 0.0
  is_made: False
  quarter: 2
  time_remaining: PT06M30.00S
}
2026-05-31 17:56:39 | INFO | P03 |   Sending message with key=0042500317
2026-05-31 17:56:39 | INFO | P03 |   MESSAGE SENT  sent=174
2026-05-31 17:56:39 | INFO | C03 | {'action_type': 'Rebound', 'distance_ft': '0.0', 'game_id': '0042500317', 'is_made': 'False', 'play_id': 'P0249', 'player_id': 'PL_1631096', 'quarter': '2', 'shot_type': '2PT', 'time_remaining': 'PT06M30.00S', 'timestamp': '2026-06-01T03:58:04Z', '_kafka_key': '0042500317', '_kafka_partition': 0, '_kafka_offset': 173}
2026-05-31 17:56:39 | INFO | C03 | Skipping non-shot event: play_id=P0249, action_type=Rebound
2026-05-31 17:56:39 | WARNING | C03 | MESSAGE REJECTED
2026-05-31 17:56:39 | WARNING | C03 | play=P0249
2026-05-31 17:56:39 | WARNING | C03 | skipped=100
2026-05-31 17:56:40 | INFO | P03 | {
  play_id: P0250
  game_id: 0042500317
  timestamp: 2026-06-01T03:58:09Z
  player_id: PL_1631119
  action_type: Missed Shot
  shot_type: 2PT
  distance_ft: 13.0
  is_made: False
  quarter: 2
  time_remaining: PT06M20.00S
}
2026-05-31 17:56:40 | INFO | P03 |   Sending message with key=0042500317
2026-05-31 17:56:40 | INFO | C03 | {'action_type': 'Missed Shot', 'distance_ft': '13.0', 'game_id': '0042500317', 'is_made': 'False', 'play_id': 'P0250', 'player_id': 'PL_1631119', 'quarter': '2', 'shot_type': '2PT', 'time_remaining': 'PT06M20.00S', 'timestamp': '2026-06-01T03:58:09Z', '_kafka_key': '0042500317', '_kafka_partition': 0, '_kafka_offset': 174}
2026-05-31 17:56:40 | INFO | P03 |   MESSAGE SENT  sent=175
2026-05-31 17:56:40 | INFO | C03 | shot_quality=Paint
2026-05-31 17:56:40 | INFO | C03 | clutch_shot=False
2026-05-31 17:56:40 | INFO | C03 | points_scored=0
2026-05-31 17:56:40 | INFO | C03 | running_total_pts=80
2026-05-31 17:56:40 | INFO | C03 | MESSAGE ACCEPTED
2026-05-31 17:56:40 | INFO | C03 | play=P0250
2026-05-31 17:56:40 | INFO | C03 | points=0
2026-05-31 17:56:40 | INFO | C03 | consumed=75
2026-05-31 17:56:40 | INFO | C03 | RUNNING STATS
2026-05-31 17:56:40 | INFO | C03 | total_pts=80
2026-05-31 17:56:40 | INFO | C03 | average_pts=1.07
2026-05-31 17:56:40 | INFO | C03 | min_pts=0.00
2026-05-31 17:56:40 | INFO | C03 | max_pts=3.00
2026-05-31 17:56:40 | INFO | P03 | {
  play_id: P0251
  game_id: 0042500317
  timestamp: 2026-06-01T03:58:14Z
  player_id: PL_1610612760
  action_type: Rebound
  shot_type: 2PT
  distance_ft: 0.0
  is_made: False
  quarter: 2
  time_remaining: PT06M18.00S
}
2026-05-31 17:56:40 | INFO | P03 |   Sending message with key=0042500317
2026-05-31 17:56:40 | INFO | P03 |   MESSAGE SENT  sent=176
2026-05-31 17:56:40 | INFO | C03 | {'action_type': 'Rebound', 'distance_ft': '0.0', 'game_id': '0042500317', 'is_made': 'False', 'play_id': 'P0251', 'player_id': 'PL_1610612760', 'quarter': '2', 'shot_type': '2PT', 'time_remaining': 'PT06M18.00S', 'timestamp': '2026-06-01T03:58:14Z', '_kafka_key': '0042500317', '_kafka_partition': 0, '_kafka_offset': 175}
2026-05-31 17:56:40 | INFO | C03 | Skipping non-shot event: play_id=P0251, action_type=Rebound
2026-05-31 17:56:40 | WARNING | C03 | MESSAGE REJECTED
2026-05-31 17:56:40 | WARNING | C03 | play=P0251
2026-05-31 17:56:40 | WARNING | C03 | skipped=101
2026-05-31 17:56:41 | INFO | P03 | {
  play_id: P0254
  game_id: 0042500317
  timestamp: 2026-06-01T03:58:19Z
  player_id: PL_1628983
  action_type: Missed Shot
  shot_type: 2PT
  distance_ft: 15.0
  is_made: False
  quarter: 2
  time_remaining: PT06M11.00S
}
2026-05-31 17:56:41 | INFO | P03 |   Sending message with key=0042500317
2026-05-31 17:56:41 | INFO | P03 |   MESSAGE SENT  sent=177
2026-05-31 17:56:41 | INFO | C03 | {'action_type': 'Missed Shot', 'distance_ft': '15.0', 'game_id': '0042500317', 'is_made': 'False', 'play_id': 'P0254', 'player_id': 'PL_1628983', 'quarter': '2', 'shot_type': '2PT', 'time_remaining': 'PT06M11.00S', 'timestamp': '2026-06-01T03:58:19Z', '_kafka_key': '0042500317', '_kafka_partition': 0, '_kafka_offset': 176}
2026-05-31 17:56:41 | INFO | C03 | shot_quality=Mid-Range
2026-05-31 17:56:41 | INFO | C03 | clutch_shot=False
2026-05-31 17:56:41 | INFO | C03 | points_scored=0
2026-05-31 17:56:41 | INFO | C03 | running_total_pts=80
2026-05-31 17:56:41 | INFO | C03 | MESSAGE ACCEPTED
2026-05-31 17:56:41 | INFO | C03 | play=P0254
2026-05-31 17:56:41 | INFO | C03 | points=0
2026-05-31 17:56:41 | INFO | C03 | consumed=76
2026-05-31 17:56:41 | INFO | C03 | RUNNING STATS
2026-05-31 17:56:41 | INFO | C03 | total_pts=80
2026-05-31 17:56:41 | INFO | C03 | average_pts=1.05
2026-05-31 17:56:41 | INFO | C03 | min_pts=0.00
2026-05-31 17:56:41 | INFO | C03 | max_pts=3.00
2026-05-31 17:56:41 | INFO | P03 | {
  play_id: P0255
  game_id: 0042500317
  timestamp: 2026-06-01T03:58:24Z
  player_id: PL_1631119
  action_type: Rebound
  shot_type: 2PT
  distance_ft: 0.0
  is_made: False
  quarter: 2
  time_remaining: PT06M08.00S
}
2026-05-31 17:56:41 | INFO | P03 |   Sending message with key=0042500317
2026-05-31 17:56:41 | INFO | P03 |   MESSAGE SENT  sent=178
2026-05-31 17:56:41 | INFO | C03 | {'action_type': 'Rebound', 'distance_ft': '0.0', 'game_id': '0042500317', 'is_made': 'False', 'play_id': 'P0255', 'player_id': 'PL_1631119', 'quarter': '2', 'shot_type': '2PT', 'time_remaining': 'PT06M08.00S', 'timestamp': '2026-06-01T03:58:24Z', '_kafka_key': '0042500317', '_kafka_partition': 0, '_kafka_offset': 177}
2026-05-31 17:56:41 | INFO | C03 | Skipping non-shot event: play_id=P0255, action_type=Rebound
2026-05-31 17:56:41 | WARNING | C03 | MESSAGE REJECTED
2026-05-31 17:56:41 | WARNING | C03 | play=P0255
2026-05-31 17:56:41 | WARNING | C03 | skipped=102
2026-05-31 17:56:42 | INFO | P03 | {
  play_id: P0256
  game_id: 0042500317
  timestamp: 2026-06-01T03:58:29Z
  player_id: PL_1628983
  action_type: Made Shot
  shot_type: 2PT
  distance_ft: 1.0
  is_made: True
  quarter: 2
  time_remaining: PT06M05.00S
}
2026-05-31 17:56:42 | INFO | P03 |   Sending message with key=0042500317
2026-05-31 17:56:42 | INFO | P03 |   MESSAGE SENT  sent=179
2026-05-31 17:56:42 | INFO | C03 | {'action_type': 'Made Shot', 'distance_ft': '1.0', 'game_id': '0042500317', 'is_made': 'True', 'play_id': 'P0256', 'player_id': 'PL_1628983', 'quarter': '2', 'shot_type': '2PT', 'time_remaining': 'PT06M05.00S', 'timestamp': '2026-06-01T03:58:29Z', '_kafka_key': '0042500317', '_kafka_partition': 0, '_kafka_offset': 178}
2026-05-31 17:56:42 | INFO | C03 | shot_quality=Restricted Area
2026-05-31 17:56:42 | INFO | C03 | clutch_shot=False
2026-05-31 17:56:42 | INFO | C03 | points_scored=2
2026-05-31 17:56:42 | INFO | C03 | running_total_pts=82
2026-05-31 17:56:42 | INFO | C03 | MESSAGE ACCEPTED
2026-05-31 17:56:42 | INFO | C03 | play=P0256
2026-05-31 17:56:42 | INFO | C03 | points=2
2026-05-31 17:56:42 | INFO | C03 | consumed=77
2026-05-31 17:56:42 | INFO | C03 | RUNNING STATS
2026-05-31 17:56:42 | INFO | C03 | total_pts=82
2026-05-31 17:56:42 | INFO | C03 | average_pts=1.06
2026-05-31 17:56:42 | INFO | C03 | min_pts=0.00
2026-05-31 17:56:42 | INFO | C03 | max_pts=3.00
2026-05-31 17:56:42 | INFO | P03 | {
  play_id: P0258
  game_id: 0042500317
  timestamp: 2026-06-01T03:58:34Z
  player_id: PL_1630577
  action_type: Missed Shot
  shot_type: 3PT
  distance_ft: 28.0
  is_made: False
  quarter: 2
  time_remaining: PT05M50.00S
}
2026-05-31 17:56:42 | INFO | P03 |   Sending message with key=0042500317
2026-05-31 17:56:42 | INFO | C03 | {'action_type': 'Missed Shot', 'distance_ft': '28.0', 'game_id': '0042500317', 'is_made': 'False', 'play_id': 'P0258', 'player_id': 'PL_1630577', 'quarter': '2', 'shot_type': '3PT', 'time_remaining': 'PT05M50.00S', 'timestamp': '2026-06-01T03:58:34Z', '_kafka_key': '0042500317', '_kafka_partition': 0, '_kafka_offset': 179}
2026-05-31 17:56:42 | INFO | P03 |   MESSAGE SENT  sent=180
2026-05-31 17:56:42 | INFO | C03 | shot_quality=NBA Deep 3
2026-05-31 17:56:42 | INFO | C03 | clutch_shot=False
2026-05-31 17:56:42 | INFO | C03 | points_scored=0
2026-05-31 17:56:42 | INFO | C03 | running_total_pts=82
2026-05-31 17:56:42 | INFO | C03 | MESSAGE ACCEPTED
2026-05-31 17:56:42 | INFO | C03 | play=P0258
2026-05-31 17:56:42 | INFO | C03 | points=0
2026-05-31 17:56:42 | INFO | C03 | consumed=78
2026-05-31 17:56:42 | INFO | C03 | RUNNING STATS
2026-05-31 17:56:42 | INFO | C03 | total_pts=82
2026-05-31 17:56:42 | INFO | C03 | average_pts=1.05
2026-05-31 17:56:42 | INFO | C03 | min_pts=0.00
2026-05-31 17:56:42 | INFO | C03 | max_pts=3.00
2026-05-31 17:56:43 | INFO | P03 | {
  play_id: P0259
  game_id: 0042500317
  timestamp: 2026-06-01T03:58:39Z
  player_id: PL_1631119
  action_type: Rebound
  shot_type: 2PT
  distance_ft: 0.0
  is_made: False
  quarter: 2
  time_remaining: PT05M49.00S
}
2026-05-31 17:56:43 | INFO | P03 |   Sending message with key=0042500317
2026-05-31 17:56:43 | INFO | P03 |   MESSAGE SENT  sent=181
2026-05-31 17:56:43 | INFO | C03 | {'action_type': 'Rebound', 'distance_ft': '0.0', 'game_id': '0042500317', 'is_made': 'False', 'play_id': 'P0259', 'player_id': 'PL_1631119', 'quarter': '2', 'shot_type': '2PT', 'time_remaining': 'PT05M49.00S', 'timestamp': '2026-06-01T03:58:39Z', '_kafka_key': '0042500317', '_kafka_partition': 0, '_kafka_offset': 180}
2026-05-31 17:56:43 | INFO | C03 | Skipping non-shot event: play_id=P0259, action_type=Rebound
2026-05-31 17:56:43 | WARNING | C03 | MESSAGE REJECTED
2026-05-31 17:56:43 | WARNING | C03 | play=P0259
2026-05-31 17:56:43 | WARNING | C03 | skipped=103
2026-05-31 17:56:43 | INFO | P03 | {
  play_id: P0261
  game_id: 0042500317
  timestamp: 2026-06-01T03:58:44Z
  player_id: PL_1630577
  action_type: Foul
  shot_type: 2PT
  distance_ft: 0.0
  is_made: False
  quarter: 2
  time_remaining: PT05M30.00S
}
2026-05-31 17:56:43 | INFO | P03 |   Sending message with key=0042500317
2026-05-31 17:56:43 | INFO | P03 |   MESSAGE SENT  sent=182
2026-05-31 17:56:43 | INFO | C03 | {'action_type': 'Foul', 'distance_ft': '0.0', 'game_id': '0042500317', 'is_made': 'False', 'play_id': 'P0261', 'player_id': 'PL_1630577', 'quarter': '2', 'shot_type': '2PT', 'time_remaining': 'PT05M30.00S', 'timestamp': '2026-06-01T03:58:44Z', '_kafka_key': '0042500317', '_kafka_partition': 0, '_kafka_offset': 181}
2026-05-31 17:56:43 | INFO | C03 | Skipping non-shot event: play_id=P0261, action_type=Foul
2026-05-31 17:56:43 | WARNING | C03 | MESSAGE REJECTED
2026-05-31 17:56:43 | WARNING | C03 | play=P0261
2026-05-31 17:56:43 | WARNING | C03 | skipped=104
2026-05-31 17:56:44 | INFO | P03 | {
  play_id: P0263
  game_id: 0042500317
  timestamp: 2026-06-01T03:58:49Z
  player_id: PL_1631096
  action_type: Free Throw
  shot_type: FT
  distance_ft: 0.0
  is_made: False
  quarter: 2
  time_remaining: PT05M30.00S
}
2026-05-31 17:56:44 | INFO | P03 |   Sending message with key=0042500317
2026-05-31 17:56:44 | INFO | P03 |   MESSAGE SENT  sent=183
2026-05-31 17:56:44 | INFO | C03 | {'action_type': 'Free Throw', 'distance_ft': '0.0', 'game_id': '0042500317', 'is_made': 'False', 'play_id': 'P0263', 'player_id': 'PL_1631096', 'quarter': '2', 'shot_type': 'FT', 'time_remaining': 'PT05M30.00S', 'timestamp': '2026-06-01T03:58:49Z', '_kafka_key': '0042500317', '_kafka_partition': 0, '_kafka_offset': 182}
2026-05-31 17:56:44 | INFO | C03 | shot_quality=Restricted Area
2026-05-31 17:56:44 | INFO | C03 | clutch_shot=False
2026-05-31 17:56:44 | INFO | C03 | points_scored=0
2026-05-31 17:56:44 | INFO | C03 | running_total_pts=82
2026-05-31 17:56:44 | INFO | C03 | MESSAGE ACCEPTED
2026-05-31 17:56:44 | INFO | C03 | play=P0263
2026-05-31 17:56:44 | INFO | C03 | points=0
2026-05-31 17:56:44 | INFO | C03 | consumed=79
2026-05-31 17:56:44 | INFO | C03 | RUNNING STATS
2026-05-31 17:56:44 | INFO | C03 | total_pts=82
2026-05-31 17:56:44 | INFO | C03 | average_pts=1.04
2026-05-31 17:56:44 | INFO | C03 | min_pts=0.00
2026-05-31 17:56:44 | INFO | C03 | max_pts=3.00
2026-05-31 17:56:44 | INFO | P03 | {
  play_id: P0264
  game_id: 0042500317
  timestamp: 2026-06-01T03:58:54Z
  player_id: PL_1610612760
  action_type: Rebound
  shot_type: 2PT
  distance_ft: 0.0
  is_made: False
  quarter: 2
  time_remaining: PT05M30.00S
}
2026-05-31 17:56:44 | INFO | P03 |   Sending message with key=0042500317
2026-05-31 17:56:45 | INFO | P03 |   MESSAGE SENT  sent=184
2026-05-31 17:56:45 | INFO | C03 | {'action_type': 'Rebound', 'distance_ft': '0.0', 'game_id': '0042500317', 'is_made': 'False', 'play_id': 'P0264', 'player_id': 'PL_1610612760', 'quarter': '2', 'shot_type': '2PT', 'time_remaining': 'PT05M30.00S', 'timestamp': '2026-06-01T03:58:54Z', '_kafka_key': '0042500317', '_kafka_partition': 0, '_kafka_offset': 183}
2026-05-31 17:56:45 | INFO | C03 | Skipping non-shot event: play_id=P0264, action_type=Rebound
2026-05-31 17:56:45 | WARNING | C03 | MESSAGE REJECTED
2026-05-31 17:56:45 | WARNING | C03 | play=P0264
2026-05-31 17:56:45 | WARNING | C03 | skipped=105
2026-05-31 17:56:45 | INFO | P03 | {
  play_id: P0265
  game_id: 0042500317
  timestamp: 2026-06-01T03:58:59Z
  player_id: PL_1628368
  action_type: Substitution
  shot_type: 2PT
  distance_ft: 0.0
  is_made: False
  quarter: 2
  time_remaining: PT05M30.00S
}
2026-05-31 17:56:45 | INFO | P03 |   Sending message with key=0042500317
2026-05-31 17:56:45 | INFO | P03 |   MESSAGE SENT  sent=185
2026-05-31 17:56:45 | INFO | C03 | {'action_type': 'Substitution', 'distance_ft': '0.0', 'game_id': '0042500317', 'is_made': 'False', 'play_id': 'P0265', 'player_id': 'PL_1628368', 'quarter': '2', 'shot_type': '2PT', 'time_remaining': 'PT05M30.00S', 'timestamp': '2026-06-01T03:58:59Z', '_kafka_key': '0042500317', '_kafka_partition': 0, '_kafka_offset': 184}
2026-05-31 17:56:45 | INFO | C03 | Skipping non-shot event: play_id=P0265, action_type=Substitution
2026-05-31 17:56:45 | WARNING | C03 | MESSAGE REJECTED
2026-05-31 17:56:45 | WARNING | C03 | play=P0265
2026-05-31 17:56:45 | WARNING | C03 | skipped=106
2026-05-31 17:56:46 | INFO | P03 | {
  play_id: P0267
  game_id: 0042500317
  timestamp: 2026-06-01T03:59:04Z
  player_id: PL_1631096
  action_type: Free Throw
  shot_type: FT
  distance_ft: 0.0
  is_made: False
  quarter: 2
  time_remaining: PT05M30.00S
}
2026-05-31 17:56:46 | INFO | P03 |   Sending message with key=0042500317
2026-05-31 17:56:46 | INFO | C03 | {'action_type': 'Free Throw', 'distance_ft': '0.0', 'game_id': '0042500317', 'is_made': 'False', 'play_id': 'P0267', 'player_id': 'PL_1631096', 'quarter': '2', 'shot_type': 'FT', 'time_remaining': 'PT05M30.00S', 'timestamp': '2026-06-01T03:59:04Z', '_kafka_key': '0042500317', '_kafka_partition': 0, '_kafka_offset': 185}
2026-05-31 17:56:46 | INFO | C03 | shot_quality=Restricted Area
2026-05-31 17:56:46 | INFO | C03 | clutch_shot=False
2026-05-31 17:56:46 | INFO | C03 | points_scored=0
2026-05-31 17:56:46 | INFO | C03 | running_total_pts=82
2026-05-31 17:56:46 | INFO | C03 | MESSAGE ACCEPTED
2026-05-31 17:56:46 | INFO | C03 | play=P0267
2026-05-31 17:56:46 | INFO | C03 | points=0
2026-05-31 17:56:46 | INFO | C03 | consumed=80
2026-05-31 17:56:46 | INFO | C03 | RUNNING STATS
2026-05-31 17:56:46 | INFO | C03 | total_pts=82
2026-05-31 17:56:46 | INFO | C03 | average_pts=1.02
2026-05-31 17:56:46 | INFO | C03 | min_pts=0.00
2026-05-31 17:56:46 | INFO | C03 | max_pts=3.00
2026-05-31 17:56:46 | INFO | P03 | {
  play_id: P0268
  game_id: 0042500317
  timestamp: 2026-06-01T03:59:09Z
  player_id: PL_1642264
  action_type: Rebound
  shot_type: 2PT
  distance_ft: 0.0
  is_made: False
  quarter: 2
  time_remaining: PT05M28.00S
}
2026-05-31 17:56:46 | INFO | P03 |   Sending message with key=0042500317
2026-05-31 17:56:46 | INFO | P03 |   MESSAGE SENT  sent=187
2026-05-31 17:56:46 | INFO | C03 | {'action_type': 'Rebound', 'distance_ft': '0.0', 'game_id': '0042500317', 'is_made': 'False', 'play_id': 'P0268', 'player_id': 'PL_1642264', 'quarter': '2', 'shot_type': '2PT', 'time_remaining': 'PT05M28.00S', 'timestamp': '2026-06-01T03:59:09Z', '_kafka_key': '0042500317', '_kafka_partition': 0, '_kafka_offset': 186}
2026-05-31 17:56:46 | INFO | C03 | Skipping non-shot event: play_id=P0268, action_type=Rebound
2026-05-31 17:56:46 | WARNING | C03 | MESSAGE REJECTED
2026-05-31 17:56:46 | WARNING | C03 | play=P0268
2026-05-31 17:56:46 | WARNING | C03 | skipped=107
2026-05-31 17:56:47 | INFO | P03 | {
  play_id: P0269
  game_id: 0042500317
  timestamp: 2026-06-01T03:59:14Z
  player_id: PL_1631119
  action_type: Foul
  shot_type: 2PT
  distance_ft: 0.0
  is_made: False
  quarter: 2
  time_remaining: PT05M23.00S
}
2026-05-31 17:56:47 | INFO | P03 |   Sending message with key=0042500317
2026-05-31 17:56:47 | INFO | P03 |   MESSAGE SENT  sent=188
2026-05-31 17:56:47 | INFO | C03 | {'action_type': 'Foul', 'distance_ft': '0.0', 'game_id': '0042500317', 'is_made': 'False', 'play_id': 'P0269', 'player_id': 'PL_1631119', 'quarter': '2', 'shot_type': '2PT', 'time_remaining': 'PT05M23.00S', 'timestamp': '2026-06-01T03:59:14Z', '_kafka_key': '0042500317', '_kafka_partition': 0, '_kafka_offset': 187}
2026-05-31 17:56:47 | INFO | C03 | Skipping non-shot event: play_id=P0269, action_type=Foul
2026-05-31 17:56:47 | WARNING | C03 | MESSAGE REJECTED
2026-05-31 17:56:47 | WARNING | C03 | play=P0269
2026-05-31 17:56:47 | WARNING | C03 | skipped=108
2026-05-31 17:56:47 | INFO | P03 | {
  play_id: P0271
  game_id: 0042500317
  timestamp: 2026-06-01T03:59:19Z
  player_id: PL_1641717
  action_type: Substitution
  shot_type: 2PT
  distance_ft: 0.0
  is_made: False
  quarter: 2
  time_remaining: PT05M23.00S
}
2026-05-31 17:56:47 | INFO | P03 |   Sending message with key=0042500317
2026-05-31 17:56:47 | INFO | P03 |   MESSAGE SENT  sent=189
ion', 'distance_ft': '0.0', 'game_id': '0042500317', 'is_made': 'False', 'play_id': 'P0271', 'player_id': 'PL_1641717', 'quarter': '2', 'shot_type': '2PT', 'time_remaining': 'PT05M23.00S', 'timestamp': '2026-06-01T03:59:19Z', '_kafka_key': '0042500317', '_kafka_partition': 0, '_kafka_offset': 188}
2026-05-31 17:56:47 | INFO | C03 | Skipping non-shot event: play_id=P0271, action_type=Substitution
2026-05-31 17:56:47 | WARNING | C03 | MESSAGE REJECTED
2026-05-31 17:56:47 | WARNING | C03 | play=P0271
2026-05-31 17:56:47 | WARNING | C03 | skipped=109
2026-05-31 17:56:48 | INFO | P03 | {
  play_id: P0273
  game_id: 0042500317
  timestamp: 2026-06-01T03:59:24Z
  player_id: PL_1642264
  action_type: Missed Shot
  shot_type: 2PT
  distance_ft: 2.0
  is_made: False
  quarter: 2
  time_remaining: PT05M13.00S
}
2026-05-31 17:56:48 | INFO | P03 |   Sending message with key=0042500317
2026-05-31 17:56:48 | INFO | P03 |   MESSAGE SENT  sent=190
2026-05-31 17:56:48 | INFO | C03 | {'action_type': 'Missed Shot', 'distance_ft': '2.0', 'game_id': '0042500317', 'is_made': 'False', 'play_id': 'P0273', 'player_id': 'PL_1642264', 'quarter': '2', 'shot_type': '2PT', 'time_remaining': 'PT05M13.00S', 'timestamp': '2026-06-01T03:59:24Z', '_kafka_key': '0042500317', '_kafka_partition': 0, '_kafka_offset': 189}
2026-05-31 17:56:48 | INFO | C03 | shot_quality=Restricted Area
2026-05-31 17:56:48 | INFO | C03 | clutch_shot=False
2026-05-31 17:56:48 | INFO | C03 | points_scored=0
2026-05-31 17:56:48 | INFO | C03 | running_total_pts=82
2026-05-31 17:56:48 | INFO | C03 | MESSAGE ACCEPTED
2026-05-31 17:56:48 | INFO | C03 | play=P0273
2026-05-31 17:56:48 | INFO | C03 | points=0
2026-05-31 17:56:48 | INFO | C03 | consumed=81
2026-05-31 17:56:48 | INFO | C03 | RUNNING STATS
2026-05-31 17:56:48 | INFO | C03 | total_pts=82
2026-05-31 17:56:48 | INFO | C03 | average_pts=1.01
2026-05-31 17:56:48 | INFO | C03 | min_pts=0.00
2026-05-31 17:56:48 | INFO | C03 | max_pts=3.00
2026-05-31 17:56:48 | INFO | P03 | {
  play_id: P0274
  game_id: 0042500317
  timestamp: 2026-06-01T03:59:29Z
  player_id: PL_1610612760
  action_type: Rebound
  shot_type: 2PT
  distance_ft: 0.0
  is_made: False
  quarter: 2
  time_remaining: PT05M13.00S
}
2026-05-31 17:56:48 | INFO | P03 |   Sending message with key=0042500317
2026-05-31 17:56:48 | INFO | P03 |   MESSAGE SENT  sent=191
2026-05-31 17:56:48 | INFO | C03 | {'action_type': 'Rebound', 'distance_ft': '0.0', 'game_id': '0042500317', 'is_made': 'False', 'play_id': 'P0274', 'player_id': 'PL_1610612760', 'quarter': '2', 'shot_type': '2PT', 'time_remaining': 'PT05M13.00S', 'timestamp': '2026-06-01T03:59:29Z', '_kafka_key': '0042500317', '_kafka_partition': 0, '_kafka_offset': 190}
2026-05-31 17:56:48 | INFO | C03 | Skipping non-shot event: play_id=P0274, action_type=Rebound
2026-05-31 17:56:48 | WARNING | C03 | MESSAGE REJECTED
2026-05-31 17:56:48 | WARNING | C03 | play=P0274
2026-05-31 17:56:48 | WARNING | C03 | skipped=110
2026-05-31 17:56:49 | INFO | P03 | {
  play_id: P0276
  game_id: 0042500317
  timestamp: 2026-06-01T03:59:34Z
  player_id: PL_1628983
  action_type: Made Shot
  shot_type: 2PT
  distance_ft: 18.0
  is_made: True
  quarter: 2
  time_remaining: PT05M02.00S
}
2026-05-31 17:56:49 | INFO | P03 |   Sending message with key=0042500317
2026-05-31 17:56:49 | INFO | P03 |   MESSAGE SENT  sent=192
2026-05-31 17:56:49 | INFO | C03 | {'action_type': 'Made Shot', 'distance_ft': '18.0', 'game_id': '0042500317', 'is_made': 'True', 'play_id': 'P0276', 'player_id': 'PL_1628983', 'quarter': '2', 'shot_type': '2PT', 'time_remaining': 'PT05M02.00S', 'timestamp': '2026-06-01T03:59:34Z', '_kafka_key': '0042500317', '_kafka_partition': 0, '_kafka_offset': 191}
2026-05-31 17:56:49 | INFO | C03 | shot_quality=Mid-Range
2026-05-31 17:56:49 | INFO | C03 | clutch_shot=False
2026-05-31 17:56:49 | INFO | C03 | points_scored=2
2026-05-31 17:56:49 | INFO | C03 | running_total_pts=84
2026-05-31 17:56:49 | INFO | C03 | MESSAGE ACCEPTED
2026-05-31 17:56:49 | INFO | C03 | play=P0276
2026-05-31 17:56:49 | INFO | C03 | points=2
2026-05-31 17:56:49 | INFO | C03 | consumed=82
2026-05-31 17:56:49 | INFO | C03 | RUNNING STATS
2026-05-31 17:56:49 | INFO | C03 | total_pts=84
2026-05-31 17:56:49 | INFO | C03 | average_pts=1.02
2026-05-31 17:56:49 | INFO | C03 | min_pts=0.00
2026-05-31 17:56:49 | INFO | C03 | max_pts=3.00
2026-05-31 17:56:49 | INFO | P03 | {
  play_id: P0277
  game_id: 0042500317
  timestamp: 2026-06-01T03:59:39Z
  player_id: PL_1630170
  action_type: Missed Shot
  shot_type: 2PT
  distance_ft: 1.0
  is_made: False
  quarter: 2
  time_remaining: PT04M42.00S
}
2026-05-31 17:56:49 | INFO | P03 |   Sending message with key=0042500317
2026-05-31 17:56:50 | INFO | P03 |   MESSAGE SENT  sent=193
2026-05-31 17:56:50 | INFO | C03 | {'action_type': 'Missed Shot', 'distance_ft': '1.0', 'game_id': '0042500317', 'is_made': 'False', 'play_id': 'P0277', 'player_id': 'PL_1630170', 'quarter': '2', 'shot_type': '2PT', 'time_remaining': 'PT04M42.00S', 'timestamp': '2026-06-01T03:59:39Z', '_kafka_key': '0042500317', '_kafka_partition': 0, '_kafka_offset': 192}
2026-05-31 17:56:50 | INFO | C03 | shot_quality=Restricted Area
2026-05-31 17:56:50 | INFO | C03 | clutch_shot=False
2026-05-31 17:56:50 | INFO | C03 | points_scored=0
2026-05-31 17:56:50 | INFO | C03 | running_total_pts=84
2026-05-31 17:56:50 | INFO | C03 | MESSAGE ACCEPTED
2026-05-31 17:56:50 | INFO | C03 | play=P0277
2026-05-31 17:56:50 | INFO | C03 | points=0
2026-05-31 17:56:50 | INFO | C03 | consumed=83
2026-05-31 17:56:50 | INFO | C03 | RUNNING STATS
2026-05-31 17:56:50 | INFO | C03 | total_pts=84
2026-05-31 17:56:50 | INFO | C03 | average_pts=1.01
2026-05-31 17:56:50 | INFO | C03 | min_pts=0.00
2026-05-31 17:56:50 | INFO | C03 | max_pts=3.00
2026-05-31 17:56:50 | INFO | P03 | {
  play_id: P0278
  game_id: 0042500317
  timestamp: 2026-06-01T03:59:44Z
  player_id: PL_1642264
  action_type: Rebound
  shot_type: 2PT
  distance_ft: 0.0
  is_made: False
  quarter: 2
  time_remaining: PT04M40.00S
}
2026-05-31 17:56:50 | INFO | P03 |   Sending message with key=0042500317
2026-05-31 17:56:50 | INFO | P03 |   MESSAGE SENT  sent=194
2026-05-31 17:56:50 | INFO | C03 | {'action_type': 'Rebound', 'distance_ft': '0.0', 'game_id': '0042500317', 'is_made': 'False', 'play_id': 'P0278', 'player_id': 'PL_1642264', 'quarter': '2', 'shot_type': '2PT', 'time_remaining': 'PT04M40.00S', 'timestamp': '2026-06-01T03:59:44Z', '_kafka_key': '0042500317', '_kafka_partition': 0, '_kafka_offset': 193}
2026-05-31 17:56:50 | INFO | C03 | Skipping non-shot event: play_id=P0278, action_type=Rebound
2026-05-31 17:56:50 | WARNING | C03 | MESSAGE REJECTED
2026-05-31 17:56:50 | WARNING | C03 | play=P0278
2026-05-31 17:56:50 | WARNING | C03 | skipped=111
2026-05-31 17:56:51 | INFO | P03 | {
  play_id: P0279
  game_id: 0042500317
  timestamp: 2026-06-01T03:59:49Z
  player_id: PL_1642264
  action_type: Made Shot
  shot_type: 2PT
  distance_ft: 2.0
  is_made: True
  quarter: 2
  time_remaining: PT04M39.00S
}
2026-05-31 17:56:51 | INFO | P03 |   Sending message with key=0042500317
2026-05-31 17:56:51 | INFO | P03 |   MESSAGE SENT  sent=195
2026-05-31 17:56:51 | INFO | C03 | {'action_type': 'Made Shot', 'distance_ft': '2.0', 'game_id': '0042500317', 'is_made': 'True', 'play_id': 'P0279', 'player_id': 'PL_1642264', 'quarter': '2', 'shot_type': '2PT', 'time_remaining': 'PT04M39.00S', 'timestamp': '2026-06-01T03:59:49Z', '_kafka_key': '0042500317', '_kafka_partition': 0, '_kafka_offset': 194}
2026-05-31 17:56:51 | INFO | C03 | shot_quality=Restricted Area
2026-05-31 17:56:51 | INFO | C03 | clutch_shot=False
2026-05-31 17:56:51 | INFO | C03 | points_scored=2
2026-05-31 17:56:51 | INFO | C03 | running_total_pts=86
2026-05-31 17:56:51 | INFO | C03 | MESSAGE ACCEPTED
2026-05-31 17:56:51 | INFO | C03 | play=P0279
2026-05-31 17:56:51 | INFO | C03 | points=2
2026-05-31 17:56:51 | INFO | C03 | consumed=84
2026-05-31 17:56:51 | INFO | C03 | RUNNING STATS
2026-05-31 17:56:51 | INFO | C03 | total_pts=86
2026-05-31 17:56:51 | INFO | C03 | average_pts=1.02
2026-05-31 17:56:51 | INFO | C03 | min_pts=0.00
2026-05-31 17:56:51 | INFO | C03 | max_pts=3.00
2026-05-31 17:56:51 | INFO | P03 | {
  play_id: P0280
  game_id: 0042500317
  timestamp: 2026-06-01T03:59:54Z
  player_id: PL_1631119
  action_type: Made Shot
  shot_type: 2PT
  distance_ft: 6.0
  is_made: True
  quarter: 2
  time_remaining: PT04M32.00S
}
2026-05-31 17:56:51 | INFO | P03 |   Sending message with key=0042500317
2026-05-31 17:56:51 | INFO | P03 |   MESSAGE SENT  sent=196
2026-05-31 17:56:51 | INFO | C03 | {'action_type': 'Made Shot', 'distance_ft': '6.0', 'game_id': '0042500317', 'is_made': 'True', 'play_id': 'P0280', 'player_id': 'PL_1631119', 'quarter': '2', 'shot_type': '2PT', 'time_remaining': 'PT04M32.00S', 'timestamp': '2026-06-01T03:59:54Z', '_kafka_key': '0042500317', '_kafka_partition': 0, '_kafka_offset': 195}
2026-05-31 17:56:51 | INFO | C03 | shot_quality=Paint
2026-05-31 17:56:51 | INFO | C03 | clutch_shot=False
2026-05-31 17:56:51 | INFO | C03 | points_scored=2
2026-05-31 17:56:51 | INFO | C03 | running_total_pts=88
2026-05-31 17:56:51 | INFO | C03 | MESSAGE ACCEPTED
2026-05-31 17:56:51 | INFO | C03 | play=P0280
2026-05-31 17:56:51 | INFO | C03 | points=2
2026-05-31 17:56:51 | INFO | C03 | consumed=85
2026-05-31 17:56:51 | INFO | C03 | RUNNING STATS
2026-05-31 17:56:51 | INFO | C03 | total_pts=88
2026-05-31 17:56:51 | INFO | C03 | average_pts=1.04
2026-05-31 17:56:51 | INFO | C03 | min_pts=0.00
2026-05-31 17:56:51 | INFO | C03 | max_pts=3.00
2026-05-31 17:56:52 | INFO | P03 | {
  play_id: P0282
  game_id: 0042500317
  timestamp: 2026-06-01T03:59:59Z
  player_id: PL_1641705
  action_type: Missed Shot
  shot_type: 2PT
  distance_ft: 8.0
  is_made: False
  quarter: 2
  time_remaining: PT04M14.00S
}
2026-05-31 17:56:52 | INFO | P03 |   Sending message with key=0042500317
2026-05-31 17:56:52 | INFO | P03 |   MESSAGE SENT  sent=197
2026-05-31 17:56:52 | INFO | C03 | {'action_type': 'Missed Shot', 'distance_ft': '8.0', 'game_id': '0042500317', 'is_made': 'False', 'play_id': 'P0282', 'player_id': 'PL_1641705', 'quarter': '2', 'shot_type': '2PT', 'time_remaining': 'PT04M14.00S', 'timestamp': '2026-06-01T03:59:59Z', '_kafka_key': '0042500317', '_kafka_partition': 0, '_kafka_offset': 196}
2026-05-31 17:56:52 | INFO | C03 | shot_quality=Paint
2026-05-31 17:56:52 | INFO | C03 | clutch_shot=False
2026-05-31 17:56:52 | INFO | C03 | points_scored=0
2026-05-31 17:56:52 | INFO | C03 | running_total_pts=88
2026-05-31 17:56:52 | INFO | C03 | MESSAGE ACCEPTED
2026-05-31 17:56:52 | INFO | C03 | play=P0282
2026-05-31 17:56:52 | INFO | C03 | points=0
2026-05-31 17:56:52 | INFO | C03 | consumed=86
2026-05-31 17:56:52 | INFO | C03 | RUNNING STATS
2026-05-31 17:56:52 | INFO | C03 | total_pts=88
2026-05-31 17:56:52 | INFO | C03 | average_pts=1.02
2026-05-31 17:56:52 | INFO | C03 | min_pts=0.00
2026-05-31 17:56:52 | INFO | C03 | max_pts=3.00
2026-05-31 17:56:52 | INFO | P03 | {
  play_id: P0283
  game_id: 0042500317
  timestamp: 2026-06-01T04:00:04Z
  player_id: PL_1642844
  action_type: Rebound
  shot_type: 2PT
  distance_ft: 0.0
  is_made: False
  quarter: 2
  time_remaining: PT04M12.00S
}
2026-05-31 17:56:52 | INFO | P03 |   Sending message with key=0042500317
2026-05-31 17:56:52 | INFO | P03 |   MESSAGE SENT  sent=198
2026-05-31 17:56:52 | INFO | C03 | {'action_type': 'Rebound', 'distance_ft': '0.0', 'game_id': '0042500317', 'is_made': 'False', 'play_id': 'P0283', 'player_id': 'PL_1642844', 'quarter': '2', 'shot_type': '2PT', 'time_remaining': 'PT04M12.00S', 'timestamp': '2026-06-01T04:00:04Z', '_kafka_key': '0042500317', '_kafka_partition': 0, '_kafka_offset': 197}
2026-05-31 17:56:52 | INFO | C03 | Skipping non-shot event: play_id=P0283, action_type=Rebound
2026-05-31 17:56:52 | WARNING | C03 | MESSAGE REJECTED
2026-05-31 17:56:52 | WARNING | C03 | play=P0283
2026-05-31 17:56:52 | WARNING | C03 | skipped=112
2026-05-31 17:56:53 | INFO | P03 | {
  play_id: P0284
  game_id: 0042500317
  timestamp: 2026-06-01T04:00:09Z
  player_id: PL_1641705
  action_type: Missed Shot
  shot_type: 3PT
  distance_ft: 28.0
  is_made: False
  quarter: 2
  time_remaining: PT04M10.00S
}
2026-05-31 17:56:53 | INFO | P03 |   Sending message with key=0042500317
2026-05-31 17:56:53 | INFO | P03 |   MESSAGE SENT  sent=199
2026-05-31 17:56:53 | INFO | C03 | {'action_type': 'Missed Shot', 'distance_ft': '28.0', 'game_id': '0042500317', 'is_made': 'False', 'play_id': 'P0284', 'player_id': 'PL_1641705', 'quarter': '2', 'shot_type': '3PT', 'time_remaining': 'PT04M10.00S', 'timestamp': '2026-06-01T04:00:09Z', '_kafka_key': '0042500317', '_kafka_partition': 0, '_kafka_offset': 198}
2026-05-31 17:56:53 | INFO | C03 | shot_quality=NBA Deep 3
2026-05-31 17:56:53 | INFO | C03 | clutch_shot=False
2026-05-31 17:56:53 | INFO | C03 | points_scored=0
2026-05-31 17:56:53 | INFO | C03 | running_total_pts=88
2026-05-31 17:56:53 | INFO | C03 | MESSAGE ACCEPTED
2026-05-31 17:56:53 | INFO | C03 | play=P0284
2026-05-31 17:56:53 | INFO | C03 | points=0
2026-05-31 17:56:53 | INFO | C03 | consumed=87
2026-05-31 17:56:53 | INFO | C03 | RUNNING STATS
2026-05-31 17:56:53 | INFO | C03 | total_pts=88
2026-05-31 17:56:53 | INFO | C03 | average_pts=1.01
2026-05-31 17:56:53 | INFO | C03 | min_pts=0.00
2026-05-31 17:56:53 | INFO | C03 | max_pts=3.00
2026-05-31 17:56:53 | INFO | P03 | {
  play_id: P0285
  game_id: 0042500317
  timestamp: 2026-06-01T04:00:14Z
  player_id: PL_1627936
  action_type: Rebound
  shot_type: 2PT
  distance_ft: 0.0
  is_made: False
  quarter: 2
  time_remaining: PT04M10.00S
}
2026-05-31 17:56:53 | INFO | P03 |   Sending message with key=0042500317
2026-05-31 17:56:53 | INFO | P03 |   MESSAGE SENT  sent=200
2026-05-31 17:56:53 | INFO | C03 | {'action_type': 'Rebound', 'distance_ft': '0.0', 'game_id': '0042500317', 'is_made': 'False', 'play_id': 'P0285', 'player_id': 'PL_1627936', 'quarter': '2', 'shot_type': '2PT', 'time_remaining': 'PT04M10.00S', 'timestamp': '2026-06-01T04:00:14Z', '_kafka_key': '0042500317', '_kafka_partition': 0, '_kafka_offset': 199}
2026-05-31 17:56:53 | INFO | C03 | Skipping non-shot event: play_id=P0285, action_type=Rebound
2026-05-31 17:56:53 | WARNING | C03 | MESSAGE REJECTED
2026-05-31 17:56:53 | WARNING | C03 | play=P0285
2026-05-31 17:56:53 | WARNING | C03 | skipped=113
2026-05-31 17:56:54 | INFO | P03 | {
  play_id: P0286
  game_id: 0042500317
  timestamp: 2026-06-01T04:00:19Z
  player_id: PL_1628983
  action_type: Made Shot
  shot_type: 2PT
  distance_ft: 15.0
  is_made: True
  quarter: 2
  time_remaining: PT03M50.00S
}
2026-05-31 17:56:54 | INFO | P03 |   Sending message with key=0042500317
2026-05-31 17:56:54 | INFO | C03 | {'action_type': 'Made Shot', 'distance_ft': '15.0', 'game_id': '0042500317', 'is_made': 'True', 'play_id': 'P0286', 'player_id': 'PL_1628983', 'quarter': '2', 'shot_type': '2PT', 'time_remaining': 'PT03M50.00S', 'timestamp': '2026-06-01T04:00:19Z', '_kafka_key': '0042500317', '_kafka_partition': 0, '_kafka_offset': 200}
2026-05-31 17:56:54 | INFO | P03 |   MESSAGE SENT  sent=201
2026-05-31 17:56:54 | INFO | C03 | shot_quality=Mid-Range
2026-05-31 17:56:54 | INFO | C03 | clutch_shot=False
2026-05-31 17:56:54 | INFO | C03 | points_scored=2
2026-05-31 17:56:54 | INFO | C03 | running_total_pts=90
2026-05-31 17:56:54 | INFO | C03 | MESSAGE ACCEPTED
2026-05-31 17:56:54 | INFO | C03 | play=P0286
2026-05-31 17:56:54 | INFO | C03 | points=2
2026-05-31 17:56:54 | INFO | C03 | consumed=88
2026-05-31 17:56:54 | INFO | C03 | RUNNING STATS
2026-05-31 17:56:54 | INFO | C03 | total_pts=90
2026-05-31 17:56:54 | INFO | C03 | average_pts=1.02
2026-05-31 17:56:54 | INFO | C03 | min_pts=0.00
2026-05-31 17:56:54 | INFO | C03 | max_pts=3.00
2026-05-31 17:56:54 | INFO | P03 | {
  play_id: P0288
  game_id: 0042500317
  timestamp: 2026-06-01T04:00:24Z
  player_id: PL_1641705
  action_type: Missed Shot
  shot_type: 2PT
  distance_ft: 9.0
  is_made: False
  quarter: 2
  time_remaining: PT03M30.00S
}
2026-05-31 17:56:54 | INFO | P03 |   Sending message with key=0042500317
2026-05-31 17:56:54 | INFO | P03 |   MESSAGE SENT  sent=202
2026-05-31 17:56:54 | INFO | C03 | {'action_type': 'Missed Shot', 'distance_ft': '9.0', 'game_id': '0042500317', 'is_made': 'False', 'play_id': 'P0288', 'player_id': 'PL_1641705', 'quarter': '2', 'shot_type': '2PT', 'time_remaining': 'PT03M30.00S', 'timestamp': '2026-06-01T04:00:24Z', '_kafka_key': '0042500317', '_kafka_partition': 0, '_kafka_offset': 201}
2026-05-31 17:56:54 | INFO | C03 | shot_quality=Paint
2026-05-31 17:56:54 | INFO | C03 | clutch_shot=False
2026-05-31 17:56:54 | INFO | C03 | points_scored=0
2026-05-31 17:56:54 | INFO | C03 | running_total_pts=90
2026-05-31 17:56:54 | INFO | C03 | MESSAGE ACCEPTED
2026-05-31 17:56:55 | INFO | C03 | play=P0288
2026-05-31 17:56:55 | INFO | C03 | points=0
2026-05-31 17:56:55 | INFO | C03 | consumed=89
2026-05-31 17:56:55 | INFO | C03 | RUNNING STATS
2026-05-31 17:56:55 | INFO | C03 | total_pts=90
2026-05-31 17:56:55 | INFO | C03 | average_pts=1.01
2026-05-31 17:56:55 | INFO | C03 | min_pts=0.00
2026-05-31 17:56:55 | INFO | C03 | max_pts=3.00
2026-05-31 17:56:55 | INFO | P03 | {
  play_id: P0289
  game_id: 0042500317
  timestamp: 2026-06-01T04:00:29Z
  player_id: PL_1631119
  action_type: Rebound
  shot_type: 2PT
  distance_ft: 0.0
  is_made: False
  quarter: 2
  time_remaining: PT03M29.00S
}
2026-05-31 17:56:55 | INFO | P03 |   Sending message with key=0042500317
2026-05-31 17:56:55 | INFO | P03 |   MESSAGE SENT  sent=203
2026-05-31 17:56:55 | INFO | C03 | {'action_type': 'Rebound', 'distance_ft': '0.0', 'game_id': '0042500317', 'is_made': 'False', 'play_id': 'P0289', 'player_id': 'PL_1631119', 'quarter': '2', 'shot_type': '2PT', 'time_remaining': 'PT03M29.00S', 'timestamp': '2026-06-01T04:00:29Z', '_kafka_key': '0042500317', '_kafka_partition': 0, '_kafka_offset': 202}
2026-05-31 17:56:55 | INFO | C03 | Skipping non-shot event: play_id=P0289, action_type=Rebound
2026-05-31 17:56:55 | WARNING | C03 | MESSAGE REJECTED
2026-05-31 17:56:55 | WARNING | C03 | play=P0289
2026-05-31 17:56:55 | WARNING | C03 | skipped=114
2026-05-31 17:56:56 | INFO | P03 | {
  play_id: P0290
  game_id: 0042500317
  timestamp: 2026-06-01T04:00:34Z
  player_id: PL_1627936
  action_type: Turnover
  shot_type: 2PT
  distance_ft: 0.0
  is_made: False
  quarter: 2
  time_remaining: PT03M11.00S
}
2026-05-31 17:56:56 | INFO | P03 |   Sending message with key=0042500317
2026-05-31 17:56:56 | INFO | P03 |   MESSAGE SENT  sent=204
2026-05-31 17:56:56 | INFO | C03 | {'action_type': 'Turnover', 'distance_ft': '0.0', 'game_id': '0042500317', 'is_made': 'False', 'play_id': 'P0290', 'player_id': 'PL_1627936', 'quarter': '2', 'shot_type': '2PT', 'time_remaining': 'PT03M11.00S', 'timestamp': '2026-06-01T04:00:34Z', '_kafka_key': '0042500317', '_kafka_partition': 0, '_kafka_offset': 203}
2026-05-31 17:56:56 | INFO | C03 | Skipping non-shot event: play_id=P0290, action_type=Turnover
2026-05-31 17:56:56 | WARNING | C03 | MESSAGE REJECTED
2026-05-31 17:56:56 | WARNING | C03 | play=P0290
2026-05-31 17:56:56 | WARNING | C03 | skipped=115
2026-05-31 17:56:56 | INFO | P03 | {
  play_id: P0290
  game_id: 0042500317
  timestamp: 2026-06-01T04:00:39Z
  player_id: PL_1642264
  action_type: Unknown
  shot_type: 2PT
  distance_ft: 0.0
  is_made: False
  quarter: 2
  time_remaining: PT03M11.00S
}
2026-05-31 17:56:56 | INFO | P03 |   Sending message with key=0042500317
2026-05-31 17:56:56 | INFO | P03 |   MESSAGE SENT  sent=205
2026-05-31 17:56:56 | INFO | C03 | {'action_type': 'Unknown', 'distance_ft': '0.0', 'game_id': '0042500317', 'is_made': 'False', 'play_id': 'P0290', 'player_id': 'PL_1642264', 'quarter': '2', 'shot_type': '2PT', 'time_remaining': 'PT03M11.00S', 'timestamp': '2026-06-01T04:00:39Z', '_kafka_key': '0042500317', '_kafka_partition': 0, '_kafka_offset': 204}
2026-05-31 17:56:56 | INFO | C03 | Skipping non-shot event: play_id=P0290, action_type=Unknown
2026-05-31 17:56:56 | WARNING | C03 | MESSAGE REJECTED
2026-05-31 17:56:56 | WARNING | C03 | play=P0290
2026-05-31 17:56:56 | WARNING | C03 | skipped=116
2026-05-31 17:56:57 | INFO | P03 | {
  play_id: P0292
  game_id: 0042500317
  timestamp: 2026-06-01T04:00:44Z
  player_id: PL_1627936
  action_type: Foul
  shot_type: 2PT
  distance_ft: 0.0
  is_made: False
  quarter: 2
  time_remaining: PT03M09.00S
}
2026-05-31 17:56:57 | INFO | P03 |   Sending message with key=0042500317
2026-05-31 17:56:57 | INFO | P03 |   MESSAGE SENT  sent=206
2026-05-31 17:56:57 | INFO | C03 | {'action_type': 'Foul', 'distance_ft': '0.0', 'game_id': '0042500317', 'is_made': 'False', 'play_id': 'P0292', 'player_id': 'PL_1627936', 'quarter': '2', 'shot_type': '2PT', 'time_remaining': 'PT03M09.00S', 'timestamp': '2026-06-01T04:00:44Z', '_kafka_key': '0042500317', '_kafka_partition': 0, '_kafka_offset': 205}
2026-05-31 17:56:57 | INFO | C03 | Skipping non-shot event: play_id=P0292, action_type=Foul
2026-05-31 17:56:57 | WARNING | C03 | MESSAGE REJECTED
2026-05-31 17:56:57 | WARNING | C03 | play=P0292
2026-05-31 17:56:57 | WARNING | C03 | skipped=117
2026-05-31 17:56:57 | INFO | P03 | {
  play_id: P0294
  game_id: 0042500317
  timestamp: 2026-06-01T04:00:49Z
  player_id: PL_292
  action_type: Instant Replay
  shot_type: 2PT
  distance_ft: 0.0
  is_made: False
  quarter: 2
  time_remaining: PT03M09.00S
}
2026-05-31 17:56:57 | INFO | P03 |   Sending message with key=0042500317
2026-05-31 17:56:57 | INFO | P03 |   MESSAGE SENT  sent=207
2026-05-31 17:56:57 | INFO | C03 | {'action_type': 'Instant Replay', 'distance_ft': '0.0', 'game_id': '0042500317', 'is_made': 'False', 'play_id': 'P0294', 'player_id': 'PL_292', 'quarter': '2', 'shot_type': '2PT', 'time_remaining': 'PT03M09.00S', 'timestamp': '2026-06-01T04:00:49Z', '_kafka_key': '0042500317', '_kafka_partition': 0, '_kafka_offset': 206}
2026-05-31 17:56:57 | INFO | C03 | Skipping non-shot event: play_id=P0294, action_type=Instant Replay
2026-05-31 17:56:57 | WARNING | C03 | MESSAGE REJECTED
2026-05-31 17:56:57 | WARNING | C03 | play=P0294
2026-05-31 17:56:57 | WARNING | C03 | skipped=118
2026-05-31 17:56:58 | INFO | P03 | {
  play_id: P0295
  game_id: 0042500317
  timestamp: 2026-06-01T04:00:54Z
  player_id: PL_1642844
  action_type: Substitution
  shot_type: 2PT
  distance_ft: 0.0
  is_made: False
  quarter: 2
  time_remaining: PT03M09.00S
}
2026-05-31 17:56:58 | INFO | P03 |   Sending message with key=0042500317
2026-05-31 17:56:58 | INFO | P03 |   MESSAGE SENT  sent=208
2026-05-31 17:56:58 | INFO | C03 | {'action_type': 'Substitution', 'distance_ft': '0.0', 'game_id': '0042500317', 'is_made': 'False', 'play_id': 'P0295', 'player_id': 'PL_1642844', 'quarter': '2', 'shot_type': '2PT', 'time_remaining': 'PT03M09.00S', 'timestamp': '2026-06-01T04:00:54Z', '_kafka_key': '0042500317', '_kafka_partition': 0, '_kafka_offset': 207}
2026-05-31 17:56:58 | INFO | C03 | Skipping non-shot event: play_id=P0295, action_type=Substitution
2026-05-31 17:56:58 | WARNING | C03 | MESSAGE REJECTED
2026-05-31 17:56:58 | WARNING | C03 | play=P0295
2026-05-31 17:56:58 | WARNING | C03 | skipped=119
2026-05-31 17:56:58 | INFO | P03 | {
  play_id: P0297
  game_id: 0042500317
  timestamp: 2026-06-01T04:00:59Z
  player_id: PL_1642264
  action_type: Free Throw
  shot_type: FT
  distance_ft: 0.0
  is_made: True
  quarter: 2
  time_remaining: PT03M09.00S
}
2026-05-31 17:56:58 | INFO | P03 |   Sending message with key=0042500317
2026-05-31 17:56:58 | INFO | P03 |   MESSAGE SENT  sent=209
2026-05-31 17:56:58 | INFO | C03 | {'action_type': 'Free Throw', 'distance_ft': '0.0', 'game_id': '0042500317', 'is_made': 'True', 'play_id': 'P0297', 'player_id': 'PL_1642264', 'quarter': '2', 'shot_type': 'FT', 'time_remaining': 'PT03M09.00S', 'timestamp': '2026-06-01T04:00:59Z', '_kafka_key': '0042500317', '_kafka_partition': 0, '_kafka_offset': 208}
2026-05-31 17:56:58 | INFO | C03 | shot_quality=Restricted Area
2026-05-31 17:56:58 | INFO | C03 | clutch_shot=False
2026-05-31 17:56:58 | INFO | C03 | points_scored=1
2026-05-31 17:56:58 | INFO | C03 | running_total_pts=91
2026-05-31 17:56:58 | INFO | C03 | MESSAGE ACCEPTED
2026-05-31 17:56:58 | INFO | C03 | play=P0297
2026-05-31 17:56:58 | INFO | C03 | points=1
2026-05-31 17:56:58 | INFO | C03 | consumed=90
2026-05-31 17:56:58 | INFO | C03 | RUNNING STATS
2026-05-31 17:56:58 | INFO | C03 | total_pts=91
2026-05-31 17:56:58 | INFO | C03 | average_pts=1.01
2026-05-31 17:56:58 | INFO | C03 | min_pts=0.00
2026-05-31 17:56:58 | INFO | C03 | max_pts=3.00
2026-05-31 17:56:59 | INFO | P03 | {
  play_id: P0298
  game_id: 0042500317
  timestamp: 2026-06-01T04:01:04Z
  player_id: PL_1630577
  action_type: Substitution
  shot_type: 2PT
  distance_ft: 0.0
  is_made: False
  quarter: 2
  time_remaining: PT03M09.00S
}
2026-05-31 17:56:59 | INFO | P03 |   Sending message with key=0042500317
2026-05-31 17:56:59 | INFO | P03 |   MESSAGE SENT  sent=210
2026-05-31 17:56:59 | INFO | C03 | {'action_type': 'Substitution', 'distance_ft': '0.0', 'game_id': '0042500317', 'is_made': 'False', 'play_id': 'P0298', 'player_id': 'PL_1630577', 'quarter': '2', 'shot_type': '2PT', 'time_remaining': 'PT03M09.00S', 'timestamp': '2026-06-01T04:01:04Z', '_kafka_key': '0042500317', '_kafka_partition': 0, '_kafka_offset': 209}
2026-05-31 17:56:59 | INFO | C03 | Skipping non-shot event: play_id=P0298, action_type=Substitution
2026-05-31 17:56:59 | WARNING | C03 | MESSAGE REJECTED
2026-05-31 17:56:59 | WARNING | C03 | play=P0298
2026-05-31 17:56:59 | WARNING | C03 | skipped=120
2026-05-31 17:56:59 | INFO | P03 | {
  play_id: P0300
  game_id: 0042500317
  timestamp: 2026-06-01T04:01:09Z
  player_id: PL_1642264
  action_type: Free Throw
  shot_type: FT
  distance_ft: 0.0
  is_made: False
  quarter: 2
  time_remaining: PT03M09.00S
}
2026-05-31 17:56:59 | INFO | P03 |   Sending message with key=0042500317
2026-05-31 17:56:59 | INFO | P03 |   MESSAGE SENT  sent=211
2026-05-31 17:56:59 | INFO | C03 | {'action_type': 'Free Throw', 'distance_ft': '0.0', 'game_id': '0042500317', 'is_made': 'False', 'play_id': 'P0300', 'player_id': 'PL_1642264', 'quarter': '2', 'shot_type': 'FT', 'time_remaining': 'PT03M09.00S', 'timestamp': '2026-06-01T04:01:09Z', '_kafka_key': '0042500317', '_kafka_partition': 0, '_kafka_offset': 210}
2026-05-31 17:56:59 | INFO | C03 | shot_quality=Restricted Area
2026-05-31 17:56:59 | INFO | C03 | clutch_shot=False
2026-05-31 17:56:59 | INFO | C03 | points_scored=0
2026-05-31 17:56:59 | INFO | C03 | running_total_pts=91
2026-05-31 17:56:59 | INFO | C03 | MESSAGE ACCEPTED
2026-05-31 17:56:59 | INFO | C03 | play=P0300
2026-05-31 17:56:59 | INFO | C03 | points=0
2026-05-31 17:56:59 | INFO | C03 | consumed=91
2026-05-31 17:56:59 | INFO | C03 | RUNNING STATS
2026-05-31 17:56:59 | INFO | C03 | total_pts=91
2026-05-31 17:56:59 | INFO | C03 | average_pts=1.00
2026-05-31 17:56:59 | INFO | C03 | min_pts=0.00
2026-05-31 17:56:59 | INFO | C03 | max_pts=3.00
2026-05-31 17:57:00 | INFO | P03 | {
  play_id: P0301
  game_id: 0042500317
  timestamp: 2026-06-01T04:01:14Z
  player_id: PL_1631119
  action_type: Rebound
  shot_type: 2PT
  distance_ft: 0.0
  is_made: False
  quarter: 2
  time_remaining: PT03M07.00S
}
2026-05-31 17:57:00 | INFO | P03 |   Sending message with key=0042500317
2026-05-31 17:57:00 | INFO | P03 |   MESSAGE SENT  sent=212
2026-05-31 17:57:00 | INFO | C03 | {'action_type': 'Rebound', 'distance_ft': '0.0', 'game_id': '0042500317', 'is_made': 'False', 'play_id': 'P0301', 'player_id': 'PL_1631119', 'quarter': '2', 'shot_type': '2PT', 'time_remaining': 'PT03M07.00S', 'timestamp': '2026-06-01T04:01:14Z', '_kafka_key': '0042500317', '_kafka_partition': 0, '_kafka_offset': 211}
2026-05-31 17:57:00 | INFO | C03 | Skipping non-shot event: play_id=P0301, action_type=Rebound
2026-05-31 17:57:00 | WARNING | C03 | MESSAGE REJECTED
2026-05-31 17:57:00 | WARNING | C03 | play=P0301
2026-05-31 17:57:00 | WARNING | C03 | skipped=121
2026-05-31 17:57:01 | INFO | P03 | {
  play_id: P0302
  game_id: 0042500317
  timestamp: 2026-06-01T04:01:19Z
  player_id: PL_1628983
  action_type: Made Shot
  shot_type: 2PT
  distance_ft: 17.0
  is_made: True
  quarter: 2
  time_remaining: PT02M52.00S
}
2026-05-31 17:57:01 | INFO | P03 |   Sending message with key=0042500317
2026-05-31 17:57:01 | INFO | P03 |   MESSAGE SENT  sent=213
2026-05-31 17:57:01 | INFO | C03 | {'action_type': 'Made Shot', 'distance_ft': '17.0', 'game_id': '0042500317', 'is_made': 'True', 'play_id': 'P0302', 'player_id': 'PL_1628983', 'quarter': '2', 'shot_type': '2PT', 'time_remaining': 'PT02M52.00S', 'timestamp': '2026-06-01T04:01:19Z', '_kafka_key': '0042500317', '_kafka_partition': 0, '_kafka_offset': 212}
2026-05-31 17:57:01 | INFO | C03 | shot_quality=Mid-Range
2026-05-31 17:57:01 | INFO | C03 | clutch_shot=False
2026-05-31 17:57:01 | INFO | C03 | points_scored=2
2026-05-31 17:57:01 | INFO | C03 | running_total_pts=93
2026-05-31 17:57:01 | INFO | C03 | MESSAGE ACCEPTED
2026-05-31 17:57:01 | INFO | C03 | play=P0302
2026-05-31 17:57:01 | INFO | C03 | points=2
2026-05-31 17:57:01 | INFO | C03 | consumed=92
2026-05-31 17:57:01 | INFO | C03 | RUNNING STATS
2026-05-31 17:57:01 | INFO | C03 | total_pts=93
2026-05-31 17:57:01 | INFO | C03 | average_pts=1.01
2026-05-31 17:57:01 | INFO | C03 | min_pts=0.00
2026-05-31 17:57:01 | INFO | C03 | max_pts=3.00
2026-05-31 17:57:01 | INFO | P03 | {
  play_id: P0304
  game_id: 0042500317
  timestamp: 2026-06-01T04:01:24Z
  player_id: PL_1628368
  action_type: Made Shot
  shot_type: 2PT
  distance_ft: 14.0
  is_made: True
  quarter: 2
  time_remaining: PT02M36.00S
}
2026-05-31 17:57:01 | INFO | P03 |   Sending message with key=0042500317
2026-05-31 17:57:01 | INFO | C03 | {'action_type': 'Made Shot', 'distance_ft': '14.0', 'game_id': '0042500317', 'is_made': 'True', 'play_id': 'P0304', 'player_id': 'PL_1628368', 'quarter': '2', 'shot_type': '2PT', 'time_remaining': 'PT02M36.00S', 'timestamp': '2026-06-01T04:01:24Z', '_kafka_key': '0042500317', '_kafka_partition': 0, '_kafka_offset': 213}
2026-05-31 17:57:01 | INFO | C03 | shot_quality=Paint
2026-05-31 17:57:01 | INFO | C03 | clutch_shot=False
2026-05-31 17:57:01 | INFO | C03 | points_scored=2
2026-05-31 17:57:01 | INFO | C03 | running_total_pts=95
2026-05-31 17:57:01 | INFO | C03 | MESSAGE ACCEPTED
2026-05-31 17:57:01 | INFO | C03 | play=P0304
2026-05-31 17:57:01 | INFO | C03 | points=2
2026-05-31 17:57:01 | INFO | C03 | consumed=93
2026-05-31 17:57:01 | INFO | C03 | RUNNING STATS
2026-05-31 17:57:01 | INFO | C03 | total_pts=95
2026-05-31 17:57:01 | INFO | C03 | average_pts=1.02
2026-05-31 17:57:01 | INFO | C03 | min_pts=0.00
2026-05-31 17:57:01 | INFO | C03 | max_pts=3.00
2026-05-31 17:57:02 | INFO | P03 | {
  play_id: P0305
  game_id: 0042500317
  timestamp: 2026-06-01T04:01:29Z
  player_id: PL_1629652
  action_type: Missed Shot
  shot_type: 2PT
  distance_ft: 12.0
  is_made: False
  quarter: 2
  time_remaining: PT02M22.00S
}
2026-05-31 17:57:02 | INFO | P03 |   Sending message with key=0042500317
2026-05-31 17:57:02 | INFO | C03 | {'action_type': 'Missed Shot', 'distance_ft': '12.0', 'game_id': '0042500317', 'is_made': 'False', 'play_id': 'P0305', 'player_id': 'PL_1629652', 'quarter': '2', 'shot_type': '2PT', 'time_remaining': 'PT02M22.00S', 'timestamp': '2026-06-01T04:01:29Z', '_kafka_key': '0042500317', '_kafka_partition': 0, '_kafka_offset': 214}
2026-05-31 17:57:02 | INFO | P03 |   MESSAGE SENT  sent=215
2026-05-31 17:57:02 | INFO | C03 | shot_quality=Paint
2026-05-31 17:57:02 | INFO | C03 | clutch_shot=False
2026-05-31 17:57:02 | INFO | C03 | points_scored=0
2026-05-31 17:57:02 | INFO | C03 | running_total_pts=95
2026-05-31 17:57:02 | INFO | C03 | MESSAGE ACCEPTED
2026-05-31 17:57:02 | INFO | C03 | play=P0305
2026-05-31 17:57:02 | INFO | C03 | points=0
2026-05-31 17:57:02 | INFO | C03 | consumed=94
2026-05-31 17:57:02 | INFO | C03 | RUNNING STATS
2026-05-31 17:57:02 | INFO | C03 | total_pts=95
2026-05-31 17:57:02 | INFO | C03 | average_pts=1.01
2026-05-31 17:57:02 | INFO | C03 | min_pts=0.00
2026-05-31 17:57:02 | INFO | C03 | max_pts=3.00
2026-05-31 17:57:02 | INFO | P03 | {
  play_id: P0306
  game_id: 0042500317
  timestamp: 2026-06-01T04:01:34Z
  player_id: PL_1628983
  action_type: Rebound
  shot_type: 2PT
  distance_ft: 0.0
  is_made: False
  quarter: 2
  time_remaining: PT02M20.00S
}
2026-05-31 17:57:02 | INFO | P03 |   Sending message with key=0042500317
2026-05-31 17:57:02 | INFO | P03 |   MESSAGE SENT  sent=216
 'distance_ft': '0.0', 'game_id': '0042500317', 'is_made': 'False', 'play_id': 'P0306', 'player_id': 'PL_1628983', 'quarter': '2', 'shot_type': '2PT', 'time_remaining': 'PT02M20.00S', 'timestamp': '2026-06-01T04:01:34Z', '_kafka_key': '0042500317', '_kafka_partition': 0, '_kafka_offset': 215}
2026-05-31 17:57:02 | INFO | C03 | Skipping non-shot event: play_id=P0306, action_type=Rebound
2026-05-31 17:57:02 | WARNING | C03 | MESSAGE REJECTED
2026-05-31 17:57:02 | WARNING | C03 | play=P0306
2026-05-31 17:57:02 | WARNING | C03 | skipped=122
2026-05-31 17:57:03 | INFO | P03 | {
  play_id: P0307
  game_id: 0042500317
  timestamp: 2026-06-01T04:01:39Z
  player_id: PL_1629652
  action_type: Made Shot
  shot_type: 3PT
  distance_ft: 25.0
  is_made: True
  quarter: 2
  time_remaining: PT02M17.00S
}
2026-05-31 17:57:03 | INFO | P03 |   Sending message with key=0042500317
2026-05-31 17:57:03 | INFO | P03 |   MESSAGE SENT  sent=217
2026-05-31 17:57:03 | INFO | C03 | {'action_type': 'Made Shot', 'distance_ft': '25.0', 'game_id': '0042500317', 'is_made': 'True', 'play_id': 'P0307', 'player_id': 'PL_1629652', 'quarter': '2', 'shot_type': '3PT', 'time_remaining': 'PT02M17.00S', 'timestamp': '2026-06-01T04:01:39Z', '_kafka_key': '0042500317', '_kafka_partition': 0, '_kafka_offset': 216}
2026-05-31 17:57:03 | INFO | C03 | shot_quality=NBA Deep 3
2026-05-31 17:57:03 | INFO | C03 | clutch_shot=False
2026-05-31 17:57:03 | INFO | C03 | points_scored=3
2026-05-31 17:57:03 | INFO | C03 | running_total_pts=98
2026-05-31 17:57:03 | INFO | C03 | MESSAGE ACCEPTED
2026-05-31 17:57:03 | INFO | C03 | play=P0307
2026-05-31 17:57:03 | INFO | C03 | points=3
2026-05-31 17:57:03 | INFO | C03 | consumed=95
2026-05-31 17:57:03 | INFO | C03 | RUNNING STATS
2026-05-31 17:57:03 | INFO | C03 | total_pts=98
2026-05-31 17:57:03 | INFO | C03 | average_pts=1.03
2026-05-31 17:57:03 | INFO | C03 | min_pts=0.00
2026-05-31 17:57:03 | INFO | C03 | max_pts=3.00
2026-05-31 17:57:03 | INFO | P03 | {
  play_id: P0309
  game_id: 0042500317
  timestamp: 2026-06-01T04:01:44Z
  player_id: PL_1629640
  action_type: Missed Shot
  shot_type: 3PT
  distance_ft: 24.0
  is_made: False
  quarter: 2
  time_remaining: PT01M55.00S
}
2026-05-31 17:57:03 | INFO | P03 |   Sending message with key=0042500317
2026-05-31 17:57:03 | INFO | P03 |   MESSAGE SENT  sent=218
2026-05-31 17:57:03 | INFO | C03 | {'action_type': 'Missed Shot', 'distance_ft': '24.0', 'game_id': '0042500317', 'is_made': 'False', 'play_id': 'P0309', 'player_id': 'PL_1629640', 'quarter': '2', 'shot_type': '3PT', 'time_remaining': 'PT01M55.00S', 'timestamp': '2026-06-01T04:01:44Z', '_kafka_key': '0042500317', '_kafka_partition': 0, '_kafka_offset': 217}
2026-05-31 17:57:03 | INFO | C03 | shot_quality=NBA Deep 3
2026-05-31 17:57:03 | INFO | C03 | clutch_shot=False
2026-05-31 17:57:03 | INFO | C03 | points_scored=0
2026-05-31 17:57:03 | INFO | C03 | running_total_pts=98
2026-05-31 17:57:03 | INFO | C03 | MESSAGE ACCEPTED
2026-05-31 17:57:03 | INFO | C03 | play=P0309
2026-05-31 17:57:03 | INFO | C03 | points=0
2026-05-31 17:57:03 | INFO | C03 | consumed=96
2026-05-31 17:57:03 | INFO | C03 | RUNNING STATS
2026-05-31 17:57:03 | INFO | C03 | total_pts=98
2026-05-31 17:57:03 | INFO | C03 | average_pts=1.02
2026-05-31 17:57:03 | INFO | C03 | min_pts=0.00
2026-05-31 17:57:03 | INFO | C03 | max_pts=3.00
2026-05-31 17:57:04 | INFO | P03 | {
  play_id: P0310
  game_id: 0042500317
  timestamp: 2026-06-01T04:01:49Z
  player_id: PL_1628983
  action_type: Rebound
  shot_type: 2PT
  distance_ft: 0.0
  is_made: False
  quarter: 2
  time_remaining: PT01M53.00S
}
2026-05-31 17:57:04 | INFO | P03 |   Sending message with key=0042500317
2026-05-31 17:57:04 | INFO | P03 |   MESSAGE SENT  sent=219
2026-05-31 17:57:04 | INFO | C03 | {'action_type': 'Rebound', 'distance_ft': '0.0', 'game_id': '0042500317', 'is_made': 'False', 'play_id': 'P0310', 'player_id': 'PL_1628983', 'quarter': '2', 'shot_type': '2PT', 'time_remaining': 'PT01M53.00S', 'timestamp': '2026-06-01T04:01:49Z', '_kafka_key': '0042500317', '_kafka_partition': 0, '_kafka_offset': 218}
2026-05-31 17:57:04 | INFO | C03 | Skipping non-shot event: play_id=P0310, action_type=Rebound
2026-05-31 17:57:04 | WARNING | C03 | MESSAGE REJECTED
2026-05-31 17:57:04 | WARNING | C03 | play=P0310
2026-05-31 17:57:04 | WARNING | C03 | skipped=123
2026-05-31 17:57:04 | INFO | P03 | {
  play_id: P0311
  game_id: 0042500317
  timestamp: 2026-06-01T04:01:54Z
  player_id: PL_1631119
  action_type: Made Shot
  shot_type: 2PT
  distance_ft: 15.0
  is_made: True
  quarter: 2
  time_remaining: PT01M33.00S
}
2026-05-31 17:57:04 | INFO | P03 |   Sending message with key=0042500317
2026-05-31 17:57:04 | INFO | P03 |   MESSAGE SENT  sent=220
2026-05-31 17:57:04 | INFO | C03 | {'action_type': 'Made Shot', 'distance_ft': '15.0', 'game_id': '0042500317', 'is_made': 'True', 'play_id': 'P0311', 'player_id': 'PL_1631119', 'quarter': '2', 'shot_type': '2PT', 'time_remaining': 'PT01M33.00S', 'timestamp': '2026-06-01T04:01:54Z', '_kafka_key': '0042500317', '_kafka_partition': 0, '_kafka_offset': 219}
2026-05-31 17:57:04 | INFO | C03 | shot_quality=Mid-Range
2026-05-31 17:57:04 | INFO | C03 | clutch_shot=False
2026-05-31 17:57:04 | INFO | C03 | points_scored=2
2026-05-31 17:57:04 | INFO | C03 | running_total_pts=100
2026-05-31 17:57:04 | INFO | C03 | MESSAGE ACCEPTED
2026-05-31 17:57:04 | INFO | C03 | play=P0311
2026-05-31 17:57:04 | INFO | C03 | points=2
2026-05-31 17:57:04 | INFO | C03 | consumed=97
2026-05-31 17:57:04 | INFO | C03 | RUNNING STATS
2026-05-31 17:57:04 | INFO | C03 | total_pts=100
2026-05-31 17:57:04 | INFO | C03 | average_pts=1.03
2026-05-31 17:57:04 | INFO | C03 | min_pts=0.00
2026-05-31 17:57:04 | INFO | C03 | max_pts=3.00
2026-05-31 17:57:05 | INFO | P03 | {
  play_id: P0313
  game_id: 0042500317
  timestamp: 2026-06-01T04:01:59Z
  player_id: PL_1628368
  action_type: Turnover
  shot_type: 2PT
  distance_ft: 0.0
  is_made: False
  quarter: 2
  time_remaining: PT01M17.00S
}
2026-05-31 17:57:05 | INFO | P03 |   Sending message with key=0042500317
2026-05-31 17:57:05 | INFO | P03 |   MESSAGE SENT  sent=221
2026-05-31 17:57:05 | INFO | C03 | {'action_type': 'Turnover', 'distance_ft': '0.0', 'game_id': '0042500317', 'is_made': 'False', 'play_id': 'P0313', 'player_id': 'PL_1628368', 'quarter': '2', 'shot_type': '2PT', 'time_remaining': 'PT01M17.00S', 'timestamp': '2026-06-01T04:01:59Z', '_kafka_key': '0042500317', '_kafka_partition': 0, '_kafka_offset': 220}
2026-05-31 17:57:05 | INFO | C03 | Skipping non-shot event: play_id=P0313, action_type=Turnover
2026-05-31 17:57:05 | WARNING | C03 | MESSAGE REJECTED
2026-05-31 17:57:05 | WARNING | C03 | play=P0313
2026-05-31 17:57:05 | WARNING | C03 | skipped=124
2026-05-31 17:57:06 | INFO | P03 | {
  play_id: P0313
  game_id: 0042500317
  timestamp: 2026-06-01T04:02:04Z
  player_id: PL_1631096
  action_type: Unknown
  shot_type: 2PT
  distance_ft: 0.0
  is_made: False
  quarter: 2
  time_remaining: PT01M17.00S
}
2026-05-31 17:57:06 | INFO | P03 |   Sending message with key=0042500317
2026-05-31 17:57:06 | INFO | C03 | {'action_type': 'Unknown', 'distance_ft': '0.0', 'game_id': '0042500317', 'is_made': 'False', 'play_id': 'P0313', 'player_id': 'PL_1631096', 'quarter': '2', 'shot_type': '2PT', 'time_remaining': 'PT01M17.00S', 'timestamp': '2026-06-01T04:02:04Z', '_kafka_key': '0042500317', '_kafka_partition': 0, '_kafka_offset': 221}
2026-05-31 17:57:06 | INFO | P03 |   MESSAGE SENT  sent=222
2026-05-31 17:57:06 | INFO | C03 | Skipping non-shot event: play_id=P0313, action_type=Unknown
2026-05-31 17:57:06 | WARNING | C03 | MESSAGE REJECTED
2026-05-31 17:57:06 | WARNING | C03 | play=P0313
2026-05-31 17:57:06 | WARNING | C03 | skipped=125
2026-05-31 17:57:06 | INFO | P03 | {
  play_id: P0315
  game_id: 0042500317
  timestamp: 2026-06-01T04:02:09Z
  player_id: PL_1629640
  action_type: Foul
  shot_type: 2PT
  distance_ft: 0.0
  is_made: False
  quarter: 2
  time_remaining: PT01M17.00S
}
2026-05-31 17:57:06 | INFO | P03 |   Sending message with key=0042500317
2026-05-31 17:57:06 | INFO | P03 |   MESSAGE SENT  sent=223
2026-05-31 17:57:06 | INFO | C03 | {'action_type': 'Foul', 'distance_ft': '0.0', 'game_id': '0042500317', 'is_made': 'False', 'play_id': 'P0315', 'player_id': 'PL_1629640', 'quarter': '2', 'shot_type': '2PT', 'time_remaining': 'PT01M17.00S', 'timestamp': '2026-06-01T04:02:09Z', '_kafka_key': '0042500317', '_kafka_partition': 0, '_kafka_offset': 222}
2026-05-31 17:57:06 | INFO | C03 | Skipping non-shot event: play_id=P0315, action_type=Foul
2026-05-31 17:57:06 | WARNING | C03 | MESSAGE REJECTED
2026-05-31 17:57:06 | WARNING | C03 | play=P0315
2026-05-31 17:57:06 | WARNING | C03 | skipped=126
2026-05-31 17:57:07 | INFO | P03 | {
  play_id: P0317
  game_id: 0042500317
  timestamp: 2026-06-01T04:02:14Z
  player_id: PL_1631096
  action_type: Free Throw
  shot_type: FT
  distance_ft: 0.0
  is_made: True
  quarter: 2
  time_remaining: PT01M17.00S
}
2026-05-31 17:57:07 | INFO | P03 |   Sending message with key=0042500317
2026-05-31 17:57:07 | INFO | P03 |   MESSAGE SENT  sent=224
2026-05-31 17:57:07 | INFO | C03 | {'action_type': 'Free Throw', 'distance_ft': '0.0', 'game_id': '0042500317', 'is_made': 'True', 'play_id': 'P0317', 'player_id': 'PL_1631096', 'quarter': '2', 'shot_type': 'FT', 'time_remaining': 'PT01M17.00S', 'timestamp': '2026-06-01T04:02:14Z', '_kafka_key': '0042500317', '_kafka_partition': 0, '_kafka_offset': 223}
2026-05-31 17:57:07 | INFO | C03 | shot_quality=Restricted Area
2026-05-31 17:57:07 | INFO | C03 | clutch_shot=False
2026-05-31 17:57:07 | INFO | C03 | points_scored=1
2026-05-31 17:57:07 | INFO | C03 | running_total_pts=101
2026-05-31 17:57:07 | INFO | C03 | MESSAGE ACCEPTED
2026-05-31 17:57:07 | INFO | C03 | play=P0317
2026-05-31 17:57:07 | INFO | C03 | points=1
2026-05-31 17:57:07 | INFO | C03 | consumed=98
2026-05-31 17:57:07 | INFO | C03 | RUNNING STATS
2026-05-31 17:57:07 | INFO | C03 | total_pts=101
2026-05-31 17:57:07 | INFO | C03 | average_pts=1.03
2026-05-31 17:57:07 | INFO | C03 | min_pts=0.00
2026-05-31 17:57:07 | INFO | C03 | max_pts=3.00
2026-05-31 17:57:07 | INFO | P03 | {
  play_id: P0318
  game_id: 0042500317
  timestamp: 2026-06-01T04:02:19Z
  player_id: PL_1631096
  action_type: Free Throw
  shot_type: FT
  distance_ft: 0.0
  is_made: True
  quarter: 2
  time_remaining: PT01M17.00S
}
2026-05-31 17:57:07 | INFO | P03 |   Sending message with key=0042500317
2026-05-31 17:57:07 | INFO | P03 |   MESSAGE SENT  sent=225
2026-05-31 17:57:07 | INFO | C03 | {'action_type': 'Free Throw', 'distance_ft': '0.0', 'game_id': '0042500317', 'is_made': 'True', 'play_id': 'P0318', 'player_id': 'PL_1631096', 'quarter': '2', 'shot_type': 'FT', 'time_remaining': 'PT01M17.00S', 'timestamp': '2026-06-01T04:02:19Z', '_kafka_key': '0042500317', '_kafka_partition': 0, '_kafka_offset': 224}
2026-05-31 17:57:07 | INFO | C03 | shot_quality=Restricted Area
2026-05-31 17:57:07 | INFO | C03 | clutch_shot=False
2026-05-31 17:57:07 | INFO | C03 | points_scored=1
2026-05-31 17:57:07 | INFO | C03 | running_total_pts=102
2026-05-31 17:57:07 | INFO | C03 | MESSAGE ACCEPTED
2026-05-31 17:57:07 | INFO | C03 | play=P0318
2026-05-31 17:57:07 | INFO | C03 | points=1
2026-05-31 17:57:07 | INFO | C03 | consumed=99
2026-05-31 17:57:07 | INFO | C03 | RUNNING STATS
2026-05-31 17:57:07 | INFO | C03 | total_pts=102
2026-05-31 17:57:07 | INFO | C03 | average_pts=1.03
2026-05-31 17:57:07 | INFO | C03 | min_pts=0.00
2026-05-31 17:57:07 | INFO | C03 | max_pts=3.00
2026-05-31 17:57:08 | INFO | P03 | {
  play_id: P0321
  game_id: 0042500317
  timestamp: 2026-06-01T04:02:24Z
  player_id: PL_1628368
  action_type: Made Shot
  shot_type: 3PT
  distance_ft: 26.0
  is_made: True
  quarter: 2
  time_remaining: PT00M54.30S
}
2026-05-31 17:57:08 | INFO | P03 |   Sending message with key=0042500317
2026-05-31 17:57:08 | INFO | P03 |   MESSAGE SENT  sent=226
2026-05-31 17:57:08 | INFO | C03 | {'action_type': 'Made Shot', 'distance_ft': '26.0', 'game_id': '0042500317', 'is_made': 'True', 'play_id': 'P0321', 'player_id': 'PL_1628368', 'quarter': '2', 'shot_type': '3PT', 'time_remaining': 'PT00M54.30S', 'timestamp': '2026-06-01T04:02:24Z', '_kafka_key': '0042500317', '_kafka_partition': 0, '_kafka_offset': 225}
2026-05-31 17:57:08 | INFO | C03 | shot_quality=NBA Deep 3
2026-05-31 17:57:08 | INFO | C03 | clutch_shot=False
2026-05-31 17:57:08 | INFO | C03 | points_scored=3
2026-05-31 17:57:08 | INFO | C03 | running_total_pts=105
2026-05-31 17:57:08 | INFO | C03 | MESSAGE ACCEPTED
2026-05-31 17:57:08 | INFO | C03 | play=P0321
2026-05-31 17:57:08 | INFO | C03 | points=3
2026-05-31 17:57:08 | INFO | C03 | consumed=100
2026-05-31 17:57:08 | INFO | C03 | RUNNING STATS
2026-05-31 17:57:08 | INFO | C03 | total_pts=105
2026-05-31 17:57:08 | INFO | C03 | average_pts=1.05
2026-05-31 17:57:08 | INFO | C03 | min_pts=0.00
2026-05-31 17:57:08 | INFO | C03 | max_pts=3.00
2026-05-31 17:57:08 | INFO | P03 | {
  play_id: P0323
  game_id: 0042500317
  timestamp: 2026-06-01T04:02:29Z
  player_id: PL_1628983
  action_type: Turnover
  shot_type: 2PT
  distance_ft: 0.0
  is_made: False
  quarter: 2
  time_remaining: PT00M39.50S
}
2026-05-31 17:57:08 | INFO | P03 |   Sending message with key=0042500317
2026-05-31 17:57:08 | INFO | P03 |   MESSAGE SENT  sent=227
2026-05-31 17:57:08 | INFO | C03 | {'action_type': 'Turnover', 'distance_ft': '0.0', 'game_id': '0042500317', 'is_made': 'False', 'play_id': 'P0323', 'player_id': 'PL_1628983', 'quarter': '2', 'shot_type': '2PT', 'time_remaining': 'PT00M39.50S', 'timestamp': '2026-06-01T04:02:29Z', '_kafka_key': '0042500317', '_kafka_partition': 0, '_kafka_offset': 226}
2026-05-31 17:57:08 | INFO | C03 | Skipping non-shot event: play_id=P0323, action_type=Turnover
2026-05-31 17:57:08 | WARNING | C03 | MESSAGE REJECTED
2026-05-31 17:57:08 | WARNING | C03 | play=P0323
2026-05-31 17:57:08 | WARNING | C03 | skipped=127
2026-05-31 17:57:09 | INFO | P03 | {
  play_id: P0323
  game_id: 0042500317
  timestamp: 2026-06-01T04:02:34Z
  player_id: PL_1630170
  action_type: Unknown
  shot_type: 2PT
  distance_ft: 0.0
  is_made: False
  quarter: 2
  time_remaining: PT00M39.50S
}
2026-05-31 17:57:09 | INFO | P03 |   Sending message with key=0042500317
2026-05-31 17:57:09 | INFO | P03 |   MESSAGE SENT  sent=228
2026-05-31 17:57:09 | INFO | C03 | {'action_type': 'Unknown', 'distance_ft': '0.0', 'game_id': '0042500317', 'is_made': 'False', 'play_id': 'P0323', 'player_id': 'PL_1630170', 'quarter': '2', 'shot_type': '2PT', 'time_remaining': 'PT00M39.50S', 'timestamp': '2026-06-01T04:02:34Z', '_kafka_key': '0042500317', '_kafka_partition': 0, '_kafka_offset': 227}
2026-05-31 17:57:09 | INFO | C03 | Skipping non-shot event: play_id=P0323, action_type=Unknown
2026-05-31 17:57:09 | WARNING | C03 | MESSAGE REJECTED
2026-05-31 17:57:09 | WARNING | C03 | play=P0323
2026-05-31 17:57:09 | WARNING | C03 | skipped=128
2026-05-31 17:57:09 | INFO | P03 | {
  play_id: P0325
  game_id: 0042500317
  timestamp: 2026-06-01T04:02:39Z
  player_id: PL_1642264
  action_type: Missed Shot
  shot_type: 2PT
  distance_ft: 2.0
  is_made: False
  quarter: 2
  time_remaining: PT00M35.20S
}
2026-05-31 17:57:09 | INFO | P03 |   Sending message with key=0042500317
2026-05-31 17:57:09 | INFO | P03 |   MESSAGE SENT  sent=229
2026-05-31 17:57:09 | INFO | C03 | {'action_type': 'Missed Shot', 'distance_ft': '2.0', 'game_id': '0042500317', 'is_made': 'False', 'play_id': 'P0325', 'player_id': 'PL_1642264', 'quarter': '2', 'shot_type': '2PT', 'time_remaining': 'PT00M35.20S', 'timestamp': '2026-06-01T04:02:39Z', '_kafka_key': '0042500317', '_kafka_partition': 0, '_kafka_offset': 228}
2026-05-31 17:57:09 | INFO | C03 | shot_quality=Restricted Area
2026-05-31 17:57:09 | INFO | C03 | clutch_shot=False
2026-05-31 17:57:09 | INFO | C03 | points_scored=0
2026-05-31 17:57:09 | INFO | C03 | running_total_pts=105
2026-05-31 17:57:09 | INFO | C03 | MESSAGE ACCEPTED
2026-05-31 17:57:09 | INFO | C03 | play=P0325
2026-05-31 17:57:09 | INFO | C03 | points=0
2026-05-31 17:57:09 | INFO | C03 | consumed=101
2026-05-31 17:57:09 | INFO | C03 | RUNNING STATS
2026-05-31 17:57:09 | INFO | C03 | total_pts=105
2026-05-31 17:57:09 | INFO | C03 | average_pts=1.04
2026-05-31 17:57:09 | INFO | C03 | min_pts=0.00
2026-05-31 17:57:09 | INFO | C03 | max_pts=3.00
2026-05-31 17:57:10 | INFO | P03 | {
  play_id: P0325
  game_id: 0042500317
  timestamp: 2026-06-01T04:02:44Z
  player_id: PL_1628983
  action_type: Unknown
  shot_type: 2PT
  distance_ft: 0.0
  is_made: False
  quarter: 2
  time_remaining: PT00M35.20S
}
2026-05-31 17:57:10 | INFO | P03 |   Sending message with key=0042500317
2026-05-31 17:57:10 | INFO | P03 |   MESSAGE SENT  sent=230
2026-05-31 17:57:10 | INFO | C03 | {'action_type': 'Unknown', 'distance_ft': '0.0', 'game_id': '0042500317', 'is_made': 'False', 'play_id': 'P0325', 'player_id': 'PL_1628983', 'quarter': '2', 'shot_type': '2PT', 'time_remaining': 'PT00M35.20S', 'timestamp': '2026-06-01T04:02:44Z', '_kafka_key': '0042500317', '_kafka_partition': 0, '_kafka_offset': 229}
2026-05-31 17:57:10 | INFO | C03 | Skipping non-shot event: play_id=P0325, action_type=Unknown
2026-05-31 17:57:10 | WARNING | C03 | MESSAGE REJECTED
2026-05-31 17:57:10 | WARNING | C03 | play=P0325
2026-05-31 17:57:10 | WARNING | C03 | skipped=129
2026-05-31 17:57:11 | INFO | P03 | {
  play_id: P0327
  game_id: 0042500317
  timestamp: 2026-06-01T04:02:49Z
  player_id: PL_1629640
  action_type: Rebound
  shot_type: 2PT
  distance_ft: 0.0
  is_made: False
  quarter: 2
  time_remaining: PT00M35.20S
}
2026-05-31 17:57:11 | INFO | P03 |   Sending message with key=0042500317
2026-05-31 17:57:11 | INFO | C03 | {'action_type': 'Rebound', 'distance_ft': '0.0', 'game_id': '0042500317', 'is_made': 'False', 'play_id': 'P0327', 'player_id': 'PL_1629640', 'quarter': '2', 'shot_type': '2PT', 'time_remaining': 'PT00M35.20S', 'timestamp': '2026-06-01T04:02:49Z', '_kafka_key': '0042500317', '_kafka_partition': 0, '_kafka_offset': 230}
2026-05-31 17:57:11 | INFO | P03 |   MESSAGE SENT  sent=231
2026-05-31 17:57:11 | INFO | C03 | Skipping non-shot event: play_id=P0327, action_type=Rebound
2026-05-31 17:57:11 | WARNING | C03 | MESSAGE REJECTED
2026-05-31 17:57:11 | WARNING | C03 | play=P0327
2026-05-31 17:57:11 | WARNING | C03 | skipped=130
2026-05-31 17:57:11 | INFO | P03 | {
  play_id: P0328
  game_id: 0042500317
  timestamp: 2026-06-01T04:02:54Z
  player_id: PL_1629640
  action_type: Made Shot
  shot_type: 2PT
  distance_ft: 2.0
  is_made: True
  quarter: 2
  time_remaining: PT00M35.20S
}
2026-05-31 17:57:11 | INFO | P03 |   Sending message with key=0042500317
2026-05-31 17:57:11 | INFO | P03 |   MESSAGE SENT  sent=232
2026-05-31 17:57:11 | INFO | C03 | {'action_type': 'Made Shot', 'distance_ft': '2.0', 'game_id': '0042500317', 'is_made': 'True', 'play_id': 'P0328', 'player_id': 'PL_1629640', 'quarter': '2', 'shot_type': '2PT', 'time_remaining': 'PT00M35.20S', 'timestamp': '2026-06-01T04:02:54Z', '_kafka_key': '0042500317', '_kafka_partition': 0, '_kafka_offset': 231}
2026-05-31 17:57:11 | INFO | C03 | shot_quality=Restricted Area
2026-05-31 17:57:11 | INFO | C03 | clutch_shot=False
2026-05-31 17:57:11 | INFO | C03 | points_scored=2
2026-05-31 17:57:11 | INFO | C03 | running_total_pts=107
2026-05-31 17:57:11 | INFO | C03 | MESSAGE ACCEPTED
2026-05-31 17:57:11 | INFO | C03 | play=P0328
2026-05-31 17:57:11 | INFO | C03 | points=2
2026-05-31 17:57:11 | INFO | C03 | consumed=102
2026-05-31 17:57:11 | INFO | C03 | RUNNING STATS
2026-05-31 17:57:11 | INFO | C03 | total_pts=107
2026-05-31 17:57:11 | INFO | C03 | average_pts=1.05
2026-05-31 17:57:11 | INFO | C03 | min_pts=0.00
2026-05-31 17:57:11 | INFO | C03 | max_pts=3.00
2026-05-31 17:57:12 | INFO | P03 | {
  play_id: P0329
  game_id: 0042500317
  timestamp: 2026-06-01T04:02:59Z
  player_id: PL_1627936
  action_type: Missed Shot
  shot_type: 2PT
  distance_ft: 8.0
  is_made: False
  quarter: 2
  time_remaining: PT00M28.60S
}
2026-05-31 17:57:12 | INFO | P03 |   Sending message with key=0042500317
2026-05-31 17:57:12 | INFO | P03 |   MESSAGE SENT  sent=233
2026-05-31 17:57:12 | INFO | C03 | {'action_type': 'Missed Shot', 'distance_ft': '8.0', 'game_id': '0042500317', 'is_made': 'False', 'play_id': 'P0329', 'player_id': 'PL_1627936', 'quarter': '2', 'shot_type': '2PT', 'time_remaining': 'PT00M28.60S', 'timestamp': '2026-06-01T04:02:59Z', '_kafka_key': '0042500317', '_kafka_partition': 0, '_kafka_offset': 232}
2026-05-31 17:57:12 | INFO | C03 | shot_quality=Paint
2026-05-31 17:57:12 | INFO | C03 | clutch_shot=False
2026-05-31 17:57:12 | INFO | C03 | points_scored=0
2026-05-31 17:57:12 | INFO | C03 | running_total_pts=107
2026-05-31 17:57:12 | INFO | C03 | MESSAGE ACCEPTED
2026-05-31 17:57:12 | INFO | C03 | play=P0329
2026-05-31 17:57:12 | INFO | C03 | points=0
2026-05-31 17:57:12 | INFO | C03 | consumed=103
2026-05-31 17:57:12 | INFO | C03 | RUNNING STATS
2026-05-31 17:57:12 | INFO | C03 | total_pts=107
2026-05-31 17:57:12 | INFO | C03 | average_pts=1.04
2026-05-31 17:57:12 | INFO | C03 | min_pts=0.00
2026-05-31 17:57:12 | INFO | C03 | max_pts=3.00
2026-05-31 17:57:12 | INFO | P03 | {
  play_id: P0330
  game_id: 0042500317
  timestamp: 2026-06-01T04:03:04Z
  player_id: PL_1630170
  action_type: Rebound
  shot_type: 2PT
  distance_ft: 0.0
  is_made: False
  quarter: 2
  time_remaining: PT00M26.70S
}
2026-05-31 17:57:12 | INFO | P03 |   Sending message with key=0042500317
2026-05-31 17:57:12 | INFO | P03 |   MESSAGE SENT  sent=234
2026-05-31 17:57:12 | INFO | C03 | {'action_type': 'Rebound', 'distance_ft': '0.0', 'game_id': '0042500317', 'is_made': 'False', 'play_id': 'P0330', 'player_id': 'PL_1630170', 'quarter': '2', 'shot_type': '2PT', 'time_remaining': 'PT00M26.70S', 'timestamp': '2026-06-01T04:03:04Z', '_kafka_key': '0042500317', '_kafka_partition': 0, '_kafka_offset': 233}
2026-05-31 17:57:12 | INFO | C03 | Skipping non-shot event: play_id=P0330, action_type=Rebound
2026-05-31 17:57:12 | WARNING | C03 | MESSAGE REJECTED
2026-05-31 17:57:12 | WARNING | C03 | play=P0330
2026-05-31 17:57:12 | WARNING | C03 | skipped=131
2026-05-31 17:57:13 | INFO | P03 | {
  play_id: P0331
  game_id: 0042500317
  timestamp: 2026-06-01T04:03:09Z
  player_id: PL_1641705
  action_type: Made Shot
  shot_type: 2PT
  distance_ft: 13.0
  is_made: True
  quarter: 2
  time_remaining: PT00M04.90S
}
2026-05-31 17:57:13 | INFO | P03 |   Sending message with key=0042500317
2026-05-31 17:57:13 | INFO | C03 | {'action_type': 'Made Shot', 'distance_ft': '13.0', 'game_id': '0042500317', 'is_made': 'True', 'play_id': 'P0331', 'player_id': 'PL_1641705', 'quarter': '2', 'shot_type': '2PT', 'time_remaining': 'PT00M04.90S', 'timestamp': '2026-06-01T04:03:09Z', '_kafka_key': '0042500317', '_kafka_partition': 0, '_kafka_offset': 234}
2026-05-31 17:57:13 | INFO | P03 |   MESSAGE SENT  sent=235
2026-05-31 17:57:13 | INFO | C03 | shot_quality=Paint
2026-05-31 17:57:13 | INFO | C03 | clutch_shot=False
2026-05-31 17:57:13 | INFO | C03 | points_scored=2
2026-05-31 17:57:13 | INFO | C03 | running_total_pts=109
2026-05-31 17:57:13 | INFO | C03 | MESSAGE ACCEPTED
2026-05-31 17:57:13 | INFO | C03 | play=P0331
2026-05-31 17:57:13 | INFO | C03 | points=2
2026-05-31 17:57:13 | INFO | C03 | consumed=104
2026-05-31 17:57:13 | INFO | C03 | RUNNING STATS
2026-05-31 17:57:13 | INFO | C03 | total_pts=109
2026-05-31 17:57:13 | INFO | C03 | average_pts=1.05
2026-05-31 17:57:13 | INFO | C03 | min_pts=0.00
2026-05-31 17:57:13 | INFO | C03 | max_pts=3.00
2026-05-31 17:57:13 | INFO | P03 | {
  play_id: P0333
  game_id: 0042500317
  timestamp: 2026-06-01T04:03:14Z
  player_id: PL_1627936
  action_type: Missed Shot
  shot_type: 3PT
  distance_ft: 26.0
  is_made: False
  quarter: 2
  time_remaining: PT00M00.20S
}
2026-05-31 17:57:13 | INFO | P03 |   Sending message with key=0042500317
2026-05-31 17:57:13 | INFO | P03 |   MESSAGE SENT  sent=236
2026-05-31 17:57:13 | INFO | C03 | {'action_type': 'Missed Shot', 'distance_ft': '26.0', 'game_id': '0042500317', 'is_made': 'False', 'play_id': 'P0333', 'player_id': 'PL_1627936', 'quarter': '2', 'shot_type': '3PT', 'time_remaining': 'PT00M00.20S', 'timestamp': '2026-06-01T04:03:14Z', '_kafka_key': '0042500317', '_kafka_partition': 0, '_kafka_offset': 235}
2026-05-31 17:57:13 | INFO | C03 | shot_quality=NBA Deep 3
2026-05-31 17:57:13 | INFO | C03 | clutch_shot=False
2026-05-31 17:57:13 | INFO | C03 | points_scored=0
2026-05-31 17:57:13 | INFO | C03 | running_total_pts=109
2026-05-31 17:57:13 | INFO | C03 | MESSAGE ACCEPTED
2026-05-31 17:57:13 | INFO | C03 | play=P0333
2026-05-31 17:57:13 | INFO | C03 | points=0
2026-05-31 17:57:13 | INFO | C03 | consumed=105
2026-05-31 17:57:13 | INFO | C03 | RUNNING STATS
2026-05-31 17:57:13 | INFO | C03 | total_pts=109
2026-05-31 17:57:13 | INFO | C03 | average_pts=1.04
2026-05-31 17:57:13 | INFO | C03 | min_pts=0.00
2026-05-31 17:57:13 | INFO | C03 | max_pts=3.00
2026-05-31 17:57:14 | INFO | P03 | {
  play_id: P0334
  game_id: 0042500317
  timestamp: 2026-06-01T04:03:19Z
  player_id: PL_1610612760
  action_type: Rebound
  shot_type: 2PT
  distance_ft: 0.0
  is_made: False
  quarter: 2
  time_remaining: PT00M00.20S
}
2026-05-31 17:57:14 | INFO | P03 |   Sending message with key=0042500317
2026-05-31 17:57:14 | INFO | P03 |   MESSAGE SENT  sent=237
2026-05-31 17:57:14 | INFO | C03 | {'action_type': 'Rebound', 'distance_ft': '0.0', 'game_id': '0042500317', 'is_made': 'False', 'play_id': 'P0334', 'player_id': 'PL_1610612760', 'quarter': '2', 'shot_type': '2PT', 'time_remaining': 'PT00M00.20S', 'timestamp': '2026-06-01T04:03:19Z', '_kafka_key': '0042500317', '_kafka_partition': 0, '_kafka_offset': 236}
2026-05-31 17:57:14 | INFO | C03 | Skipping non-shot event: play_id=P0334, action_type=Rebound
2026-05-31 17:57:14 | WARNING | C03 | MESSAGE REJECTED
2026-05-31 17:57:14 | WARNING | C03 | play=P0334
2026-05-31 17:57:14 | WARNING | C03 | skipped=132
2026-05-31 17:57:14 | INFO | P03 | {
  play_id: P0341
  game_id: 0042500317
  timestamp: 2026-06-01T04:03:34Z
  player_id: PL_1631119
  action_type: Missed Shot
  shot_type: 3PT
  distance_ft: 0.0
  is_made: False
  quarter: 3
  time_remaining: PT11M45.00S
}
2026-05-31 17:57:14 | INFO | P03 |   Sending message with key=0042500317
2026-05-31 17:57:14 | INFO | P03 |   MESSAGE SENT  sent=238
2026-05-31 17:57:14 | INFO | C03 | {'action_type': 'Missed Shot', 'distance_ft': '0.0', 'game_id': '0042500317', 'is_made': 'False', 'play_id': 'P0341', 'player_id': 'PL_1631119', 'quarter': '3', 'shot_type': '3PT', 'time_remaining': 'PT11M45.00S', 'timestamp': '2026-06-01T04:03:34Z', '_kafka_key': '0042500317', '_kafka_partition': 0, '_kafka_offset': 237}
2026-05-31 17:57:14 | INFO | C03 | shot_quality=Restricted Area
2026-05-31 17:57:14 | INFO | C03 | clutch_shot=False
2026-05-31 17:57:14 | INFO | C03 | points_scored=0
2026-05-31 17:57:14 | INFO | C03 | running_total_pts=109
2026-05-31 17:57:14 | INFO | C03 | MESSAGE ACCEPTED
2026-05-31 17:57:14 | INFO | C03 | play=P0341
2026-05-31 17:57:14 | INFO | C03 | points=0
2026-05-31 17:57:14 | INFO | C03 | consumed=106
2026-05-31 17:57:14 | INFO | C03 | RUNNING STATS
2026-05-31 17:57:14 | INFO | C03 | total_pts=109
2026-05-31 17:57:14 | INFO | C03 | average_pts=1.03
2026-05-31 17:57:14 | INFO | C03 | min_pts=0.00
2026-05-31 17:57:14 | INFO | C03 | max_pts=3.00
2026-05-31 17:57:15 | INFO | P03 | {
  play_id: P0342
  game_id: 0042500317
  timestamp: 2026-06-01T04:03:39Z
  player_id: PL_1630170
  action_type: Rebound
  shot_type: 2PT
  distance_ft: 0.0
  is_made: False
  quarter: 3
  time_remaining: PT11M41.00S
}
2026-05-31 17:57:15 | INFO | P03 |   Sending message with key=0042500317
2026-05-31 17:57:15 | INFO | P03 |   MESSAGE SENT  sent=239
2026-05-31 17:57:15 | INFO | C03 | {'action_type': 'Rebound', 'distance_ft': '0.0', 'game_id': '0042500317', 'is_made': 'False', 'play_id': 'P0342', 'player_id': 'PL_1630170', 'quarter': '3', 'shot_type': '2PT', 'time_remaining': 'PT11M41.00S', 'timestamp': '2026-06-01T04:03:39Z', '_kafka_key': '0042500317', '_kafka_partition': 0, '_kafka_offset': 238}
2026-05-31 17:57:15 | INFO | C03 | Skipping non-shot event: play_id=P0342, action_type=Rebound
2026-05-31 17:57:15 | WARNING | C03 | MESSAGE REJECTED
2026-05-31 17:57:15 | WARNING | C03 | play=P0342
2026-05-31 17:57:15 | WARNING | C03 | skipped=133
2026-05-31 17:57:16 | INFO | P03 | {
  play_id: P0343
  game_id: 0042500317
  timestamp: 2026-06-01T04:03:44Z
  player_id: PL_1628368
  action_type: Missed Shot
  shot_type: 3PT
  distance_ft: 0.0
  is_made: False
  quarter: 3
  time_remaining: PT11M25.00S
}
2026-05-31 17:57:16 | INFO | P03 |   Sending message with key=0042500317
2026-05-31 17:57:16 | INFO | C03 | {'action_type': 'Missed Shot', 'distance_ft': '0.0', 'game_id': '0042500317', 'is_made': 'False', 'play_id': 'P0343', 'player_id': 'PL_1628368', 'quarter': '3', 'shot_type': '3PT', 'time_remaining': 'PT11M25.00S', 'timestamp': '2026-06-01T04:03:44Z', '_kafka_key': '0042500317', '_kafka_partition': 0, '_kafka_offset': 239}
2026-05-31 17:57:16 | INFO | C03 | shot_quality=Restricted Area
2026-05-31 17:57:16 | INFO | C03 | clutch_shot=False
2026-05-31 17:57:16 | INFO | C03 | points_scored=0
2026-05-31 17:57:16 | INFO | C03 | running_total_pts=109
2026-05-31 17:57:16 | INFO | C03 | MESSAGE ACCEPTED
2026-05-31 17:57:16 | INFO | C03 | play=P0343
2026-05-31 17:57:16 | INFO | C03 | points=0
2026-05-31 17:57:16 | INFO | C03 | consumed=107
2026-05-31 17:57:16 | INFO | C03 | RUNNING STATS
2026-05-31 17:57:16 | INFO | C03 | total_pts=109
2026-05-31 17:57:16 | INFO | C03 | average_pts=1.02
2026-05-31 17:57:16 | INFO | C03 | min_pts=0.00
2026-05-31 17:57:16 | INFO | C03 | max_pts=3.00
2026-05-31 17:57:16 | INFO | P03 | {
  play_id: P0344
  game_id: 0042500317
  timestamp: 2026-06-01T04:03:49Z
  player_id: PL_1627936
  action_type: Rebound
  shot_type: 2PT
  distance_ft: 0.0
  is_made: False
  quarter: 3
  time_remaining: PT11M21.00S
}
2026-05-31 17:57:16 | INFO | P03 |   Sending message with key=0042500317
2026-05-31 17:57:16 | INFO | P03 |   MESSAGE SENT  sent=241
2026-05-31 17:57:16 | INFO | C03 | {'action_type': 'Rebound', 'distance_ft': '0.0', 'game_id': '0042500317', 'is_made': 'False', 'play_id': 'P0344', 'player_id': 'PL_1627936', 'quarter': '3', 'shot_type': '2PT', 'time_remaining': 'PT11M21.00S', 'timestamp': '2026-06-01T04:03:49Z', '_kafka_key': '0042500317', '_kafka_partition': 0, '_kafka_offset': 240}
2026-05-31 17:57:16 | INFO | C03 | Skipping non-shot event: play_id=P0344, action_type=Rebound
2026-05-31 17:57:16 | WARNING | C03 | MESSAGE REJECTED
2026-05-31 17:57:16 | WARNING | C03 | play=P0344
2026-05-31 17:57:16 | WARNING | C03 | skipped=134
2026-05-31 17:57:17 | INFO | P03 | {
  play_id: P0345
  game_id: 0042500317
  timestamp: 2026-06-01T04:03:54Z
  player_id: PL_1627936
  action_type: Missed Shot
  shot_type: 2PT
  distance_ft: 6.0
  is_made: False
  quarter: 3
  time_remaining: PT11M04.00S
}
2026-05-31 17:57:17 | INFO | P03 |   Sending message with key=0042500317
2026-05-31 17:57:17 | INFO | P03 |   MESSAGE SENT  sent=242
2026-05-31 17:57:17 | INFO | C03 | {'action_type': 'Missed Shot', 'distance_ft': '6.0', 'game_id': '0042500317', 'is_made': 'False', 'play_id': 'P0345', 'player_id': 'PL_1627936', 'quarter': '3', 'shot_type': '2PT', 'time_remaining': 'PT11M04.00S', 'timestamp': '2026-06-01T04:03:54Z', '_kafka_key': '0042500317', '_kafka_partition': 0, '_kafka_offset': 241}
2026-05-31 17:57:17 | INFO | C03 | shot_quality=Paint
2026-05-31 17:57:17 | INFO | C03 | clutch_shot=False
2026-05-31 17:57:17 | INFO | C03 | points_scored=0
2026-05-31 17:57:17 | INFO | C03 | running_total_pts=109
2026-05-31 17:57:17 | INFO | C03 | MESSAGE ACCEPTED
2026-05-31 17:57:17 | INFO | C03 | play=P0345
2026-05-31 17:57:17 | INFO | C03 | points=0
2026-05-31 17:57:17 | INFO | C03 | consumed=108
2026-05-31 17:57:17 | INFO | C03 | RUNNING STATS
2026-05-31 17:57:17 | INFO | C03 | total_pts=109
2026-05-31 17:57:17 | INFO | C03 | average_pts=1.01
2026-05-31 17:57:17 | INFO | C03 | min_pts=0.00
2026-05-31 17:57:17 | INFO | C03 | max_pts=3.00
2026-05-31 17:57:17 | INFO | P03 | {
  play_id: P0346
  game_id: 0042500317
  timestamp: 2026-06-01T04:03:59Z
  player_id: PL_1641705
  action_type: Rebound
  shot_type: 2PT
  distance_ft: 0.0
  is_made: False
  quarter: 3
  time_remaining: PT11M02.00S
}
2026-05-31 17:57:17 | INFO | P03 |   Sending message with key=0042500317
2026-05-31 17:57:17 | INFO | P03 |   MESSAGE SENT  sent=243
2026-05-31 17:57:17 | INFO | C03 | {'action_type': 'Rebound', 'distance_ft': '0.0', 'game_id': '0042500317', 'is_made': 'False', 'play_id': 'P0346', 'player_id': 'PL_1641705', 'quarter': '3', 'shot_type': '2PT', 'time_remaining': 'PT11M02.00S', 'timestamp': '2026-06-01T04:03:59Z', '_kafka_key': '0042500317', '_kafka_partition': 0, '_kafka_offset': 242}
2026-05-31 17:57:17 | INFO | C03 | Skipping non-shot event: play_id=P0346, action_type=Rebound
2026-05-31 17:57:17 | WARNING | C03 | MESSAGE REJECTED
2026-05-31 17:57:17 | WARNING | C03 | play=P0346
2026-05-31 17:57:17 | WARNING | C03 | skipped=135
2026-05-31 17:57:18 | INFO | P03 | {
  play_id: P0348
  game_id: 0042500317
  timestamp: 2026-06-01T04:04:04Z
  player_id: PL_1630170
  action_type: Made Shot
  shot_type: 2PT
  distance_ft: 9.0
  is_made: True
  quarter: 3
  time_remaining: PT10M51.00S
}
2026-05-31 17:57:18 | INFO | P03 |   Sending message with key=0042500317
2026-05-31 17:57:18 | INFO | P03 |   MESSAGE SENT  sent=244
', 'distance_ft': '9.0', 'game_id': '0042500317', 'is_made': 'True', 'play_id': 'P0348', 'player_id': 'PL_1630170', 'quarter': '3', 'shot_type': '2PT', 'time_remaining': 'PT10M51.00S', 'timestamp': '2026-06-01T04:04:04Z', '_kafka_key': '0042500317', '_kafka_partition': 0, '_kafka_offset': 243}
2026-05-31 17:57:18 | INFO | C03 | shot_quality=Paint
2026-05-31 17:57:18 | INFO | C03 | clutch_shot=False
2026-05-31 17:57:18 | INFO | C03 | points_scored=2
2026-05-31 17:57:18 | INFO | C03 | running_total_pts=111
2026-05-31 17:57:18 | INFO | C03 | MESSAGE ACCEPTED
2026-05-31 17:57:18 | INFO | C03 | play=P0348
2026-05-31 17:57:18 | INFO | C03 | points=2
2026-05-31 17:57:18 | INFO | C03 | consumed=109
2026-05-31 17:57:18 | INFO | C03 | RUNNING STATS
2026-05-31 17:57:18 | INFO | C03 | total_pts=111
2026-05-31 17:57:18 | INFO | C03 | average_pts=1.02
2026-05-31 17:57:18 | INFO | C03 | min_pts=0.00
2026-05-31 17:57:18 | INFO | C03 | max_pts=3.00
2026-05-31 17:57:18 | INFO | P03 | {
  play_id: P0350
  game_id: 0042500317
  timestamp: 2026-06-01T04:04:09Z
  player_id: PL_1631119
  action_type: Made Shot
  shot_type: 2PT
  distance_ft: 6.0
  is_made: True
  quarter: 3
  time_remaining: PT10M24.00S
}
2026-05-31 17:57:18 | INFO | P03 |   Sending message with key=0042500317
2026-05-31 17:57:18 | INFO | P03 |   MESSAGE SENT  sent=245
2026-05-31 17:57:18 | INFO | C03 | {'action_type': 'Made Shot', 'distance_ft': '6.0', 'game_id': '0042500317', 'is_made': 'True', 'play_id': 'P0350', 'player_id': 'PL_1631119', 'quarter': '3', 'shot_type': '2PT', 'time_remaining': 'PT10M24.00S', 'timestamp': '2026-06-01T04:04:09Z', '_kafka_key': '0042500317', '_kafka_partition': 0, '_kafka_offset': 244}
2026-05-31 17:57:18 | INFO | C03 | shot_quality=Paint
2026-05-31 17:57:18 | INFO | C03 | clutch_shot=False
2026-05-31 17:57:18 | INFO | C03 | points_scored=2
2026-05-31 17:57:18 | INFO | C03 | running_total_pts=113
2026-05-31 17:57:18 | INFO | C03 | MESSAGE ACCEPTED
2026-05-31 17:57:18 | INFO | C03 | play=P0350
2026-05-31 17:57:18 | INFO | C03 | points=2
2026-05-31 17:57:18 | INFO | C03 | consumed=110
2026-05-31 17:57:18 | INFO | C03 | RUNNING STATS
2026-05-31 17:57:18 | INFO | C03 | total_pts=113
2026-05-31 17:57:18 | INFO | C03 | average_pts=1.03
2026-05-31 17:57:18 | INFO | C03 | min_pts=0.00
2026-05-31 17:57:18 | INFO | C03 | max_pts=3.00
2026-05-31 17:57:19 | INFO | P03 | {
  play_id: P0352
  game_id: 0042500317
  timestamp: 2026-06-01T04:04:14Z
  player_id: PL_1641705
  action_type: Made Shot
  shot_type: 2PT
  distance_ft: 1.0
  is_made: True
  quarter: 3
  time_remaining: PT10M07.00S
}
2026-05-31 17:57:19 | INFO | P03 |   Sending message with key=0042500317
2026-05-31 17:57:19 | INFO | P03 |   MESSAGE SENT  sent=246
2026-05-31 17:57:19 | INFO | C03 | {'action_type': 'Made Shot', 'distance_ft': '1.0', 'game_id': '0042500317', 'is_made': 'True', 'play_id': 'P0352', 'player_id': 'PL_1641705', 'quarter': '3', 'shot_type': '2PT', 'time_remaining': 'PT10M07.00S', 'timestamp': '2026-06-01T04:04:14Z', '_kafka_key': '0042500317', '_kafka_partition': 0, '_kafka_offset': 245}
2026-05-31 17:57:19 | INFO | C03 | shot_quality=Restricted Area
2026-05-31 17:57:19 | INFO | C03 | clutch_shot=False
2026-05-31 17:57:19 | INFO | C03 | points_scored=2
2026-05-31 17:57:19 | INFO | C03 | running_total_pts=115
2026-05-31 17:57:19 | INFO | C03 | MESSAGE ACCEPTED
2026-05-31 17:57:19 | INFO | C03 | play=P0352
2026-05-31 17:57:19 | INFO | C03 | points=2
2026-05-31 17:57:19 | INFO | C03 | consumed=111
2026-05-31 17:57:19 | INFO | C03 | RUNNING STATS
2026-05-31 17:57:19 | INFO | C03 | total_pts=115
2026-05-31 17:57:19 | INFO | C03 | average_pts=1.04
2026-05-31 17:57:19 | INFO | C03 | min_pts=0.00
2026-05-31 17:57:19 | INFO | C03 | max_pts=3.00
2026-05-31 17:57:19 | INFO | P03 | {
  play_id: P0354
  game_id: 0042500317
  timestamp: 2026-06-01T04:04:19Z
  player_id: PL_1628983
  action_type: Missed Shot
  shot_type: 2PT
  distance_ft: 1.0
  is_made: False
  quarter: 3
  time_remaining: PT09M56.00S
}
2026-05-31 17:57:19 | INFO | P03 |   Sending message with key=0042500317
2026-05-31 17:57:19 | INFO | P03 |   MESSAGE SENT  sent=247
2026-05-31 17:57:19 | INFO | C03 | {'action_type': 'Missed Shot', 'distance_ft': '1.0', 'game_id': '0042500317', 'is_made': 'False', 'play_id': 'P0354', 'player_id': 'PL_1628983', 'quarter': '3', 'shot_type': '2PT', 'time_remaining': 'PT09M56.00S', 'timestamp': '2026-06-01T04:04:19Z', '_kafka_key': '0042500317', '_kafka_partition': 0, '_kafka_offset': 246}
2026-05-31 17:57:19 | INFO | C03 | shot_quality=Restricted Area
2026-05-31 17:57:19 | INFO | C03 | clutch_shot=False
2026-05-31 17:57:19 | INFO | C03 | points_scored=0
2026-05-31 17:57:19 | INFO | C03 | running_total_pts=115
2026-05-31 17:57:19 | INFO | C03 | MESSAGE ACCEPTED
2026-05-31 17:57:19 | INFO | C03 | play=P0354
2026-05-31 17:57:19 | INFO | C03 | points=0
2026-05-31 17:57:19 | INFO | C03 | consumed=112
2026-05-31 17:57:19 | INFO | C03 | RUNNING STATS
2026-05-31 17:57:19 | INFO | C03 | total_pts=115
2026-05-31 17:57:19 | INFO | C03 | average_pts=1.03
2026-05-31 17:57:19 | INFO | C03 | min_pts=0.00
2026-05-31 17:57:19 | INFO | C03 | max_pts=3.00
2026-05-31 17:57:20 | INFO | P03 | {
  play_id: P0354
  game_id: 0042500317
  timestamp: 2026-06-01T04:04:24Z
  player_id: PL_1641705
  action_type: Unknown
  shot_type: 2PT
  distance_ft: 0.0
  is_made: False
  quarter: 3
  time_remaining: PT09M56.00S
}
2026-05-31 17:57:20 | INFO | P03 |   Sending message with key=0042500317
2026-05-31 17:57:20 | INFO | P03 |   MESSAGE SENT  sent=248
2026-05-31 17:57:20 | INFO | C03 | {'action_type': 'Unknown', 'distance_ft': '0.0', 'game_id': '0042500317', 'is_made': 'False', 'play_id': 'P0354', 'player_id': 'PL_1641705', 'quarter': '3', 'shot_type': '2PT', 'time_remaining': 'PT09M56.00S', 'timestamp': '2026-06-01T04:04:24Z', '_kafka_key': '0042500317', '_kafka_partition': 0, '_kafka_offset': 247}
2026-05-31 17:57:20 | INFO | C03 | Skipping non-shot event: play_id=P0354, action_type=Unknown
2026-05-31 17:57:20 | WARNING | C03 | MESSAGE REJECTED
2026-05-31 17:57:20 | WARNING | C03 | play=P0354
2026-05-31 17:57:20 | WARNING | C03 | skipped=136
2026-05-31 17:57:20 | INFO | P03 | {
  play_id: P0356
  game_id: 0042500317
  timestamp: 2026-06-01T04:04:29Z
  player_id: PL_1610612760
  action_type: Rebound
  shot_type: 2PT
  distance_ft: 0.0
  is_made: False
  quarter: 3
  time_remaining: PT09M56.00S
}
2026-05-31 17:57:20 | INFO | P03 |   Sending message with key=0042500317
2026-05-31 17:57:21 | INFO | P03 |   MESSAGE SENT  sent=249
2026-05-31 17:57:21 | INFO | C03 | {'action_type': 'Rebound', 'distance_ft': '0.0', 'game_id': '0042500317', 'is_made': 'False', 'play_id': 'P0356', 'player_id': 'PL_1610612760', 'quarter': '3', 'shot_type': '2PT', 'time_remaining': 'PT09M56.00S', 'timestamp': '2026-06-01T04:04:29Z', '_kafka_key': '0042500317', '_kafka_partition': 0, '_kafka_offset': 248}
2026-05-31 17:57:21 | INFO | C03 | Skipping non-shot event: play_id=P0356, action_type=Rebound
2026-05-31 17:57:21 | WARNING | C03 | MESSAGE REJECTED
2026-05-31 17:57:21 | WARNING | C03 | play=P0356
2026-05-31 17:57:21 | WARNING | C03 | skipped=137
2026-05-31 17:57:21 | INFO | P03 | {
  play_id: P0358
  game_id: 0042500317
  timestamp: 2026-06-01T04:04:34Z
  player_id: PL_1628983
  action_type: Made Shot
  shot_type: 3PT
  distance_ft: 27.0
  is_made: True
  quarter: 3
  time_remaining: PT09M43.00S
}
2026-05-31 17:57:21 | INFO | P03 |   Sending message with key=0042500317
2026-05-31 17:57:21 | INFO | P03 |   MESSAGE SENT  sent=250
2026-05-31 17:57:21 | INFO | C03 | {'action_type': 'Made Shot', 'distance_ft': '27.0', 'game_id': '0042500317', 'is_made': 'True', 'play_id': 'P0358', 'player_id': 'PL_1628983', 'quarter': '3', 'shot_type': '3PT', 'time_remaining': 'PT09M43.00S', 'timestamp': '2026-06-01T04:04:34Z', '_kafka_key': '0042500317', '_kafka_partition': 0, '_kafka_offset': 249}
2026-05-31 17:57:21 | INFO | C03 | shot_quality=NBA Deep 3
2026-05-31 17:57:21 | INFO | C03 | clutch_shot=False
2026-05-31 17:57:21 | INFO | C03 | points_scored=3
2026-05-31 17:57:21 | INFO | C03 | running_total_pts=118
2026-05-31 17:57:21 | INFO | C03 | MESSAGE ACCEPTED
2026-05-31 17:57:21 | INFO | C03 | play=P0358
2026-05-31 17:57:21 | INFO | C03 | points=3
2026-05-31 17:57:21 | INFO | C03 | consumed=113
2026-05-31 17:57:21 | INFO | C03 | RUNNING STATS
2026-05-31 17:57:21 | INFO | C03 | total_pts=118
2026-05-31 17:57:21 | INFO | C03 | average_pts=1.04
2026-05-31 17:57:21 | INFO | C03 | min_pts=0.00
2026-05-31 17:57:21 | INFO | C03 | max_pts=3.00
2026-05-31 17:57:22 | INFO | P03 | {
  play_id: P0359
  game_id: 0042500317
  timestamp: 2026-06-01T04:04:39Z
  player_id: PL_1641705
  action_type: Missed Shot
  shot_type: 2PT
  distance_ft: 2.0
  is_made: False
  quarter: 3
  time_remaining: PT09M26.00S
}
2026-05-31 17:57:22 | INFO | P03 |   Sending message with key=0042500317
2026-05-31 17:57:22 | INFO | P03 |   MESSAGE SENT  sent=251
2026-05-31 17:57:22 | INFO | C03 | {'action_type': 'Missed Shot', 'distance_ft': '2.0', 'game_id': '0042500317', 'is_made': 'False', 'play_id': 'P0359', 'player_id': 'PL_1641705', 'quarter': '3', 'shot_type': '2PT', 'time_remaining': 'PT09M26.00S', 'timestamp': '2026-06-01T04:04:39Z', '_kafka_key': '0042500317', '_kafka_partition': 0, '_kafka_offset': 250}
2026-05-31 17:57:22 | INFO | C03 | shot_quality=Restricted Area
2026-05-31 17:57:22 | INFO | C03 | clutch_shot=False
2026-05-31 17:57:22 | INFO | C03 | points_scored=0
2026-05-31 17:57:22 | INFO | C03 | running_total_pts=118
2026-05-31 17:57:22 | INFO | C03 | MESSAGE ACCEPTED
2026-05-31 17:57:22 | INFO | C03 | play=P0359
2026-05-31 17:57:22 | INFO | C03 | points=0
2026-05-31 17:57:22 | INFO | C03 | consumed=114
2026-05-31 17:57:22 | INFO | C03 | RUNNING STATS
2026-05-31 17:57:22 | INFO | C03 | total_pts=118
2026-05-31 17:57:22 | INFO | C03 | average_pts=1.04
2026-05-31 17:57:22 | INFO | C03 | min_pts=0.00
2026-05-31 17:57:22 | INFO | C03 | max_pts=3.00
2026-05-31 17:57:22 | INFO | P03 | {
  play_id: P0360
  game_id: 0042500317
  timestamp: 2026-06-01T04:04:44Z
  player_id: PL_1610612760
  action_type: Rebound
  shot_type: 2PT
  distance_ft: 0.0
  is_made: False
  quarter: 3
  time_remaining: PT09M25.00S
}
2026-05-31 17:57:22 | INFO | P03 |   Sending message with key=0042500317
2026-05-31 17:57:22 | INFO | P03 |   MESSAGE SENT  sent=252
2026-05-31 17:57:22 | INFO | C03 | {'action_type': 'Rebound', 'distance_ft': '0.0', 'game_id': '0042500317', 'is_made': 'False', 'play_id': 'P0360', 'player_id': 'PL_1610612760', 'quarter': '3', 'shot_type': '2PT', 'time_remaining': 'PT09M25.00S', 'timestamp': '2026-06-01T04:04:44Z', '_kafka_key': '0042500317', '_kafka_partition': 0, '_kafka_offset': 251}
2026-05-31 17:57:22 | INFO | C03 | Skipping non-shot event: play_id=P0360, action_type=Rebound
2026-05-31 17:57:22 | WARNING | C03 | MESSAGE REJECTED
2026-05-31 17:57:22 | WARNING | C03 | play=P0360
2026-05-31 17:57:22 | WARNING | C03 | skipped=138
2026-05-31 17:57:23 | INFO | P03 | {
  play_id: P0362
  game_id: 0042500317
  timestamp: 2026-06-01T04:04:49Z
  player_id: PL_1627936
  action_type: Made Shot
  shot_type: 3PT
  distance_ft: 26.0
  is_made: True
  quarter: 3
  time_remaining: PT09M10.00S
}
2026-05-31 17:57:23 | INFO | P03 |   Sending message with key=0042500317
2026-05-31 17:57:23 | INFO | P03 |   MESSAGE SENT  sent=253
2026-05-31 17:57:23 | INFO | C03 | {'action_type': 'Made Shot', 'distance_ft': '26.0', 'game_id': '0042500317', 'is_made': 'True', 'play_id': 'P0362', 'player_id': 'PL_1627936', 'quarter': '3', 'shot_type': '3PT', 'time_remaining': 'PT09M10.00S', 'timestamp': '2026-06-01T04:04:49Z', '_kafka_key': '0042500317', '_kafka_partition': 0, '_kafka_offset': 252}
2026-05-31 17:57:23 | INFO | C03 | shot_quality=NBA Deep 3
2026-05-31 17:57:23 | INFO | C03 | clutch_shot=False
2026-05-31 17:57:23 | INFO | C03 | points_scored=3
2026-05-31 17:57:23 | INFO | C03 | running_total_pts=121
2026-05-31 17:57:23 | INFO | C03 | MESSAGE ACCEPTED
2026-05-31 17:57:23 | INFO | C03 | play=P0362
2026-05-31 17:57:23 | INFO | C03 | points=3
2026-05-31 17:57:23 | INFO | C03 | consumed=115
2026-05-31 17:57:23 | INFO | C03 | RUNNING STATS
2026-05-31 17:57:23 | INFO | C03 | total_pts=121
2026-05-31 17:57:23 | INFO | C03 | average_pts=1.05
2026-05-31 17:57:23 | INFO | C03 | min_pts=0.00
2026-05-31 17:57:23 | INFO | C03 | max_pts=3.00
2026-05-31 17:57:23 | INFO | P03 | {
  play_id: P0364
  game_id: 0042500317
  timestamp: 2026-06-01T04:04:54Z
  player_id: PL_1642264
  action_type: Missed Shot
  shot_type: 2PT
  distance_ft: 3.0
  is_made: False
  quarter: 3
  time_remaining: PT08M57.00S
}
2026-05-31 17:57:23 | INFO | P03 |   Sending message with key=0042500317
2026-05-31 17:57:23 | INFO | P03 |   MESSAGE SENT  sent=254
2026-05-31 17:57:23 | INFO | C03 | {'action_type': 'Missed Shot', 'distance_ft': '3.0', 'game_id': '0042500317', 'is_made': 'False', 'play_id': 'P0364', 'player_id': 'PL_1642264', 'quarter': '3', 'shot_type': '2PT', 'time_remaining': 'PT08M57.00S', 'timestamp': '2026-06-01T04:04:54Z', '_kafka_key': '0042500317', '_kafka_partition': 0, '_kafka_offset': 253}
2026-05-31 17:57:23 | INFO | C03 | shot_quality=Restricted Area
2026-05-31 17:57:23 | INFO | C03 | clutch_shot=False
2026-05-31 17:57:23 | INFO | C03 | points_scored=0
2026-05-31 17:57:23 | INFO | C03 | running_total_pts=121
2026-05-31 17:57:23 | INFO | C03 | MESSAGE ACCEPTED
2026-05-31 17:57:23 | INFO | C03 | play=P0364
2026-05-31 17:57:23 | INFO | C03 | points=0
2026-05-31 17:57:23 | INFO | C03 | consumed=116
2026-05-31 17:57:23 | INFO | C03 | RUNNING STATS
2026-05-31 17:57:23 | INFO | C03 | total_pts=121
2026-05-31 17:57:23 | INFO | C03 | average_pts=1.04
2026-05-31 17:57:23 | INFO | C03 | min_pts=0.00
2026-05-31 17:57:23 | INFO | C03 | max_pts=3.00
2026-05-31 17:57:24 | INFO | P03 | {
  play_id: P0364
  game_id: 0042500317
  timestamp: 2026-06-01T04:04:59Z
  player_id: PL_1641717
  action_type: Unknown
  shot_type: 2PT
  distance_ft: 0.0
  is_made: False
  quarter: 3
  time_remaining: PT08M57.00S
}
2026-05-31 17:57:24 | INFO | P03 |   Sending message with key=0042500317
2026-05-31 17:57:24 | INFO | P03 |   MESSAGE SENT  sent=255
2026-05-31 17:57:24 | INFO | C03 | {'action_type': 'Unknown', 'distance_ft': '0.0', 'game_id': '0042500317', 'is_made': 'False', 'play_id': 'P0364', 'player_id': 'PL_1641717', 'quarter': '3', 'shot_type': '2PT', 'time_remaining': 'PT08M57.00S', 'timestamp': '2026-06-01T04:04:59Z', '_kafka_key': '0042500317', '_kafka_partition': 0, '_kafka_offset': 254}
2026-05-31 17:57:24 | INFO | C03 | Skipping non-shot event: play_id=P0364, action_type=Unknown
2026-05-31 17:57:24 | WARNING | C03 | MESSAGE REJECTED
2026-05-31 17:57:24 | WARNING | C03 | play=P0364
2026-05-31 17:57:24 | WARNING | C03 | skipped=139
2026-05-31 17:57:24 | INFO | P03 | {
  play_id: P0366
  game_id: 0042500317
  timestamp: 2026-06-01T04:05:04Z
  player_id: PL_1610612760
  action_type: Rebound
  shot_type: 2PT
  distance_ft: 0.0
  is_made: False
  quarter: 3
  time_remaining: PT08M54.00S
}
2026-05-31 17:57:24 | INFO | P03 |   Sending message with key=0042500317
2026-05-31 17:57:24 | INFO | P03 |   MESSAGE SENT  sent=256
2026-05-31 17:57:24 | INFO | C03 | {'action_type': 'Rebound', 'distance_ft': '0.0', 'game_id': '0042500317', 'is_made': 'False', 'play_id': 'P0366', 'player_id': 'PL_1610612760', 'quarter': '3', 'shot_type': '2PT', 'time_remaining': 'PT08M54.00S', 'timestamp': '2026-06-01T04:05:04Z', '_kafka_key': '0042500317', '_kafka_partition': 0, '_kafka_offset': 255}
2026-05-31 17:57:24 | INFO | C03 | Skipping non-shot event: play_id=P0366, action_type=Rebound
2026-05-31 17:57:24 | WARNING | C03 | MESSAGE REJECTED
2026-05-31 17:57:24 | WARNING | C03 | play=P0366
2026-05-31 17:57:24 | WARNING | C03 | skipped=140
2026-05-31 17:57:25 | INFO | P03 | {
  play_id: P0368
  game_id: 0042500317
  timestamp: 2026-06-01T04:05:09Z
  player_id: PL_1642264
  action_type: Foul
  shot_type: 2PT
  distance_ft: 0.0
  is_made: False
  quarter: 3
  time_remaining: PT08M39.00S
}
2026-05-31 17:57:25 | INFO | P03 |   Sending message with key=0042500317
2026-05-31 17:57:25 | INFO | P03 |   MESSAGE SENT  sent=257
2026-05-31 17:57:25 | INFO | C03 | {'action_type': 'Foul', 'distance_ft': '0.0', 'game_id': '0042500317', 'is_made': 'False', 'play_id': 'P0368', 'player_id': 'PL_1642264', 'quarter': '3', 'shot_type': '2PT', 'time_remaining': 'PT08M39.00S', 'timestamp': '2026-06-01T04:05:09Z', '_kafka_key': '0042500317', '_kafka_partition': 0, '_kafka_offset': 256}
2026-05-31 17:57:25 | INFO | C03 | Skipping non-shot event: play_id=P0368, action_type=Foul
2026-05-31 17:57:25 | WARNING | C03 | MESSAGE REJECTED
2026-05-31 17:57:25 | WARNING | C03 | play=P0368
2026-05-31 17:57:25 | WARNING | C03 | skipped=141
2026-05-31 17:57:25 | INFO | P03 | {
  play_id: P0370
  game_id: 0042500317
  timestamp: 2026-06-01T04:05:14Z
  player_id: PL_1628983
  action_type: Free Throw
  shot_type: FT
  distance_ft: 0.0
  is_made: True
  quarter: 3
  time_remaining: PT08M39.00S
}
2026-05-31 17:57:25 | INFO | P03 |   Sending message with key=0042500317
2026-05-31 17:57:26 | INFO | P03 |   MESSAGE SENT  sent=258
2026-05-31 17:57:26 | INFO | C03 | {'action_type': 'Free Throw', 'distance_ft': '0.0', 'game_id': '0042500317', 'is_made': 'True', 'play_id': 'P0370', 'player_id': 'PL_1628983', 'quarter': '3', 'shot_type': 'FT', 'time_remaining': 'PT08M39.00S', 'timestamp': '2026-06-01T04:05:14Z', '_kafka_key': '0042500317', '_kafka_partition': 0, '_kafka_offset': 257}
2026-05-31 17:57:26 | INFO | C03 | shot_quality=Restricted Area
2026-05-31 17:57:26 | INFO | C03 | clutch_shot=False
2026-05-31 17:57:26 | INFO | C03 | points_scored=1
2026-05-31 17:57:26 | INFO | C03 | running_total_pts=122
2026-05-31 17:57:26 | INFO | C03 | MESSAGE ACCEPTED
2026-05-31 17:57:26 | INFO | C03 | play=P0370
2026-05-31 17:57:26 | INFO | C03 | points=1
2026-05-31 17:57:26 | INFO | C03 | consumed=117
2026-05-31 17:57:26 | INFO | C03 | RUNNING STATS
2026-05-31 17:57:26 | INFO | C03 | total_pts=122
2026-05-31 17:57:26 | INFO | C03 | average_pts=1.04
2026-05-31 17:57:26 | INFO | C03 | min_pts=0.00
2026-05-31 17:57:26 | INFO | C03 | max_pts=3.00
2026-05-31 17:57:26 | INFO | P03 | {
  play_id: P0371
  game_id: 0042500317
  timestamp: 2026-06-01T04:05:19Z
  player_id: PL_1631119
  action_type: Substitution
  shot_type: 2PT
  distance_ft: 0.0
  is_made: False
  quarter: 3
  time_remaining: PT08M39.00S
}
2026-05-31 17:57:26 | INFO | P03 |   Sending message with key=0042500317
2026-05-31 17:57:26 | INFO | C03 | {'action_type': 'Substitution', 'distance_ft': '0.0', 'game_id': '0042500317', 'is_made': 'False', 'play_id': 'P0371', 'player_id': 'PL_1631119', 'quarter': '3', 'shot_type': '2PT', 'time_remaining': 'PT08M39.00S', 'timestamp': '2026-06-01T04:05:19Z', '_kafka_key': '0042500317', '_kafka_partition': 0, '_kafka_offset': 258}
2026-05-31 17:57:26 | INFO | P03 |   MESSAGE SENT  sent=259
2026-05-31 17:57:26 | INFO | C03 | Skipping non-shot event: play_id=P0371, action_type=Substitution
2026-05-31 17:57:26 | WARNING | C03 | MESSAGE REJECTED
2026-05-31 17:57:26 | WARNING | C03 | play=P0371
2026-05-31 17:57:26 | WARNING | C03 | skipped=142
2026-05-31 17:57:27 | INFO | P03 | {
  play_id: P0372
  game_id: 0042500317
  timestamp: 2026-06-01T04:05:24Z
  player_id: PL_1631096
  action_type: Substitution
  shot_type: 2PT
  distance_ft: 0.0
  is_made: False
  quarter: 3
  time_remaining: PT08M39.00S
}
2026-05-31 17:57:27 | INFO | P03 |   Sending message with key=0042500317
2026-05-31 17:57:27 | INFO | P03 |   MESSAGE SENT  sent=260
2026-05-31 17:57:27 | INFO | C03 | {'action_type': 'Substitution', 'distance_ft': '0.0', 'game_id': '0042500317', 'is_made': 'False', 'play_id': 'P0372', 'player_id': 'PL_1631096', 'quarter': '3', 'shot_type': '2PT', 'time_remaining': 'PT08M39.00S', 'timestamp': '2026-06-01T04:05:24Z', '_kafka_key': '0042500317', '_kafka_partition': 0, '_kafka_offset': 259}
2026-05-31 17:57:27 | INFO | C03 | Skipping non-shot event: play_id=P0372, action_type=Substitution
2026-05-31 17:57:27 | WARNING | C03 | MESSAGE REJECTED
2026-05-31 17:57:27 | WARNING | C03 | play=P0372
2026-05-31 17:57:27 | WARNING | C03 | skipped=143
2026-05-31 17:57:27 | INFO | P03 | {
  play_id: P0373
  game_id: 0042500317
  timestamp: 2026-06-01T04:05:29Z
  player_id: PL_1627936
  action_type: Substitution
  shot_type: 2PT
  distance_ft: 0.0
  is_made: False
  quarter: 3
  time_remaining: PT08M39.00S
}
2026-05-31 17:57:27 | INFO | P03 |   Sending message with key=0042500317
2026-05-31 17:57:27 | INFO | P03 |   MESSAGE SENT  sent=261
2026-05-31 17:57:27 | INFO | C03 | {'action_type': 'Substitution', 'distance_ft': '0.0', 'game_id': '0042500317', 'is_made': 'False', 'play_id': 'P0373', 'player_id': 'PL_1627936', 'quarter': '3', 'shot_type': '2PT', 'time_remaining': 'PT08M39.00S', 'timestamp': '2026-06-01T04:05:29Z', '_kafka_key': '0042500317', '_kafka_partition': 0, '_kafka_offset': 260}
2026-05-31 17:57:27 | INFO | C03 | Skipping non-shot event: play_id=P0373, action_type=Substitution
2026-05-31 17:57:27 | WARNING | C03 | MESSAGE REJECTED
2026-05-31 17:57:27 | WARNING | C03 | play=P0373
2026-05-31 17:57:27 | WARNING | C03 | skipped=144
2026-05-31 17:57:28 | INFO | P03 | {
  play_id: P0377
  game_id: 0042500317
  timestamp: 2026-06-01T04:05:34Z
  player_id: PL_1628983
  action_type: Free Throw
  shot_type: FT
  distance_ft: 0.0
  is_made: True
  quarter: 3
  time_remaining: PT08M39.00S
}
2026-05-31 17:57:28 | INFO | P03 |   Sending message with key=0042500317
2026-05-31 17:57:28 | INFO | P03 |   MESSAGE SENT  sent=262
2026-05-31 17:57:28 | INFO | C03 | {'action_type': 'Free Throw', 'distance_ft': '0.0', 'game_id': '0042500317', 'is_made': 'True', 'play_id': 'P0377', 'player_id': 'PL_1628983', 'quarter': '3', 'shot_type': 'FT', 'time_remaining': 'PT08M39.00S', 'timestamp': '2026-06-01T04:05:34Z', '_kafka_key': '0042500317', '_kafka_partition': 0, '_kafka_offset': 261}
2026-05-31 17:57:28 | INFO | C03 | shot_quality=Restricted Area
2026-05-31 17:57:28 | INFO | C03 | clutch_shot=False
2026-05-31 17:57:28 | INFO | C03 | points_scored=1
2026-05-31 17:57:28 | INFO | C03 | running_total_pts=123
2026-05-31 17:57:28 | INFO | C03 | MESSAGE ACCEPTED
2026-05-31 17:57:28 | INFO | C03 | play=P0377
2026-05-31 17:57:28 | INFO | C03 | points=1
2026-05-31 17:57:28 | INFO | C03 | consumed=118
2026-05-31 17:57:28 | INFO | C03 | RUNNING STATS
2026-05-31 17:57:28 | INFO | C03 | total_pts=123
2026-05-31 17:57:28 | INFO | C03 | average_pts=1.04
2026-05-31 17:57:28 | INFO | C03 | min_pts=0.00
2026-05-31 17:57:28 | INFO | C03 | max_pts=3.00
2026-05-31 17:57:28 | INFO | P03 | {
  play_id: P0378
  game_id: 0042500317
  timestamp: 2026-06-01T04:05:39Z
  player_id: PL_1630577
  action_type: Made Shot
  shot_type: 3PT
  distance_ft: 0.0
  is_made: True
  quarter: 3
  time_remaining: PT08M29.00S
}
2026-05-31 17:57:28 | INFO | P03 |   Sending message with key=0042500317
2026-05-31 17:57:28 | INFO | P03 |   MESSAGE SENT  sent=263
2026-05-31 17:57:28 | INFO | C03 | {'action_type': 'Made Shot', 'distance_ft': '0.0', 'game_id': '0042500317', 'is_made': 'True', 'play_id': 'P0378', 'player_id': 'PL_1630577', 'quarter': '3', 'shot_type': '3PT', 'time_remaining': 'PT08M29.00S', 'timestamp': '2026-06-01T04:05:39Z', '_kafka_key': '0042500317', '_kafka_partition': 0, '_kafka_offset': 262}
2026-05-31 17:57:28 | INFO | C03 | shot_quality=Restricted Area
2026-05-31 17:57:28 | INFO | C03 | clutch_shot=False
2026-05-31 17:57:28 | INFO | C03 | points_scored=3
2026-05-31 17:57:28 | INFO | C03 | running_total_pts=126
2026-05-31 17:57:28 | INFO | C03 | MESSAGE ACCEPTED
2026-05-31 17:57:28 | INFO | C03 | play=P0378
2026-05-31 17:57:28 | INFO | C03 | points=3
2026-05-31 17:57:28 | INFO | C03 | consumed=119
2026-05-31 17:57:28 | INFO | C03 | RUNNING STATS
2026-05-31 17:57:28 | INFO | C03 | total_pts=126
2026-05-31 17:57:28 | INFO | C03 | average_pts=1.06
2026-05-31 17:57:28 | INFO | C03 | min_pts=0.00
2026-05-31 17:57:28 | INFO | C03 | max_pts=3.00
2026-05-31 17:57:29 | INFO | P03 | {
  play_id: P0380
  game_id: 0042500317
  timestamp: 2026-06-01T04:05:44Z
  player_id: PL_1641717
  action_type: Turnover
  shot_type: 2PT
  distance_ft: 0.0
  is_made: False
  quarter: 3
  time_remaining: PT08M09.00S
}
2026-05-31 17:57:29 | INFO | P03 |   Sending message with key=0042500317
2026-05-31 17:57:29 | INFO | P03 |   MESSAGE SENT  sent=264
2026-05-31 17:57:29 | INFO | C03 | {'action_type': 'Turnover', 'distance_ft': '0.0', 'game_id': '0042500317', 'is_made': 'False', 'play_id': 'P0380', 'player_id': 'PL_1641717', 'quarter': '3', 'shot_type': '2PT', 'time_remaining': 'PT08M09.00S', 'timestamp': '2026-06-01T04:05:44Z', '_kafka_key': '0042500317', '_kafka_partition': 0, '_kafka_offset': 263}
2026-05-31 17:57:29 | INFO | C03 | Skipping non-shot event: play_id=P0380, action_type=Turnover
2026-05-31 17:57:29 | WARNING | C03 | MESSAGE REJECTED
2026-05-31 17:57:29 | WARNING | C03 | play=P0380
2026-05-31 17:57:29 | WARNING | C03 | skipped=145
2026-05-31 17:57:29 | INFO | P03 | {
  play_id: P0380
  game_id: 0042500317
  timestamp: 2026-06-01T04:05:49Z
  player_id: PL_1628368
  action_type: Unknown
  shot_type: 2PT
  distance_ft: 0.0
  is_made: False
  quarter: 3
  time_remaining: PT08M09.00S
}
2026-05-31 17:57:29 | INFO | P03 |   Sending message with key=0042500317
2026-05-31 17:57:29 | INFO | P03 |   MESSAGE SENT  sent=265
2026-05-31 17:57:29 | INFO | C03 | {'action_type': 'Unknown', 'distance_ft': '0.0', 'game_id': '0042500317', 'is_made': 'False', 'play_id': 'P0380', 'player_id': 'PL_1628368', 'quarter': '3', 'shot_type': '2PT', 'time_remaining': 'PT08M09.00S', 'timestamp': '2026-06-01T04:05:49Z', '_kafka_key': '0042500317', '_kafka_partition': 0, '_kafka_offset': 264}
2026-05-31 17:57:29 | INFO | C03 | Skipping non-shot event: play_id=P0380, action_type=Unknown
2026-05-31 17:57:29 | WARNING | C03 | MESSAGE REJECTED
2026-05-31 17:57:29 | WARNING | C03 | play=P0380
2026-05-31 17:57:29 | WARNING | C03 | skipped=146
2026-05-31 17:57:30 | INFO | P03 | {
  play_id: P0382
  game_id: 0042500317
  timestamp: 2026-06-01T04:05:54Z
  player_id: PL_1628368
  action_type: Turnover
  shot_type: 2PT
  distance_ft: 0.0
  is_made: False
  quarter: 3
  time_remaining: PT08M04.00S
}
2026-05-31 17:57:30 | INFO | P03 |   Sending message with key=0042500317
2026-05-31 17:57:30 | INFO | P03 |   MESSAGE SENT  sent=266
2026-05-31 17:57:30 | INFO | C03 | {'action_type': 'Turnover', 'distance_ft': '0.0', 'game_id': '0042500317', 'is_made': 'False', 'play_id': 'P0382', 'player_id': 'PL_1628368', 'quarter': '3', 'shot_type': '2PT', 'time_remaining': 'PT08M04.00S', 'timestamp': '2026-06-01T04:05:54Z', '_kafka_key': '0042500317', '_kafka_partition': 0, '_kafka_offset': 265}
2026-05-31 17:57:30 | INFO | C03 | Skipping non-shot event: play_id=P0382, action_type=Turnover
2026-05-31 17:57:30 | WARNING | C03 | MESSAGE REJECTED
2026-05-31 17:57:30 | WARNING | C03 | play=P0382
2026-05-31 17:57:30 | WARNING | C03 | skipped=147
2026-05-31 17:57:30 | INFO | P03 | {
  play_id: P0382
  game_id: 0042500317
  timestamp: 2026-06-01T04:05:59Z
  player_id: PL_1628983
  action_type: Unknown
  shot_type: 2PT
  distance_ft: 0.0
  is_made: False
  quarter: 3
  time_remaining: PT08M04.00S
}
2026-05-31 17:57:30 | INFO | P03 |   Sending message with key=0042500317
2026-05-31 17:57:30 | INFO | P03 |   MESSAGE SENT  sent=267
2026-05-31 17:57:30 | INFO | C03 | {'action_type': 'Unknown', 'distance_ft': '0.0', 'game_id': '0042500317', 'is_made': 'False', 'play_id': 'P0382', 'player_id': 'PL_1628983', 'quarter': '3', 'shot_type': '2PT', 'time_remaining': 'PT08M04.00S', 'timestamp': '2026-06-01T04:05:59Z', '_kafka_key': '0042500317', '_kafka_partition': 0, '_kafka_offset': 266}
2026-05-31 17:57:31 | INFO | C03 | Skipping non-shot event: play_id=P0382, action_type=Unknown
2026-05-31 17:57:31 | WARNING | C03 | MESSAGE REJECTED
2026-05-31 17:57:31 | WARNING | C03 | play=P0382
2026-05-31 17:57:31 | WARNING | C03 | skipped=148
2026-05-31 17:57:31 | INFO | P03 | {
  play_id: P0384
  game_id: 0042500317
  timestamp: 2026-06-01T04:06:04Z
  player_id: PL_1610612760
  action_type: Timeout
  shot_type: 2PT
  distance_ft: 0.0
  is_made: False
  quarter: 3
  time_remaining: PT08M03.00S
}
2026-05-31 17:57:31 | INFO | P03 |   Sending message with key=0042500317
2026-05-31 17:57:31 | INFO | P03 |   MESSAGE SENT  sent=268
2026-05-31 17:57:31 | INFO | C03 | {'action_type': 'Timeout', 'distance_ft': '0.0', 'game_id': '0042500317', 'is_made': 'False', 'play_id': 'P0384', 'player_id': 'PL_1610612760', 'quarter': '3', 'shot_type': '2PT', 'time_remaining': 'PT08M03.00S', 'timestamp': '2026-06-01T04:06:04Z', '_kafka_key': '0042500317', '_kafka_partition': 0, '_kafka_offset': 267}
2026-05-31 17:57:31 | INFO | C03 | Skipping non-shot event: play_id=P0384, action_type=Timeout
2026-05-31 17:57:31 | WARNING | C03 | MESSAGE REJECTED
2026-05-31 17:57:31 | WARNING | C03 | play=P0384
2026-05-31 17:57:31 | WARNING | C03 | skipped=149
2026-05-31 17:57:32 | INFO | P03 | {
  play_id: P0386
  game_id: 0042500317
  timestamp: 2026-06-01T04:06:09Z
  player_id: PL_1641705
  action_type: Violation
  shot_type: 2PT
  distance_ft: 0.0
  is_made: False
  quarter: 3
  time_remaining: PT07M50.00S
}
2026-05-31 17:57:32 | INFO | P03 |   Sending message with key=0042500317
2026-05-31 17:57:32 | INFO | P03 |   MESSAGE SENT  sent=269
2026-05-31 17:57:32 | INFO | C03 | {'action_type': 'Violation', 'distance_ft': '0.0', 'game_id': '0042500317', 'is_made': 'False', 'play_id': 'P0386', 'player_id': 'PL_1641705', 'quarter': '3', 'shot_type': '2PT', 'time_remaining': 'PT07M50.00S', 'timestamp': '2026-06-01T04:06:09Z', '_kafka_key': '0042500317', '_kafka_partition': 0, '_kafka_offset': 268}
2026-05-31 17:57:32 | INFO | C03 | Skipping non-shot event: play_id=P0386, action_type=Violation
2026-05-31 17:57:32 | WARNING | C03 | MESSAGE REJECTED
2026-05-31 17:57:32 | WARNING | C03 | play=P0386
2026-05-31 17:57:32 | WARNING | C03 | skipped=150
2026-05-31 17:57:32 | INFO | P03 | {
  play_id: P0387
  game_id: 0042500317
  timestamp: 2026-06-01T04:06:14Z
  player_id: PL_1628392
  action_type: Missed Shot
  shot_type: 2PT
  distance_ft: 14.0
  is_made: False
  quarter: 3
  time_remaining: PT07M46.00S
}
2026-05-31 17:57:32 | INFO | P03 |   Sending message with key=0042500317
2026-05-31 17:57:32 | INFO | C03 | {'action_type': 'Missed Shot', 'distance_ft': '14.0', 'game_id': '0042500317', 'is_made': 'False', 'play_id': 'P0387', 'player_id': 'PL_1628392', 'quarter': '3', 'shot_type': '2PT', 'time_remaining': 'PT07M46.00S', 'timestamp': '2026-06-01T04:06:14Z', '_kafka_key': '0042500317', '_kafka_partition': 0, '_kafka_offset': 269}
2026-05-31 17:57:32 | INFO | C03 | shot_quality=Paint
2026-05-31 17:57:32 | INFO | C03 | clutch_shot=False
2026-05-31 17:57:32 | INFO | C03 | points_scored=0
2026-05-31 17:57:32 | INFO | C03 | running_total_pts=126
2026-05-31 17:57:32 | INFO | C03 | MESSAGE ACCEPTED
2026-05-31 17:57:32 | INFO | C03 | play=P0387
2026-05-31 17:57:32 | INFO | C03 | points=0
2026-05-31 17:57:32 | INFO | C03 | consumed=120
2026-05-31 17:57:32 | INFO | C03 | RUNNING STATS
2026-05-31 17:57:32 | INFO | C03 | total_pts=126
2026-05-31 17:57:32 | INFO | C03 | average_pts=1.05
2026-05-31 17:57:32 | INFO | C03 | min_pts=0.00
2026-05-31 17:57:32 | INFO | C03 | max_pts=3.00
2026-05-31 17:57:33 | INFO | P03 | {
  play_id: P0388
  game_id: 0042500317
  timestamp: 2026-06-01T04:06:19Z
  player_id: PL_1641705
  action_type: Rebound
  shot_type: 2PT
  distance_ft: 0.0
  is_made: False
  quarter: 3
  time_remaining: PT07M43.00S
}
2026-05-31 17:57:33 | INFO | P03 |   Sending message with key=0042500317
2026-05-31 17:57:33 | INFO | P03 |   MESSAGE SENT  sent=271
2026-05-31 17:57:33 | INFO | C03 | {'action_type': 'Rebound', 'distance_ft': '0.0', 'game_id': '0042500317', 'is_made': 'False', 'play_id': 'P0388', 'player_id': 'PL_1641705', 'quarter': '3', 'shot_type': '2PT', 'time_remaining': 'PT07M43.00S', 'timestamp': '2026-06-01T04:06:19Z', '_kafka_key': '0042500317', '_kafka_partition': 0, '_kafka_offset': 270}
2026-05-31 17:57:33 | INFO | C03 | Skipping non-shot event: play_id=P0388, action_type=Rebound
2026-05-31 17:57:33 | WARNING | C03 | MESSAGE REJECTED
2026-05-31 17:57:33 | WARNING | C03 | play=P0388
2026-05-31 17:57:33 | WARNING | C03 | skipped=151
2026-05-31 17:57:33 | INFO | P03 | {
  play_id: P0389
  game_id: 0042500317
  timestamp: 2026-06-01T04:06:24Z
  player_id: PL_1629652
  action_type: Foul
  shot_type: 2PT
  distance_ft: 0.0
  is_made: False
  quarter: 3
  time_remaining: PT07M33.00S
}
2026-05-31 17:57:33 | INFO | P03 |   Sending message with key=0042500317
2026-05-31 17:57:33 | INFO | P03 |   MESSAGE SENT  sent=272
2026-05-31 17:57:33 | INFO | C03 | {'action_type': 'Foul', 'distance_ft': '0.0', 'game_id': '0042500317', 'is_made': 'False', 'play_id': 'P0389', 'player_id': 'PL_1629652', 'quarter': '3', 'shot_type': '2PT', 'time_remaining': 'PT07M33.00S', 'timestamp': '2026-06-01T04:06:24Z', '_kafka_key': '0042500317', '_kafka_partition': 0, '_kafka_offset': 271}
2026-05-31 17:57:33 | INFO | C03 | Skipping non-shot event: play_id=P0389, action_type=Foul
2026-05-31 17:57:33 | WARNING | C03 | MESSAGE REJECTED
2026-05-31 17:57:33 | WARNING | C03 | play=P0389
2026-05-31 17:57:33 | WARNING | C03 | skipped=152
2026-05-31 17:57:34 | INFO | P03 | {
  play_id: P0391
  game_id: 0042500317
  timestamp: 2026-06-01T04:06:29Z
  player_id: PL_1630577
  action_type: Free Throw
  shot_type: FT
  distance_ft: 0.0
  is_made: True
  quarter: 3
  time_remaining: PT07M33.00S
}
2026-05-31 17:57:34 | INFO | P03 |   Sending message with key=0042500317
2026-05-31 17:57:34 | INFO | P03 |   MESSAGE SENT  sent=273
2026-05-31 17:57:34 | INFO | C03 | {'action_type': 'Free Throw', 'distance_ft': '0.0', 'game_id': '0042500317', 'is_made': 'True', 'play_id': 'P0391', 'player_id': 'PL_1630577', 'quarter': '3', 'shot_type': 'FT', 'time_remaining': 'PT07M33.00S', 'timestamp': '2026-06-01T04:06:29Z', '_kafka_key': '0042500317', '_kafka_partition': 0, '_kafka_offset': 272}
2026-05-31 17:57:34 | INFO | C03 | shot_quality=Restricted Area
2026-05-31 17:57:34 | INFO | C03 | clutch_shot=False
2026-05-31 17:57:34 | INFO | C03 | points_scored=1
2026-05-31 17:57:34 | INFO | C03 | running_total_pts=127
2026-05-31 17:57:34 | INFO | C03 | MESSAGE ACCEPTED
2026-05-31 17:57:34 | INFO | C03 | play=P0391
2026-05-31 17:57:34 | INFO | C03 | points=1
2026-05-31 17:57:34 | INFO | C03 | consumed=121
2026-05-31 17:57:34 | INFO | C03 | RUNNING STATS
2026-05-31 17:57:34 | INFO | C03 | total_pts=127
2026-05-31 17:57:34 | INFO | C03 | average_pts=1.05
2026-05-31 17:57:34 | INFO | C03 | min_pts=0.00
2026-05-31 17:57:34 | INFO | C03 | max_pts=3.00
2026-05-31 17:57:34 | INFO | P03 | {
  play_id: P0392
  game_id: 0042500317
  timestamp: 2026-06-01T04:06:34Z
  player_id: PL_1630577
  action_type: Free Throw
  shot_type: FT
  distance_ft: 0.0
  is_made: False
  quarter: 3
  time_remaining: PT07M33.00S
}
2026-05-31 17:57:34 | INFO | P03 |   Sending message with key=0042500317
2026-05-31 17:57:34 | INFO | C03 | {'action_type': 'Free Throw', 'distance_ft': '0.0', 'game_id': '0042500317', 'is_made': 'False', 'play_id': 'P0392', 'player_id': 'PL_1630577', 'quarter': '3', 'shot_type': 'FT', 'time_remaining': 'PT07M33.00S', 'timestamp': '2026-06-01T04:06:34Z', '_kafka_key': '0042500317', '_kafka_partition': 0, '_kafka_offset': 273}
2026-05-31 17:57:34 | INFO | P03 |   MESSAGE SENT  sent=274
2026-05-31 17:57:34 | INFO | C03 | shot_quality=Restricted Area
2026-05-31 17:57:34 | INFO | C03 | clutch_shot=False
2026-05-31 17:57:34 | INFO | C03 | points_scored=0
2026-05-31 17:57:34 | INFO | C03 | running_total_pts=127
2026-05-31 17:57:34 | INFO | C03 | MESSAGE ACCEPTED
2026-05-31 17:57:34 | INFO | C03 | play=P0392
2026-05-31 17:57:34 | INFO | C03 | points=0
2026-05-31 17:57:34 | INFO | C03 | consumed=122
2026-05-31 17:57:34 | INFO | C03 | RUNNING STATS
2026-05-31 17:57:34 | INFO | C03 | total_pts=127
2026-05-31 17:57:34 | INFO | C03 | average_pts=1.04
2026-05-31 17:57:34 | INFO | C03 | min_pts=0.00
2026-05-31 17:57:34 | INFO | C03 | max_pts=3.00
2026-05-31 17:57:35 | INFO | P03 | {
  play_id: P0393
  game_id: 0042500317
  timestamp: 2026-06-01T04:06:39Z
  player_id: PL_1610612759
  action_type: Rebound
  shot_type: 2PT
  distance_ft: 0.0
  is_made: False
  quarter: 3
  time_remaining: PT07M33.00S
}
2026-05-31 17:57:35 | INFO | P03 |   Sending message with key=0042500317
2026-05-31 17:57:35 | INFO | P03 |   MESSAGE SENT  sent=275
2026-05-31 17:57:35 | INFO | C03 | {'action_type': 'Rebound', 'distance_ft': '0.0', 'game_id': '0042500317', 'is_made': 'False', 'play_id': 'P0393', 'player_id': 'PL_1610612759', 'quarter': '3', 'shot_type': '2PT', 'time_remaining': 'PT07M33.00S', 'timestamp': '2026-06-01T04:06:39Z', '_kafka_key': '0042500317', '_kafka_partition': 0, '_kafka_offset': 274}
2026-05-31 17:57:35 | INFO | C03 | Skipping non-shot event: play_id=P0393, action_type=Rebound
2026-05-31 17:57:35 | WARNING | C03 | MESSAGE REJECTED
2026-05-31 17:57:35 | WARNING | C03 | play=P0393
2026-05-31 17:57:35 | WARNING | C03 | skipped=153
2026-05-31 17:57:35 | INFO | P03 | {
  play_id: P0394
  game_id: 0042500317
  timestamp: 2026-06-01T04:06:44Z
  player_id: PL_1630577
  action_type: Free Throw
  shot_type: FT
  distance_ft: 0.0
  is_made: True
  quarter: 3
  time_remaining: PT07M33.00S
}
2026-05-31 17:57:35 | INFO | P03 |   Sending message with key=0042500317
2026-05-31 17:57:35 | INFO | P03 |   MESSAGE SENT  sent=276
2026-05-31 17:57:35 | INFO | C03 | {'action_type': 'Free Throw', 'distance_ft': '0.0', 'game_id': '0042500317', 'is_made': 'True', 'play_id': 'P0394', 'player_id': 'PL_1630577', 'quarter': '3', 'shot_type': 'FT', 'time_remaining': 'PT07M33.00S', 'timestamp': '2026-06-01T04:06:44Z', '_kafka_key': '0042500317', '_kafka_partition': 0, '_kafka_offset': 275}
2026-05-31 17:57:35 | INFO | C03 | shot_quality=Restricted Area
2026-05-31 17:57:36 | INFO | C03 | clutch_shot=False
2026-05-31 17:57:36 | INFO | C03 | points_scored=1
2026-05-31 17:57:36 | INFO | C03 | running_total_pts=128
2026-05-31 17:57:36 | INFO | C03 | MESSAGE ACCEPTED
2026-05-31 17:57:36 | INFO | C03 | play=P0394
2026-05-31 17:57:36 | INFO | C03 | points=1
2026-05-31 17:57:36 | INFO | C03 | consumed=123
2026-05-31 17:57:36 | INFO | C03 | RUNNING STATS
2026-05-31 17:57:36 | INFO | C03 | total_pts=128
2026-05-31 17:57:36 | INFO | C03 | average_pts=1.04
2026-05-31 17:57:36 | INFO | C03 | min_pts=0.00
2026-05-31 17:57:36 | INFO | C03 | max_pts=3.00
2026-05-31 17:57:36 | INFO | P03 | {
  play_id: P0395
  game_id: 0042500317
  timestamp: 2026-06-01T04:06:49Z
  player_id: PL_1642272
  action_type: Foul
  shot_type: 2PT
  distance_ft: 0.0
  is_made: False
  quarter: 3
  time_remaining: PT07M25.00S
}
2026-05-31 17:57:36 | INFO | P03 |   Sending message with key=0042500317
2026-05-31 17:57:36 | INFO | C03 | {'action_type': 'Foul', 'distance_ft': '0.0', 'game_id': '0042500317', 'is_made': 'False', 'play_id': 'P0395', 'player_id': 'PL_1642272', 'quarter': '3', 'shot_type': '2PT', 'time_remaining': 'PT07M25.00S', 'timestamp': '2026-06-01T04:06:49Z', '_kafka_key': '0042500317', '_kafka_partition': 0, '_kafka_offset': 276}
2026-05-31 17:57:36 | INFO | P03 |   MESSAGE SENT  sent=277
2026-05-31 17:57:36 | INFO | C03 | Skipping non-shot event: play_id=P0395, action_type=Foul
2026-05-31 17:57:36 | WARNING | C03 | MESSAGE REJECTED
2026-05-31 17:57:36 | WARNING | C03 | play=P0395
2026-05-31 17:57:36 | WARNING | C03 | skipped=154
2026-05-31 17:57:37 | INFO | P03 | {
  play_id: P0397
  game_id: 0042500317
  timestamp: 2026-06-01T04:06:54Z
  player_id: PL_1642272
  action_type: Turnover
  shot_type: 2PT
  distance_ft: 0.0
  is_made: False
  quarter: 3
  time_remaining: PT07M25.00S
}
2026-05-31 17:57:37 | INFO | P03 |   Sending message with key=0042500317
2026-05-31 17:57:37 | INFO | P03 |   MESSAGE SENT  sent=278
2026-05-31 17:57:37 | INFO | C03 | {'action_type': 'Turnover', 'distance_ft': '0.0', 'game_id': '0042500317', 'is_made': 'False', 'play_id': 'P0397', 'player_id': 'PL_1642272', 'quarter': '3', 'shot_type': '2PT', 'time_remaining': 'PT07M25.00S', 'timestamp': '2026-06-01T04:06:54Z', '_kafka_key': '0042500317', '_kafka_partition': 0, '_kafka_offset': 277}
2026-05-31 17:57:37 | INFO | C03 | Skipping non-shot event: play_id=P0397, action_type=Turnover
2026-05-31 17:57:37 | WARNING | C03 | MESSAGE REJECTED
2026-05-31 17:57:37 | WARNING | C03 | play=P0397
2026-05-31 17:57:37 | WARNING | C03 | skipped=155
2026-05-31 17:57:37 | INFO | P03 | {
  play_id: P0398
  game_id: 0042500317
  timestamp: 2026-06-01T04:06:59Z
  player_id: PL_1641717
  action_type: Substitution
  shot_type: 2PT
  distance_ft: 0.0
  is_made: False
  quarter: 3
  time_remaining: PT07M25.00S
}
2026-05-31 17:57:37 | INFO | P03 |   Sending message with key=0042500317
2026-05-31 17:57:37 | INFO | C03 | {'action_type': 'Substitution', 'distance_ft': '0.0', 'game_id': '0042500317', 'is_made': 'False', 'play_id': 'P0398', 'player_id': 'PL_1641717', 'quarter': '3', 'shot_type': '2PT', 'time_remaining': 'PT07M25.00S', 'timestamp': '2026-06-01T04:06:59Z', '_kafka_key': '0042500317', '_kafka_partition': 0, '_kafka_offset': 278}
2026-05-31 17:57:37 | INFO | P03 |   MESSAGE SENT  sent=279
2026-05-31 17:57:37 | INFO | C03 | Skipping non-shot event: play_id=P0398, action_type=Substitution
2026-05-31 17:57:37 | WARNING | C03 | MESSAGE REJECTED
2026-05-31 17:57:37 | WARNING | C03 | play=P0398
2026-05-31 17:57:37 | WARNING | C03 | skipped=156
2026-05-31 17:57:38 | INFO | P03 | {
  play_id: P0399
  game_id: 0042500317
  timestamp: 2026-06-01T04:07:04Z
  player_id: PL_1628368
  action_type: Substitution
  shot_type: 2PT
  distance_ft: 0.0
  is_made: False
  quarter: 3
  time_remaining: PT07M25.00S
}
2026-05-31 17:57:38 | INFO | P03 |   Sending message with key=0042500317
2026-05-31 17:57:38 | INFO | P03 |   MESSAGE SENT  sent=280
2026-05-31 17:57:38 | INFO | C03 | {'action_type': 'Substitution', 'distance_ft': '0.0', 'game_id': '0042500317', 'is_made': 'False', 'play_id': 'P0399', 'player_id': 'PL_1628368', 'quarter': '3', 'shot_type': '2PT', 'time_remaining': 'PT07M25.00S', 'timestamp': '2026-06-01T04:07:04Z', '_kafka_key': '0042500317', '_kafka_partition': 0, '_kafka_offset': 279}
2026-05-31 17:57:38 | INFO | C03 | Skipping non-shot event: play_id=P0399, action_type=Substitution
2026-05-31 17:57:38 | WARNING | C03 | MESSAGE REJECTED
2026-05-31 17:57:38 | WARNING | C03 | play=P0399
2026-05-31 17:57:38 | WARNING | C03 | skipped=157
2026-05-31 17:57:38 | INFO | P03 | {
  play_id: P0400
  game_id: 0042500317
  timestamp: 2026-06-01T04:07:09Z
  player_id: PL_1630170
  action_type: Substitution
  shot_type: 2PT
  distance_ft: 0.0
  is_made: False
  quarter: 3
  time_remaining: PT07M25.00S
}
2026-05-31 17:57:38 | INFO | P03 |   Sending message with key=0042500317
2026-05-31 17:57:38 | INFO | P03 |   MESSAGE SENT  sent=281
2026-05-31 17:57:38 | INFO | C03 | {'action_type': 'Substitution', 'distance_ft': '0.0', 'game_id': '0042500317', 'is_made': 'False', 'play_id': 'P0400', 'player_id': 'PL_1630170', 'quarter': '3', 'shot_type': '2PT', 'time_remaining': 'PT07M25.00S', 'timestamp': '2026-06-01T04:07:09Z', '_kafka_key': '0042500317', '_kafka_partition': 0, '_kafka_offset': 280}
2026-05-31 17:57:38 | INFO | C03 | Skipping non-shot event: play_id=P0400, action_type=Substitution
2026-05-31 17:57:38 | WARNING | C03 | MESSAGE REJECTED
2026-05-31 17:57:38 | WARNING | C03 | play=P0400
2026-05-31 17:57:38 | WARNING | C03 | skipped=158
2026-05-31 17:57:39 | INFO | P03 | {
  play_id: P0404
  game_id: 0042500317
  timestamp: 2026-06-01T04:07:14Z
  player_id: PL_1630577
  action_type: Made Shot
  shot_type: 3PT
  distance_ft: 26.0
  is_made: True
  quarter: 3
  time_remaining: PT07M16.00S
}
2026-05-31 17:57:39 | INFO | P03 |   Sending message with key=0042500317
2026-05-31 17:57:39 | INFO | P03 |   MESSAGE SENT  sent=282
2026-05-31 17:57:39 | INFO | C03 | {'action_type': 'Made Shot', 'distance_ft': '26.0', 'game_id': '0042500317', 'is_made': 'True', 'play_id': 'P0404', 'player_id': 'PL_1630577', 'quarter': '3', 'shot_type': '3PT', 'time_remaining': 'PT07M16.00S', 'timestamp': '2026-06-01T04:07:14Z', '_kafka_key': '0042500317', '_kafka_partition': 0, '_kafka_offset': 281}
2026-05-31 17:57:39 | INFO | C03 | shot_quality=NBA Deep 3
2026-05-31 17:57:39 | INFO | C03 | clutch_shot=False
2026-05-31 17:57:39 | INFO | C03 | points_scored=3
2026-05-31 17:57:39 | INFO | C03 | running_total_pts=131
2026-05-31 17:57:39 | INFO | C03 | MESSAGE ACCEPTED
2026-05-31 17:57:39 | INFO | C03 | play=P0404
2026-05-31 17:57:39 | INFO | C03 | points=3
2026-05-31 17:57:39 | INFO | C03 | consumed=124
2026-05-31 17:57:39 | INFO | C03 | RUNNING STATS
2026-05-31 17:57:39 | INFO | C03 | total_pts=131
2026-05-31 17:57:39 | INFO | C03 | average_pts=1.06
2026-05-31 17:57:39 | INFO | C03 | min_pts=0.00
2026-05-31 17:57:39 | INFO | C03 | max_pts=3.00
2026-05-31 17:57:39 | INFO | P03 | {
  play_id: P0406
  game_id: 0042500317
  timestamp: 2026-06-01T04:07:19Z
  player_id: PL_1628983
  action_type: Made Shot
  shot_type: 2PT
  distance_ft: 13.0
  is_made: True
  quarter: 3
  time_remaining: PT07M04.00S
}
2026-05-31 17:57:39 | INFO | P03 |   Sending message with key=0042500317
2026-05-31 17:57:39 | INFO | P03 |   MESSAGE SENT  sent=283
2026-05-31 17:57:39 | INFO | C03 | {'action_type': 'Made Shot', 'distance_ft': '13.0', 'game_id': '0042500317', 'is_made': 'True', 'play_id': 'P0406', 'player_id': 'PL_1628983', 'quarter': '3', 'shot_type': '2PT', 'time_remaining': 'PT07M04.00S', 'timestamp': '2026-06-01T04:07:19Z', '_kafka_key': '0042500317', '_kafka_partition': 0, '_kafka_offset': 282}
2026-05-31 17:57:39 | INFO | C03 | shot_quality=Paint
2026-05-31 17:57:39 | INFO | C03 | clutch_shot=False
2026-05-31 17:57:39 | INFO | C03 | points_scored=2
2026-05-31 17:57:39 | INFO | C03 | running_total_pts=133
2026-05-31 17:57:39 | INFO | C03 | MESSAGE ACCEPTED
2026-05-31 17:57:39 | INFO | C03 | play=P0406
2026-05-31 17:57:39 | INFO | C03 | points=2
2026-05-31 17:57:39 | INFO | C03 | consumed=125
2026-05-31 17:57:39 | INFO | C03 | RUNNING STATS
2026-05-31 17:57:39 | INFO | C03 | total_pts=133
2026-05-31 17:57:39 | INFO | C03 | average_pts=1.06
2026-05-31 17:57:39 | INFO | C03 | min_pts=0.00
2026-05-31 17:57:39 | INFO | C03 | max_pts=3.00
2026-05-31 17:57:40 | INFO | P03 | {
  play_id: P0408
  game_id: 0042500317
  timestamp: 2026-06-01T04:07:24Z
  player_id: PL_1629640
  action_type: Missed Shot
  shot_type: 3PT
  distance_ft: 0.0
  is_made: False
  quarter: 3
  time_remaining: PT06M50.00S
}
2026-05-31 17:57:40 | INFO | P03 |   Sending message with key=0042500317
2026-05-31 17:57:40 | INFO | P03 |   MESSAGE SENT  sent=284
2026-05-31 17:57:40 | INFO | C03 | {'action_type': 'Missed Shot', 'distance_ft': '0.0', 'game_id': '0042500317', 'is_made': 'False', 'play_id': 'P0408', 'player_id': 'PL_1629640', 'quarter': '3', 'shot_type': '3PT', 'time_remaining': 'PT06M50.00S', 'timestamp': '2026-06-01T04:07:24Z', '_kafka_key': '0042500317', '_kafka_partition': 0, '_kafka_offset': 283}
2026-05-31 17:57:40 | INFO | C03 | shot_quality=Restricted Area
2026-05-31 17:57:40 | INFO | C03 | clutch_shot=False
2026-05-31 17:57:40 | INFO | C03 | points_scored=0
2026-05-31 17:57:40 | INFO | C03 | running_total_pts=133
2026-05-31 17:57:40 | INFO | C03 | MESSAGE ACCEPTED
2026-05-31 17:57:40 | INFO | C03 | play=P0408
2026-05-31 17:57:40 | INFO | C03 | points=0
2026-05-31 17:57:40 | INFO | C03 | consumed=126
2026-05-31 17:57:40 | INFO | C03 | RUNNING STATS
2026-05-31 17:57:40 | INFO | C03 | total_pts=133
2026-05-31 17:57:40 | INFO | C03 | average_pts=1.06
2026-05-31 17:57:40 | INFO | C03 | min_pts=0.00
2026-05-31 17:57:40 | INFO | C03 | max_pts=3.00
2026-05-31 17:57:41 | INFO | P03 | {
  play_id: P0409
  game_id: 0042500317
  timestamp: 2026-06-01T04:07:29Z
  player_id: PL_1630577
  action_type: Rebound
  shot_type: 2PT
  distance_ft: 0.0
  is_made: False
  quarter: 3
  time_remaining: PT06M46.00S
}
2026-05-31 17:57:41 | INFO | P03 |   Sending message with key=0042500317
2026-05-31 17:57:41 | INFO | P03 |   MESSAGE SENT  sent=285
2026-05-31 17:57:41 | INFO | C03 | {'action_type': 'Rebound', 'distance_ft': '0.0', 'game_id': '0042500317', 'is_made': 'False', 'play_id': 'P0409', 'player_id': 'PL_1630577', 'quarter': '3', 'shot_type': '2PT', 'time_remaining': 'PT06M46.00S', 'timestamp': '2026-06-01T04:07:29Z', '_kafka_key': '0042500317', '_kafka_partition': 0, '_kafka_offset': 284}
2026-05-31 17:57:41 | INFO | C03 | Skipping non-shot event: play_id=P0409, action_type=Rebound
2026-05-31 17:57:41 | WARNING | C03 | MESSAGE REJECTED
2026-05-31 17:57:41 | WARNING | C03 | play=P0409
2026-05-31 17:57:41 | WARNING | C03 | skipped=159
2026-05-31 17:57:41 | INFO | P03 | {
  play_id: P0410
  game_id: 0042500317
  timestamp: 2026-06-01T04:07:34Z
  player_id: PL_1642844
  action_type: Made Shot
  shot_type: 2PT
  distance_ft: 18.0
  is_made: True
  quarter: 3
  time_remaining: PT06M34.00S
}
2026-05-31 17:57:41 | INFO | P03 |   Sending message with key=0042500317
2026-05-31 17:57:41 | INFO | P03 |   MESSAGE SENT  sent=286
2026-05-31 17:57:41 | INFO | C03 | {'action_type': 'Made Shot', 'distance_ft': '18.0', 'game_id': '0042500317', 'is_made': 'True', 'play_id': 'P0410', 'player_id': 'PL_1642844', 'quarter': '3', 'shot_type': '2PT', 'time_remaining': 'PT06M34.00S', 'timestamp': '2026-06-01T04:07:34Z', '_kafka_key': '0042500317', '_kafka_partition': 0, '_kafka_offset': 285}
2026-05-31 17:57:41 | INFO | C03 | shot_quality=Mid-Range
2026-05-31 17:57:41 | INFO | C03 | clutch_shot=False
2026-05-31 17:57:41 | INFO | C03 | points_scored=2
2026-05-31 17:57:41 | INFO | C03 | running_total_pts=135
2026-05-31 17:57:41 | INFO | C03 | MESSAGE ACCEPTED
2026-05-31 17:57:41 | INFO | C03 | play=P0410
2026-05-31 17:57:41 | INFO | C03 | points=2
2026-05-31 17:57:41 | INFO | C03 | consumed=127
2026-05-31 17:57:41 | INFO | C03 | RUNNING STATS
2026-05-31 17:57:41 | INFO | C03 | total_pts=135
2026-05-31 17:57:41 | INFO | C03 | average_pts=1.06
2026-05-31 17:57:41 | INFO | C03 | min_pts=0.00
2026-05-31 17:57:41 | INFO | C03 | max_pts=3.00
2026-05-31 17:57:42 | INFO | P03 | {
  play_id: P0412
  game_id: 0042500317
  timestamp: 2026-06-01T04:07:39Z
  player_id: PL_1627936
  action_type: Missed Shot
  shot_type: 2PT
  distance_ft: 4.0
  is_made: False
  quarter: 3
  time_remaining: PT06M22.00S
}
2026-05-31 17:57:42 | INFO | P03 |   Sending message with key=0042500317
2026-05-31 17:57:42 | INFO | P03 |   MESSAGE SENT  sent=287
2026-05-31 17:57:42 | INFO | C03 | {'action_type': 'Missed Shot', 'distance_ft': '4.0', 'game_id': '0042500317', 'is_made': 'False', 'play_id': 'P0412', 'player_id': 'PL_1627936', 'quarter': '3', 'shot_type': '2PT', 'time_remaining': 'PT06M22.00S', 'timestamp': '2026-06-01T04:07:39Z', '_kafka_key': '0042500317', '_kafka_partition': 0, '_kafka_offset': 286}
2026-05-31 17:57:42 | INFO | C03 | shot_quality=Paint
2026-05-31 17:57:42 | INFO | C03 | clutch_shot=False
2026-05-31 17:57:42 | INFO | C03 | points_scored=0
2026-05-31 17:57:42 | INFO | C03 | running_total_pts=135
2026-05-31 17:57:42 | INFO | C03 | MESSAGE ACCEPTED
2026-05-31 17:57:42 | INFO | C03 | play=P0412
2026-05-31 17:57:42 | INFO | C03 | points=0
2026-05-31 17:57:42 | INFO | C03 | consumed=128
2026-05-31 17:57:42 | INFO | C03 | RUNNING STATS
2026-05-31 17:57:42 | INFO | C03 | total_pts=135
2026-05-31 17:57:42 | INFO | C03 | average_pts=1.05
2026-05-31 17:57:42 | INFO | C03 | min_pts=0.00
2026-05-31 17:57:42 | INFO | C03 | max_pts=3.00
2026-05-31 17:57:42 | INFO | P03 | {
  play_id: P0413
  game_id: 0042500317
  timestamp: 2026-06-01T04:07:44Z
  player_id: PL_1628392
  action_type: Rebound
  shot_type: 2PT
  distance_ft: 0.0
  is_made: False
  quarter: 3
  time_remaining: PT06M18.00S
}
2026-05-31 17:57:42 | INFO | P03 |   Sending message with key=0042500317
2026-05-31 17:57:42 | INFO | P03 |   MESSAGE SENT  sent=288
2026-05-31 17:57:42 | INFO | C03 | {'action_type': 'Rebound', 'distance_ft': '0.0', 'game_id': '0042500317', 'is_made': 'False', 'play_id': 'P0413', 'player_id': 'PL_1628392', 'quarter': '3', 'shot_type': '2PT', 'time_remaining': 'PT06M18.00S', 'timestamp': '2026-06-01T04:07:44Z', '_kafka_key': '0042500317', '_kafka_partition': 0, '_kafka_offset': 287}
2026-05-31 17:57:42 | INFO | C03 | Skipping non-shot event: play_id=P0413, action_type=Rebound
2026-05-31 17:57:42 | WARNING | C03 | MESSAGE REJECTED
2026-05-31 17:57:42 | WARNING | C03 | play=P0413
2026-05-31 17:57:42 | WARNING | C03 | skipped=160
2026-05-31 17:57:43 | INFO | P03 | {
  play_id: P0414
  game_id: 0042500317
  timestamp: 2026-06-01T04:07:49Z
  player_id: PL_1628392
  action_type: Missed Shot
  shot_type: 2PT
  distance_ft: 0.0
  is_made: False
  quarter: 3
  time_remaining: PT06M18.00S
}
2026-05-31 17:57:43 | INFO | P03 |   Sending message with key=0042500317
2026-05-31 17:57:43 | INFO | P03 |   MESSAGE SENT  sent=289
2026-05-31 17:57:43 | INFO | C03 | {'action_type': 'Missed Shot', 'distance_ft': '0.0', 'game_id': '0042500317', 'is_made': 'False', 'play_id': 'P0414', 'player_id': 'PL_1628392', 'quarter': '3', 'shot_type': '2PT', 'time_remaining': 'PT06M18.00S', 'timestamp': '2026-06-01T04:07:49Z', '_kafka_key': '0042500317', '_kafka_partition': 0, '_kafka_offset': 288}
2026-05-31 17:57:43 | INFO | C03 | shot_quality=Restricted Area
2026-05-31 17:57:43 | INFO | C03 | clutch_shot=False
2026-05-31 17:57:43 | INFO | C03 | points_scored=0
2026-05-31 17:57:43 | INFO | C03 | running_total_pts=135
2026-05-31 17:57:43 | INFO | C03 | MESSAGE ACCEPTED
2026-05-31 17:57:43 | INFO | C03 | play=P0414
2026-05-31 17:57:43 | INFO | C03 | points=0
2026-05-31 17:57:43 | INFO | C03 | consumed=129
2026-05-31 17:57:43 | INFO | C03 | RUNNING STATS
2026-05-31 17:57:43 | INFO | C03 | total_pts=135
2026-05-31 17:57:43 | INFO | C03 | average_pts=1.05
2026-05-31 17:57:43 | INFO | C03 | min_pts=0.00
2026-05-31 17:57:43 | INFO | C03 | max_pts=3.00
2026-05-31 17:57:43 | INFO | P03 | {
  play_id: P0415
  game_id: 0042500317
  timestamp: 2026-06-01T04:07:54Z
  player_id: PL_1630577
  action_type: Rebound
  shot_type: 2PT
  distance_ft: 0.0
  is_made: False
  quarter: 3
  time_remaining: PT06M18.00S
}
2026-05-31 17:57:43 | INFO | P03 |   Sending message with key=0042500317
2026-05-31 17:57:43 | INFO | P03 |   MESSAGE SENT  sent=290
2026-05-31 17:57:43 | INFO | C03 | {'action_type': 'Rebound', 'distance_ft': '0.0', 'game_id': '0042500317', 'is_made': 'False', 'play_id': 'P0415', 'player_id': 'PL_1630577', 'quarter': '3', 'shot_type': '2PT', 'time_remaining': 'PT06M18.00S', 'timestamp': '2026-06-01T04:07:54Z', '_kafka_key': '0042500317', '_kafka_partition': 0, '_kafka_offset': 289}
2026-05-31 17:57:43 | INFO | C03 | Skipping non-shot event: play_id=P0415, action_type=Rebound
2026-05-31 17:57:43 | WARNING | C03 | MESSAGE REJECTED
2026-05-31 17:57:43 | WARNING | C03 | play=P0415
2026-05-31 17:57:43 | WARNING | C03 | skipped=161
2026-05-31 17:57:44 | INFO | P03 | {
  play_id: P0416
  game_id: 0042500317
  timestamp: 2026-06-01T04:07:59Z
  player_id: PL_1630577
  action_type: Made Shot
  shot_type: 3PT
  distance_ft: 25.0
  is_made: True
  quarter: 3
  time_remaining: PT06M13.00S
}
2026-05-31 17:57:44 | INFO | P03 |   Sending message with key=0042500317
2026-05-31 17:57:44 | INFO | P03 |   MESSAGE SENT  sent=291
2026-05-31 17:57:44 | INFO | C03 | {'action_type': 'Made Shot', 'distance_ft': '25.0', 'game_id': '0042500317', 'is_made': 'True', 'play_id': 'P0416', 'player_id': 'PL_1630577', 'quarter': '3', 'shot_type': '3PT', 'time_remaining': 'PT06M13.00S', 'timestamp': '2026-06-01T04:07:59Z', '_kafka_key': '0042500317', '_kafka_partition': 0, '_kafka_offset': 290}
2026-05-31 17:57:44 | INFO | C03 | shot_quality=NBA Deep 3
2026-05-31 17:57:44 | INFO | C03 | clutch_shot=False
2026-05-31 17:57:44 | INFO | C03 | points_scored=3
2026-05-31 17:57:44 | INFO | C03 | running_total_pts=138
2026-05-31 17:57:44 | INFO | C03 | MESSAGE ACCEPTED
2026-05-31 17:57:44 | INFO | C03 | play=P0416
2026-05-31 17:57:44 | INFO | C03 | points=3
2026-05-31 17:57:44 | INFO | C03 | consumed=130
2026-05-31 17:57:44 | INFO | C03 | RUNNING STATS
2026-05-31 17:57:44 | INFO | C03 | total_pts=138
2026-05-31 17:57:44 | INFO | C03 | average_pts=1.06
2026-05-31 17:57:44 | INFO | C03 | min_pts=0.00
2026-05-31 17:57:44 | INFO | C03 | max_pts=3.00
2026-05-31 17:57:44 | INFO | P03 | {
  play_id: P0418
  game_id: 0042500317
  timestamp: 2026-06-01T04:08:04Z
  player_id: PL_1610612760
  action_type: Timeout
  shot_type: 2PT
  distance_ft: 0.0
  is_made: False
  quarter: 3
  time_remaining: PT06M12.00S
}
2026-05-31 17:57:44 | INFO | P03 |   Sending message with key=0042500317
2026-05-31 17:57:44 | INFO | P03 |   MESSAGE SENT  sent=292
2026-05-31 17:57:44 | INFO | C03 | {'action_type': 'Timeout', 'distance_ft': '0.0', 'game_id': '0042500317', 'is_made': 'False', 'play_id': 'P0418', 'player_id': 'PL_1610612760', 'quarter': '3', 'shot_type': '2PT', 'time_remaining': 'PT06M12.00S', 'timestamp': '2026-06-01T04:08:04Z', '_kafka_key': '0042500317', '_kafka_partition': 0, '_kafka_offset': 291}
2026-05-31 17:57:44 | INFO | C03 | Skipping non-shot event: play_id=P0418, action_type=Timeout
2026-05-31 17:57:44 | WARNING | C03 | MESSAGE REJECTED
2026-05-31 17:57:44 | WARNING | C03 | play=P0418
2026-05-31 17:57:44 | WARNING | C03 | skipped=162
2026-05-31 17:57:45 | INFO | P03 | {
  play_id: P0419
  game_id: 0042500317
  timestamp: 2026-06-01T04:08:09Z
  player_id: PL_1642272
  action_type: Substitution
  shot_type: 2PT
  distance_ft: 0.0
  is_made: False
  quarter: 3
  time_remaining: PT06M12.00S
}
2026-05-31 17:57:45 | INFO | P03 |   Sending message with key=0042500317
2026-05-31 17:57:45 | INFO | P03 |   MESSAGE SENT  sent=293
2026-05-31 17:57:45 | INFO | C03 | {'action_type': 'Substitution', 'distance_ft': '0.0', 'game_id': '0042500317', 'is_made': 'False', 'play_id': 'P0419', 'player_id': 'PL_1642272', 'quarter': '3', 'shot_type': '2PT', 'time_remaining': 'PT06M12.00S', 'timestamp': '2026-06-01T04:08:09Z', '_kafka_key': '0042500317', '_kafka_partition': 0, '_kafka_offset': 292}
2026-05-31 17:57:45 | INFO | C03 | Skipping non-shot event: play_id=P0419, action_type=Substitution
2026-05-31 17:57:45 | WARNING | C03 | MESSAGE REJECTED
2026-05-31 17:57:45 | WARNING | C03 | play=P0419
2026-05-31 17:57:45 | WARNING | C03 | skipped=163
2026-05-31 17:57:45 | INFO | P03 | {
  play_id: P0420
  game_id: 0042500317
  timestamp: 2026-06-01T04:08:14Z
  player_id: PL_1628392
  action_type: Substitution
  shot_type: 2PT
  distance_ft: 0.0
  is_made: False
  quarter: 3
  time_remaining: PT06M12.00S
}
2026-05-31 17:57:45 | INFO | P03 |   Sending message with key=0042500317
2026-05-31 17:57:46 | INFO | C03 | {'action_type': 'Substitution', 'distance_ft': '0.0', 'game_id': '0042500317', 'is_made': 'False', 'play_id': 'P0420', 'player_id': 'PL_1628392', 'quarter': '3', 'shot_type': '2PT', 'time_remaining': 'PT06M12.00S', 'timestamp': '2026-06-01T04:08:14Z', '_kafka_key': '0042500317', '_kafka_partition': 0, '_kafka_offset': 293}
2026-05-31 17:57:46 | INFO | C03 | Skipping non-shot event: play_id=P0420, action_type=Substitution
2026-05-31 17:57:46 | WARNING | C03 | MESSAGE REJECTED
2026-05-31 17:57:46 | WARNING | C03 | play=P0420
2026-05-31 17:57:46 | WARNING | C03 | skipped=164
2026-05-31 17:57:46 | INFO | P03 | {
  play_id: P0423
  game_id: 0042500317
  timestamp: 2026-06-01T04:08:19Z
  player_id: PL_1627936
  action_type: Turnover
  shot_type: 2PT
  distance_ft: 0.0
  is_made: False
  quarter: 3
  time_remaining: PT06M04.00S
}
2026-05-31 17:57:46 | INFO | P03 |   Sending message with key=0042500317
2026-05-31 17:57:46 | INFO | P03 |   MESSAGE SENT  sent=295
2026-05-31 17:57:46 | INFO | C03 | {'action_type': 'Turnover', 'distance_ft': '0.0', 'game_id': '0042500317', 'is_made': 'False', 'play_id': 'P0423', 'player_id': 'PL_1627936', 'quarter': '3', 'shot_type': '2PT', 'time_remaining': 'PT06M04.00S', 'timestamp': '2026-06-01T04:08:19Z', '_kafka_key': '0042500317', '_kafka_partition': 0, '_kafka_offset': 294}
2026-05-31 17:57:46 | INFO | C03 | Skipping non-shot event: play_id=P0423, action_type=Turnover
2026-05-31 17:57:46 | WARNING | C03 | MESSAGE REJECTED
2026-05-31 17:57:46 | WARNING | C03 | play=P0423
2026-05-31 17:57:46 | WARNING | C03 | skipped=165
2026-05-31 17:57:47 | INFO | P03 | {
  play_id: P0424
  game_id: 0042500317
  timestamp: 2026-06-01T04:08:24Z
  player_id: PL_1629652
  action_type: Substitution
  shot_type: 2PT
  distance_ft: 0.0
  is_made: False
  quarter: 3
  time_remaining: PT06M04.00S
}
2026-05-31 17:57:47 | INFO | P03 |   Sending message with key=0042500317
2026-05-31 17:57:47 | INFO | C03 | {'action_type': 'Substitution', 'distance_ft': '0.0', 'game_id': '0042500317', 'is_made': 'False', 'play_id': 'P0424', 'player_id': 'PL_1629652', 'quarter': '3', 'shot_type': '2PT', 'time_remaining': 'PT06M04.00S', 'timestamp': '2026-06-01T04:08:24Z', '_kafka_key': '0042500317', '_kafka_partition': 0, '_kafka_offset': 295}
2026-05-31 17:57:47 | INFO | P03 |   MESSAGE SENT  sent=296
2026-05-31 17:57:47 | INFO | C03 | Skipping non-shot event: play_id=P0424, action_type=Substitution
2026-05-31 17:57:47 | WARNING | C03 | MESSAGE REJECTED
2026-05-31 17:57:47 | WARNING | C03 | play=P0424
2026-05-31 17:57:47 | WARNING | C03 | skipped=166
2026-05-31 17:57:47 | INFO | P03 | {
  play_id: P0426
  game_id: 0042500317
  timestamp: 2026-06-01T04:08:29Z
  player_id: PL_1631119
  action_type: Foul
  shot_type: 2PT
  distance_ft: 0.0
  is_made: False
  quarter: 3
  time_remaining: PT05M53.00S
}
2026-05-31 17:57:47 | INFO | P03 |   Sending message with key=0042500317
2026-05-31 17:57:47 | INFO | P03 |   MESSAGE SENT  sent=297
2026-05-31 17:57:47 | INFO | C03 | {'action_type': 'Foul', 'distance_ft': '0.0', 'game_id': '0042500317', 'is_made': 'False', 'play_id': 'P0426', 'player_id': 'PL_1631119', 'quarter': '3', 'shot_type': '2PT', 'time_remaining': 'PT05M53.00S', 'timestamp': '2026-06-01T04:08:29Z', '_kafka_key': '0042500317', '_kafka_partition': 0, '_kafka_offset': 296}
2026-05-31 17:57:47 | INFO | C03 | Skipping non-shot event: play_id=P0426, action_type=Foul
2026-05-31 17:57:47 | WARNING | C03 | MESSAGE REJECTED
2026-05-31 17:57:47 | WARNING | C03 | play=P0426
2026-05-31 17:57:47 | WARNING | C03 | skipped=167
2026-05-31 17:57:48 | INFO | P03 | {
  play_id: P0428
  game_id: 0042500317
  timestamp: 2026-06-01T04:08:34Z
  player_id: PL_1642264
  action_type: Foul
  shot_type: 2PT
  distance_ft: 0.0
  is_made: False
  quarter: 3
  time_remaining: PT05M50.00S
}
2026-05-31 17:57:48 | INFO | P03 |   Sending message with key=0042500317
2026-05-31 17:57:48 | INFO | C03 | {'action_type': 'Foul', 'distance_ft': '0.0', 'game_id': '0042500317', 'is_made': 'False', 'play_id': 'P0428', 'player_id': 'PL_1642264', 'quarter': '3', 'shot_type': '2PT', 'time_remaining': 'PT05M50.00S', 'timestamp': '2026-06-01T04:08:34Z', '_kafka_key': '0042500317', '_kafka_partition': 0, '_kafka_offset': 297}
2026-05-31 17:57:48 | INFO | P03 |   MESSAGE SENT  sent=298
2026-05-31 17:57:48 | INFO | C03 | Skipping non-shot event: play_id=P0428, action_type=Foul
2026-05-31 17:57:48 | WARNING | C03 | MESSAGE REJECTED
2026-05-31 17:57:48 | WARNING | C03 | play=P0428
2026-05-31 17:57:48 | WARNING | C03 | skipped=168
2026-05-31 17:57:48 | INFO | P03 | {
  play_id: P0430
  game_id: 0042500317
  timestamp: 2026-06-01T04:08:39Z
  player_id: PL_1642264
  action_type: Turnover
  shot_type: 2PT
  distance_ft: 0.0
  is_made: False
  quarter: 3
  time_remaining: PT05M50.00S
}
2026-05-31 17:57:48 | INFO | P03 |   Sending message with key=0042500317
2026-05-31 17:57:48 | INFO | P03 |   MESSAGE SENT  sent=299
2026-05-31 17:57:48 | INFO | C03 | {'action_type': 'Turnover', 'distance_ft': '0.0', 'game_id': '0042500317', 'is_made': 'False', 'play_id': 'P0430', 'player_id': 'PL_1642264', 'quarter': '3', 'shot_type': '2PT', 'time_remaining': 'PT05M50.00S', 'timestamp': '2026-06-01T04:08:39Z', '_kafka_key': '0042500317', '_kafka_partition': 0, '_kafka_offset': 298}
2026-05-31 17:57:48 | INFO | C03 | Skipping non-shot event: play_id=P0430, action_type=Turnover
2026-05-31 17:57:48 | WARNING | C03 | MESSAGE REJECTED
2026-05-31 17:57:48 | WARNING | C03 | play=P0430
2026-05-31 17:57:48 | WARNING | C03 | skipped=169
2026-05-31 17:57:49 | INFO | P03 | {
  play_id: P0431
  game_id: 0042500317
  timestamp: 2026-06-01T04:08:44Z
  player_id: PL_1629026
  action_type: Missed Shot
  shot_type: 2PT
  distance_ft: 7.0
  is_made: False
  quarter: 3
  time_remaining: PT05M28.00S
}
2026-05-31 17:57:49 | INFO | P03 |   Sending message with key=0042500317
2026-05-31 17:57:49 | INFO | P03 |   MESSAGE SENT  sent=300
2026-05-31 17:57:49 | INFO | C03 | {'action_type': 'Missed Shot', 'distance_ft': '7.0', 'game_id': '0042500317', 'is_made': 'False', 'play_id': 'P0431', 'player_id': 'PL_1629026', 'quarter': '3', 'shot_type': '2PT', 'time_remaining': 'PT05M28.00S', 'timestamp': '2026-06-01T04:08:44Z', '_kafka_key': '0042500317', '_kafka_partition': 0, '_kafka_offset': 299}
2026-05-31 17:57:49 | INFO | C03 | shot_quality=Paint
2026-05-31 17:57:49 | INFO | C03 | clutch_shot=False
2026-05-31 17:57:49 | INFO | C03 | points_scored=0
2026-05-31 17:57:49 | INFO | C03 | running_total_pts=138
2026-05-31 17:57:49 | INFO | C03 | MESSAGE ACCEPTED
2026-05-31 17:57:49 | INFO | C03 | play=P0431
2026-05-31 17:57:49 | INFO | C03 | points=0
2026-05-31 17:57:49 | INFO | C03 | consumed=131
2026-05-31 17:57:49 | INFO | C03 | RUNNING STATS
2026-05-31 17:57:49 | INFO | C03 | total_pts=138
2026-05-31 17:57:49 | INFO | C03 | average_pts=1.05
2026-05-31 17:57:49 | INFO | C03 | min_pts=0.00
2026-05-31 17:57:49 | INFO | C03 | max_pts=3.00
2026-05-31 17:57:49 | INFO | P03 | {
  play_id: P0432
  game_id: 0042500317
  timestamp: 2026-06-01T04:08:49Z
  player_id: PL_1641705
  action_type: Rebound
  shot_type: 2PT
  distance_ft: 0.0
  is_made: False
  quarter: 3
  time_remaining: PT05M26.00S
}
2026-05-31 17:57:49 | INFO | P03 |   Sending message with key=0042500317
2026-05-31 17:57:49 | INFO | P03 |   MESSAGE SENT  sent=301
2026-05-31 17:57:49 | INFO | C03 | {'action_type': 'Rebound', 'distance_ft': '0.0', 'game_id': '0042500317', 'is_made': 'False', 'play_id': 'P0432', 'player_id': 'PL_1641705', 'quarter': '3', 'shot_type': '2PT', 'time_remaining': 'PT05M26.00S', 'timestamp': '2026-06-01T04:08:49Z', '_kafka_key': '0042500317', '_kafka_partition': 0, '_kafka_offset': 300}
2026-05-31 17:57:49 | INFO | C03 | Skipping non-shot event: play_id=P0432, action_type=Rebound
2026-05-31 17:57:49 | WARNING | C03 | MESSAGE REJECTED
2026-05-31 17:57:49 | WARNING | C03 | play=P0432
2026-05-31 17:57:49 | WARNING | C03 | skipped=170
2026-05-31 17:57:50 | INFO | P03 | {
  play_id: P0433
  game_id: 0042500317
  timestamp: 2026-06-01T04:08:54Z
  player_id: PL_1641705
  action_type: Made Shot
  shot_type: 3PT
  distance_ft: 26.0
  is_made: True
  quarter: 3
  time_remaining: PT05M21.00S
}
2026-05-31 17:57:50 | INFO | P03 |   Sending message with key=0042500317
2026-05-31 17:57:50 | INFO | P03 |   MESSAGE SENT  sent=302
2026-05-31 17:57:50 | INFO | C03 | {'action_type': 'Made Shot', 'distance_ft': '26.0', 'game_id': '0042500317', 'is_made': 'True', 'play_id': 'P0433', 'player_id': 'PL_1641705', 'quarter': '3', 'shot_type': '3PT', 'time_remaining': 'PT05M21.00S', 'timestamp': '2026-06-01T04:08:54Z', '_kafka_key': '0042500317', '_kafka_partition': 0, '_kafka_offset': 301}
2026-05-31 17:57:50 | INFO | C03 | shot_quality=NBA Deep 3
2026-05-31 17:57:50 | INFO | C03 | clutch_shot=False
2026-05-31 17:57:50 | INFO | C03 | points_scored=3
2026-05-31 17:57:50 | INFO | C03 | running_total_pts=141
2026-05-31 17:57:50 | INFO | C03 | MESSAGE ACCEPTED
2026-05-31 17:57:50 | INFO | C03 | play=P0433
2026-05-31 17:57:50 | INFO | C03 | points=3
2026-05-31 17:57:50 | INFO | C03 | consumed=132
2026-05-31 17:57:50 | INFO | C03 | RUNNING STATS
2026-05-31 17:57:50 | INFO | C03 | total_pts=141
2026-05-31 17:57:50 | INFO | C03 | average_pts=1.07
2026-05-31 17:57:50 | INFO | C03 | min_pts=0.00
2026-05-31 17:57:50 | INFO | C03 | max_pts=3.00
2026-05-31 17:57:50 | INFO | P03 | {
  play_id: P0435
  game_id: 0042500317
  timestamp: 2026-06-01T04:08:59Z
  player_id: PL_1628983
  action_type: Missed Shot
  shot_type: 2PT
  distance_ft: 8.0
  is_made: False
  quarter: 3
  time_remaining: PT05M03.00S
}
2026-05-31 17:57:50 | INFO | P03 |   Sending message with key=0042500317
2026-05-31 17:57:51 | INFO | P03 |   MESSAGE SENT  sent=303
2026-05-31 17:57:51 | INFO | C03 | {'action_type': 'Missed Shot', 'distance_ft': '8.0', 'game_id': '0042500317', 'is_made': 'False', 'play_id': 'P0435', 'player_id': 'PL_1628983', 'quarter': '3', 'shot_type': '2PT', 'time_remaining': 'PT05M03.00S', 'timestamp': '2026-06-01T04:08:59Z', '_kafka_key': '0042500317', '_kafka_partition': 0, '_kafka_offset': 302}
2026-05-31 17:57:51 | INFO | C03 | shot_quality=Paint
2026-05-31 17:57:51 | INFO | C03 | clutch_shot=False
2026-05-31 17:57:51 | INFO | C03 | points_scored=0
2026-05-31 17:57:51 | INFO | C03 | running_total_pts=141
2026-05-31 17:57:51 | INFO | C03 | MESSAGE ACCEPTED
2026-05-31 17:57:51 | INFO | C03 | play=P0435
2026-05-31 17:57:51 | INFO | C03 | points=0
2026-05-31 17:57:51 | INFO | C03 | consumed=133
2026-05-31 17:57:51 | INFO | C03 | RUNNING STATS
2026-05-31 17:57:51 | INFO | C03 | total_pts=141
2026-05-31 17:57:51 | INFO | C03 | average_pts=1.06
2026-05-31 17:57:51 | INFO | C03 | min_pts=0.00
2026-05-31 17:57:51 | INFO | C03 | max_pts=3.00
2026-05-31 17:57:51 | INFO | P03 | {
  play_id: P0436
  game_id: 0042500317
  timestamp: 2026-06-01T04:09:04Z
  player_id: PL_1610612759
  action_type: Rebound
  shot_type: 2PT
  distance_ft: 0.0
  is_made: False
  quarter: 3
  time_remaining: PT05M02.00S
}
2026-05-31 17:57:51 | INFO | P03 |   Sending message with key=0042500317
2026-05-31 17:57:51 | INFO | P03 |   MESSAGE SENT  sent=304
2026-05-31 17:57:51 | INFO | C03 | {'action_type': 'Rebound', 'distance_ft': '0.0', 'game_id': '0042500317', 'is_made': 'False', 'play_id': 'P0436', 'player_id': 'PL_1610612759', 'quarter': '3', 'shot_type': '2PT', 'time_remaining': 'PT05M02.00S', 'timestamp': '2026-06-01T04:09:04Z', '_kafka_key': '0042500317', '_kafka_partition': 0, '_kafka_offset': 303}
2026-05-31 17:57:51 | INFO | C03 | Skipping non-shot event: play_id=P0436, action_type=Rebound
2026-05-31 17:57:51 | WARNING | C03 | MESSAGE REJECTED
2026-05-31 17:57:51 | WARNING | C03 | play=P0436
2026-05-31 17:57:51 | WARNING | C03 | skipped=171
2026-05-31 17:57:52 | INFO | P03 | {
  play_id: P0438
  game_id: 0042500317
  timestamp: 2026-06-01T04:09:09Z
  player_id: PL_1630577
  action_type: Missed Shot
  shot_type: 3PT
  distance_ft: 26.0
  is_made: False
  quarter: 3
  time_remaining: PT04M52.00S
}
2026-05-31 17:57:52 | INFO | P03 |   Sending message with key=0042500317
2026-05-31 17:57:52 | INFO | P03 |   MESSAGE SENT  sent=305
2026-05-31 17:57:52 | INFO | C03 | {'action_type': 'Missed Shot', 'distance_ft': '26.0', 'game_id': '0042500317', 'is_made': 'False', 'play_id': 'P0438', 'player_id': 'PL_1630577', 'quarter': '3', 'shot_type': '3PT', 'time_remaining': 'PT04M52.00S', 'timestamp': '2026-06-01T04:09:09Z', '_kafka_key': '0042500317', '_kafka_partition': 0, '_kafka_offset': 304}
2026-05-31 17:57:52 | INFO | C03 | shot_quality=NBA Deep 3
2026-05-31 17:57:52 | INFO | C03 | clutch_shot=False
2026-05-31 17:57:52 | INFO | C03 | points_scored=0
2026-05-31 17:57:52 | INFO | C03 | running_total_pts=141
2026-05-31 17:57:52 | INFO | C03 | MESSAGE ACCEPTED
2026-05-31 17:57:52 | INFO | C03 | play=P0438
2026-05-31 17:57:52 | INFO | C03 | points=0
2026-05-31 17:57:52 | INFO | C03 | consumed=134
2026-05-31 17:57:52 | INFO | C03 | RUNNING STATS
2026-05-31 17:57:52 | INFO | C03 | total_pts=141
2026-05-31 17:57:52 | INFO | C03 | average_pts=1.05
2026-05-31 17:57:52 | INFO | C03 | min_pts=0.00
2026-05-31 17:57:52 | INFO | C03 | max_pts=3.00
2026-05-31 17:57:52 | INFO | P03 | {
  play_id: P0439
  game_id: 0042500317
  timestamp: 2026-06-01T04:09:14Z
  player_id: PL_1631096
  action_type: Rebound
  shot_type: 2PT
  distance_ft: 0.0
  is_made: False
  quarter: 3
  time_remaining: PT04M48.00S
}
2026-05-31 17:57:52 | INFO | P03 |   Sending message with key=0042500317
2026-05-31 17:57:52 | INFO | P03 |   MESSAGE SENT  sent=306
2026-05-31 17:57:52 | INFO | C03 | {'action_type': 'Rebound', 'distance_ft': '0.0', 'game_id': '0042500317', 'is_made': 'False', 'play_id': 'P0439', 'player_id': 'PL_1631096', 'quarter': '3', 'shot_type': '2PT', 'time_remaining': 'PT04M48.00S', 'timestamp': '2026-06-01T04:09:14Z', '_kafka_key': '0042500317', '_kafka_partition': 0, '_kafka_offset': 305}
2026-05-31 17:57:52 | INFO | C03 | Skipping non-shot event: play_id=P0439, action_type=Rebound
2026-05-31 17:57:52 | WARNING | C03 | MESSAGE REJECTED
2026-05-31 17:57:52 | WARNING | C03 | play=P0439
2026-05-31 17:57:52 | WARNING | C03 | skipped=172
2026-05-31 17:57:53 | INFO | P03 | {
  play_id: P0440
  game_id: 0042500317
  timestamp: 2026-06-01T04:09:19Z
  player_id: PL_1642264
  action_type: Foul
  shot_type: 2PT
  distance_ft: 0.0
  is_made: False
  quarter: 3
  time_remaining: PT04M45.00S
}
2026-05-31 17:57:53 | INFO | P03 |   Sending message with key=0042500317
2026-05-31 17:57:53 | INFO | P03 |   MESSAGE SENT  sent=307
2026-05-31 17:57:53 | INFO | C03 | {'action_type': 'Foul', 'distance_ft': '0.0', 'game_id': '0042500317', 'is_made': 'False', 'play_id': 'P0440', 'player_id': 'PL_1642264', 'quarter': '3', 'shot_type': '2PT', 'time_remaining': 'PT04M45.00S', 'timestamp': '2026-06-01T04:09:19Z', '_kafka_key': '0042500317', '_kafka_partition': 0, '_kafka_offset': 306}
2026-05-31 17:57:53 | INFO | C03 | Skipping non-shot event: play_id=P0440, action_type=Foul
2026-05-31 17:57:53 | WARNING | C03 | MESSAGE REJECTED
2026-05-31 17:57:53 | WARNING | C03 | play=P0440
2026-05-31 17:57:53 | WARNING | C03 | skipped=173
2026-05-31 17:57:53 | INFO | P03 | {
  play_id: P0442
  game_id: 0042500317
  timestamp: 2026-06-01T04:09:24Z
  player_id: PL_1627936
  action_type: Free Throw
  shot_type: FT
  distance_ft: 0.0
  is_made: True
  quarter: 3
  time_remaining: PT04M45.00S
}
2026-05-31 17:57:53 | INFO | P03 |   Sending message with key=0042500317
2026-05-31 17:57:53 | INFO | P03 |   MESSAGE SENT  sent=308
2026-05-31 17:57:53 | INFO | C03 | {'action_type': 'Free Throw', 'distance_ft': '0.0', 'game_id': '0042500317', 'is_made': 'True', 'play_id': 'P0442', 'player_id': 'PL_1627936', 'quarter': '3', 'shot_type': 'FT', 'time_remaining': 'PT04M45.00S', 'timestamp': '2026-06-01T04:09:24Z', '_kafka_key': '0042500317', '_kafka_partition': 0, '_kafka_offset': 307}
2026-05-31 17:57:53 | INFO | C03 | shot_quality=Restricted Area
2026-05-31 17:57:53 | INFO | C03 | clutch_shot=False
2026-05-31 17:57:53 | INFO | C03 | points_scored=1
2026-05-31 17:57:53 | INFO | C03 | running_total_pts=142
2026-05-31 17:57:53 | INFO | C03 | MESSAGE ACCEPTED
2026-05-31 17:57:53 | INFO | C03 | play=P0442
2026-05-31 17:57:53 | INFO | C03 | points=1
2026-05-31 17:57:53 | INFO | C03 | consumed=135
2026-05-31 17:57:53 | INFO | C03 | RUNNING STATS
2026-05-31 17:57:53 | INFO | C03 | total_pts=142
2026-05-31 17:57:53 | INFO | C03 | average_pts=1.05
2026-05-31 17:57:53 | INFO | C03 | min_pts=0.00
2026-05-31 17:57:53 | INFO | C03 | max_pts=3.00
2026-05-31 17:57:54 | INFO | P03 | {
  play_id: P0443
  game_id: 0042500317
  timestamp: 2026-06-01T04:09:29Z
  player_id: PL_1631096
  action_type: Substitution
  shot_type: 2PT
  distance_ft: 0.0
  is_made: False
  quarter: 3
  time_remaining: PT04M45.00S
}
2026-05-31 17:57:54 | INFO | P03 |   Sending message with key=0042500317
2026-05-31 17:57:54 | INFO | P03 |   MESSAGE SENT  sent=309
ion', 'distance_ft': '0.0', 'game_id': '0042500317', 'is_made': 'False', 'play_id': 'P0443', 'player_id': 'PL_1631096', 'quarter': '3', 'shot_type': '2PT', 'time_remaining': 'PT04M45.00S', 'timestamp': '2026-06-01T04:09:29Z', '_kafka_key': '0042500317', '_kafka_partition': 0, '_kafka_offset': 308}
2026-05-31 17:57:54 | INFO | C03 | Skipping non-shot event: play_id=P0443, action_type=Substitution
2026-05-31 17:57:54 | WARNING | C03 | MESSAGE REJECTED
2026-05-31 17:57:54 | WARNING | C03 | play=P0443
2026-05-31 17:57:54 | WARNING | C03 | skipped=174
2026-05-31 17:57:54 | INFO | P03 | {
  play_id: P0444
  game_id: 0042500317
  timestamp: 2026-06-01T04:09:34Z
  player_id: PL_1629026
  action_type: Substitution
  shot_type: 2PT
  distance_ft: 0.0
  is_made: False
  quarter: 3
  time_remaining: PT04M45.00S
}
2026-05-31 17:57:54 | INFO | P03 |   Sending message with key=0042500317
2026-05-31 17:57:54 | INFO | P03 |   MESSAGE SENT  sent=310
2026-05-31 17:57:54 | INFO | C03 | {'action_type': 'Substitution', 'distance_ft': '0.0', 'game_id': '0042500317', 'is_made': 'False', 'play_id': 'P0444', 'player_id': 'PL_1629026', 'quarter': '3', 'shot_type': '2PT', 'time_remaining': 'PT04M45.00S', 'timestamp': '2026-06-01T04:09:34Z', '_kafka_key': '0042500317', '_kafka_partition': 0, '_kafka_offset': 309}
2026-05-31 17:57:54 | INFO | C03 | Skipping non-shot event: play_id=P0444, action_type=Substitution
2026-05-31 17:57:54 | WARNING | C03 | MESSAGE REJECTED
2026-05-31 17:57:54 | WARNING | C03 | play=P0444
2026-05-31 17:57:54 | WARNING | C03 | skipped=175
2026-05-31 17:57:55 | INFO | P03 | {
  play_id: P0445
  game_id: 0042500317
  timestamp: 2026-06-01T04:09:39Z
  player_id: PL_1631119
  action_type: Substitution
  shot_type: 2PT
  distance_ft: 0.0
  is_made: False
  quarter: 3
  time_remaining: PT04M45.00S
}
2026-05-31 17:57:55 | INFO | P03 |   Sending message with key=0042500317
2026-05-31 17:57:55 | INFO | P03 |   MESSAGE SENT  sent=311
2026-05-31 17:57:55 | INFO | C03 | {'action_type': 'Substitution', 'distance_ft': '0.0', 'game_id': '0042500317', 'is_made': 'False', 'play_id': 'P0445', 'player_id': 'PL_1631119', 'quarter': '3', 'shot_type': '2PT', 'time_remaining': 'PT04M45.00S', 'timestamp': '2026-06-01T04:09:39Z', '_kafka_key': '0042500317', '_kafka_partition': 0, '_kafka_offset': 310}
2026-05-31 17:57:55 | INFO | C03 | Skipping non-shot event: play_id=P0445, action_type=Substitution
2026-05-31 17:57:55 | WARNING | C03 | MESSAGE REJECTED
2026-05-31 17:57:55 | WARNING | C03 | play=P0445
2026-05-31 17:57:55 | WARNING | C03 | skipped=176
2026-05-31 17:57:55 | INFO | P03 | {
  play_id: P0446
  game_id: 0042500317
  timestamp: 2026-06-01T04:09:44Z
  player_id: PL_1641705
  action_type: Substitution
  shot_type: 2PT
  distance_ft: 0.0
  is_made: False
  quarter: 3
  time_remaining: PT04M45.00S
}
2026-05-31 17:57:55 | INFO | P03 |   Sending message with key=0042500317
2026-05-31 17:57:56 | INFO | P03 |   MESSAGE SENT  sent=312
2026-05-31 17:57:56 | INFO | C03 | {'action_type': 'Substitution', 'distance_ft': '0.0', 'game_id': '0042500317', 'is_made': 'False', 'play_id': 'P0446', 'player_id': 'PL_1641705', 'quarter': '3', 'shot_type': '2PT', 'time_remaining': 'PT04M45.00S', 'timestamp': '2026-06-01T04:09:44Z', '_kafka_key': '0042500317', '_kafka_partition': 0, '_kafka_offset': 311}
2026-05-31 17:57:56 | INFO | C03 | Skipping non-shot event: play_id=P0446, action_type=Substitution
2026-05-31 17:57:56 | WARNING | C03 | MESSAGE REJECTED
2026-05-31 17:57:56 | WARNING | C03 | play=P0446
2026-05-31 17:57:56 | WARNING | C03 | skipped=177
2026-05-31 17:57:56 | INFO | P03 | {
  play_id: P0447
  game_id: 0042500317
  timestamp: 2026-06-01T04:09:49Z
  player_id: PL_1642264
  action_type: Substitution
  shot_type: 2PT
  distance_ft: 0.0
  is_made: False
  quarter: 3
  time_remaining: PT04M45.00S
}
2026-05-31 17:57:56 | INFO | P03 |   Sending message with key=0042500317
2026-05-31 17:57:56 | INFO | P03 |   MESSAGE SENT  sent=313
ion', 'distance_ft': '0.0', 'game_id': '0042500317', 'is_made': 'False', 'play_id': 'P0447', 'player_id': 'PL_1642264', 'quarter': '3', 'shot_type': '2PT', 'time_remaining': 'PT04M45.00S', 'timestamp': '2026-06-01T04:09:49Z', '_kafka_key': '0042500317', '_kafka_partition': 0, '_kafka_offset': 312}
2026-05-31 17:57:56 | INFO | C03 | Skipping non-shot event: play_id=P0447, action_type=Substitution
2026-05-31 17:57:56 | WARNING | C03 | MESSAGE REJECTED
2026-05-31 17:57:56 | WARNING | C03 | play=P0447
2026-05-31 17:57:56 | WARNING | C03 | skipped=178
2026-05-31 17:57:57 | INFO | P03 | {
  play_id: P0448
  game_id: 0042500317
  timestamp: 2026-06-01T04:09:54Z
  player_id: PL_1630577
  action_type: Substitution
  shot_type: 2PT
  distance_ft: 0.0
  is_made: False
  quarter: 3
  time_remaining: PT04M45.00S
}
2026-05-31 17:57:57 | INFO | P03 |   Sending message with key=0042500317
2026-05-31 17:57:57 | INFO | P03 |   MESSAGE SENT  sent=314
2026-05-31 17:57:57 | INFO | C03 | {'action_type': 'Substitution', 'distance_ft': '0.0', 'game_id': '0042500317', 'is_made': 'False', 'play_id': 'P0448', 'player_id': 'PL_1630577', 'quarter': '3', 'shot_type': '2PT', 'time_remaining': 'PT04M45.00S', 'timestamp': '2026-06-01T04:09:54Z', '_kafka_key': '0042500317', '_kafka_partition': 0, '_kafka_offset': 313}
2026-05-31 17:57:57 | INFO | C03 | Skipping non-shot event: play_id=P0448, action_type=Substitution
2026-05-31 17:57:57 | WARNING | C03 | MESSAGE REJECTED
2026-05-31 17:57:57 | WARNING | C03 | play=P0448
2026-05-31 17:57:57 | WARNING | C03 | skipped=179
2026-05-31 17:57:57 | INFO | P03 | {
  play_id: P0455
  game_id: 0042500317
  timestamp: 2026-06-01T04:09:59Z
  player_id: PL_1627936
  action_type: Free Throw
  shot_type: FT
  distance_ft: 0.0
  is_made: True
  quarter: 3
  time_remaining: PT04M45.00S
}
2026-05-31 17:57:57 | INFO | P03 |   Sending message with key=0042500317
2026-05-31 17:57:57 | INFO | C03 | {'action_type': 'Free Throw', 'distance_ft': '0.0', 'game_id': '0042500317', 'is_made': 'True', 'play_id': 'P0455', 'player_id': 'PL_1627936', 'quarter': '3', 'shot_type': 'FT', 'time_remaining': 'PT04M45.00S', 'timestamp': '2026-06-01T04:09:59Z', '_kafka_key': '0042500317', '_kafka_partition': 0, '_kafka_offset': 314}
2026-05-31 17:57:57 | INFO | P03 |   MESSAGE SENT  sent=315
2026-05-31 17:57:57 | INFO | C03 | shot_quality=Restricted Area
2026-05-31 17:57:57 | INFO | C03 | clutch_shot=False
2026-05-31 17:57:57 | INFO | C03 | points_scored=1
2026-05-31 17:57:57 | INFO | C03 | running_total_pts=143
2026-05-31 17:57:57 | INFO | C03 | MESSAGE ACCEPTED
2026-05-31 17:57:57 | INFO | C03 | play=P0455
2026-05-31 17:57:57 | INFO | C03 | points=1
2026-05-31 17:57:57 | INFO | C03 | consumed=136
2026-05-31 17:57:57 | INFO | C03 | RUNNING STATS
2026-05-31 17:57:57 | INFO | C03 | total_pts=143
2026-05-31 17:57:57 | INFO | C03 | average_pts=1.05
2026-05-31 17:57:57 | INFO | C03 | min_pts=0.00
2026-05-31 17:57:57 | INFO | C03 | max_pts=3.00
2026-05-31 17:57:58 | INFO | P03 | {
  play_id: P0456
  game_id: 0042500317
  timestamp: 2026-06-01T04:10:04Z
  player_id: PL_1629640
  action_type: Missed Shot
  shot_type: 2PT
  distance_ft: 1.0
  is_made: False
  quarter: 3
  time_remaining: PT04M29.00S
}
2026-05-31 17:57:58 | INFO | P03 |   Sending message with key=0042500317
2026-05-31 17:57:58 | INFO | P03 |   MESSAGE SENT  sent=316
2026-05-31 17:57:58 | INFO | C03 | {'action_type': 'Missed Shot', 'distance_ft': '1.0', 'game_id': '0042500317', 'is_made': 'False', 'play_id': 'P0456', 'player_id': 'PL_1629640', 'quarter': '3', 'shot_type': '2PT', 'time_remaining': 'PT04M29.00S', 'timestamp': '2026-06-01T04:10:04Z', '_kafka_key': '0042500317', '_kafka_partition': 0, '_kafka_offset': 315}
2026-05-31 17:57:58 | INFO | C03 | shot_quality=Restricted Area
2026-05-31 17:57:58 | INFO | C03 | clutch_shot=False
2026-05-31 17:57:58 | INFO | C03 | points_scored=0
2026-05-31 17:57:58 | INFO | C03 | running_total_pts=143
2026-05-31 17:57:58 | INFO | C03 | MESSAGE ACCEPTED
2026-05-31 17:57:58 | INFO | C03 | play=P0456
2026-05-31 17:57:58 | INFO | C03 | points=0
2026-05-31 17:57:58 | INFO | C03 | consumed=137
2026-05-31 17:57:58 | INFO | C03 | RUNNING STATS
2026-05-31 17:57:58 | INFO | C03 | total_pts=143
2026-05-31 17:57:58 | INFO | C03 | average_pts=1.04
2026-05-31 17:57:58 | INFO | C03 | min_pts=0.00
2026-05-31 17:57:58 | INFO | C03 | max_pts=3.00
2026-05-31 17:57:58 | INFO | P03 | {
  play_id: P0457
  game_id: 0042500317
  timestamp: 2026-06-01T04:10:09Z
  player_id: PL_1628436
  action_type: Rebound
  shot_type: 2PT
  distance_ft: 0.0
  is_made: False
  quarter: 3
  time_remaining: PT04M27.00S
}
2026-05-31 17:57:58 | INFO | P03 |   Sending message with key=0042500317
2026-05-31 17:57:58 | INFO | P03 |   MESSAGE SENT  sent=317
2026-05-31 17:57:58 | INFO | C03 | {'action_type': 'Rebound', 'distance_ft': '0.0', 'game_id': '0042500317', 'is_made': 'False', 'play_id': 'P0457', 'player_id': 'PL_1628436', 'quarter': '3', 'shot_type': '2PT', 'time_remaining': 'PT04M27.00S', 'timestamp': '2026-06-01T04:10:09Z', '_kafka_key': '0042500317', '_kafka_partition': 0, '_kafka_offset': 316}
2026-05-31 17:57:58 | INFO | C03 | Skipping non-shot event: play_id=P0457, action_type=Rebound
2026-05-31 17:57:58 | WARNING | C03 | MESSAGE REJECTED
2026-05-31 17:57:58 | WARNING | C03 | play=P0457
2026-05-31 17:57:58 | WARNING | C03 | skipped=180
2026-05-31 17:57:59 | INFO | P03 | {
  play_id: P0473
  game_id: 0042500317
  timestamp: 2026-06-01T04:10:14Z
  player_id: PL_1628436
  action_type: Missed Shot
  shot_type: 2PT
  distance_ft: 1.0
  is_made: False
  quarter: 3
  time_remaining: PT04M27.00S
}
2026-05-31 17:57:59 | INFO | P03 |   Sending message with key=0042500317
2026-05-31 17:57:59 | INFO | P03 |   MESSAGE SENT  sent=318
2026-05-31 17:57:59 | INFO | C03 | {'action_type': 'Missed Shot', 'distance_ft': '1.0', 'game_id': '0042500317', 'is_made': 'False', 'play_id': 'P0473', 'player_id': 'PL_1628436', 'quarter': '3', 'shot_type': '2PT', 'time_remaining': 'PT04M27.00S', 'timestamp': '2026-06-01T04:10:14Z', '_kafka_key': '0042500317', '_kafka_partition': 0, '_kafka_offset': 317}
2026-05-31 17:57:59 | INFO | C03 | shot_quality=Restricted Area
2026-05-31 17:57:59 | INFO | C03 | clutch_shot=False
2026-05-31 17:57:59 | INFO | C03 | points_scored=0
2026-05-31 17:57:59 | INFO | C03 | running_total_pts=143
2026-05-31 17:57:59 | INFO | C03 | MESSAGE ACCEPTED
2026-05-31 17:57:59 | INFO | C03 | play=P0473
2026-05-31 17:57:59 | INFO | C03 | points=0
2026-05-31 17:57:59 | INFO | C03 | consumed=138
2026-05-31 17:57:59 | INFO | C03 | RUNNING STATS
2026-05-31 17:57:59 | INFO | C03 | total_pts=143
2026-05-31 17:57:59 | INFO | C03 | average_pts=1.04
2026-05-31 17:57:59 | INFO | C03 | min_pts=0.00
2026-05-31 17:57:59 | INFO | C03 | max_pts=3.00
2026-05-31 17:57:59 | INFO | P03 | {
  play_id: P0474
  game_id: 0042500317
  timestamp: 2026-06-01T04:10:19Z
  player_id: PL_1628392
  action_type: Rebound
  shot_type: 2PT
  distance_ft: 0.0
  is_made: False
  quarter: 3
  time_remaining: PT04M26.00S
}
2026-05-31 17:57:59 | INFO | P03 |   Sending message with key=0042500317
2026-05-31 17:57:59 | INFO | P03 |   MESSAGE SENT  sent=319
2026-05-31 17:57:59 | INFO | C03 | {'action_type': 'Rebound', 'distance_ft': '0.0', 'game_id': '0042500317', 'is_made': 'False', 'play_id': 'P0474', 'player_id': 'PL_1628392', 'quarter': '3', 'shot_type': '2PT', 'time_remaining': 'PT04M26.00S', 'timestamp': '2026-06-01T04:10:19Z', '_kafka_key': '0042500317', '_kafka_partition': 0, '_kafka_offset': 318}
2026-05-31 17:57:59 | INFO | C03 | Skipping non-shot event: play_id=P0474, action_type=Rebound
2026-05-31 17:57:59 | WARNING | C03 | MESSAGE REJECTED
2026-05-31 17:57:59 | WARNING | C03 | play=P0474
2026-05-31 17:57:59 | WARNING | C03 | skipped=181
2026-05-31 17:58:00 | INFO | P03 | {
  play_id: P0458
  game_id: 0042500317
  timestamp: 2026-06-01T04:10:24Z
  player_id: PL_1628983
  action_type: Turnover
  shot_type: 2PT
  distance_ft: 0.0
  is_made: False
  quarter: 3
  time_remaining: PT04M22.00S
}
2026-05-31 17:58:00 | INFO | P03 |   Sending message with key=0042500317
2026-05-31 17:58:00 | INFO | C03 | {'action_type': 'Turnover', 'distance_ft': '0.0', 'game_id': '0042500317', 'is_made': 'False', 'play_id': 'P0458', 'player_id': 'PL_1628983', 'quarter': '3', 'shot_type': '2PT', 'time_remaining': 'PT04M22.00S', 'timestamp': '2026-06-01T04:10:24Z', '_kafka_key': '0042500317', '_kafka_partition': 0, '_kafka_offset': 319}
2026-05-31 17:58:00 | INFO | C03 | Skipping non-shot event: play_id=P0458, action_type=Turnover
2026-05-31 17:58:00 | WARNING | C03 | MESSAGE REJECTED
2026-05-31 17:58:00 | INFO | P03 |   MESSAGE SENT  sent=320
2026-05-31 17:58:00 | WARNING | C03 | play=P0458
2026-05-31 17:58:00 | WARNING | C03 | skipped=182
2026-05-31 17:58:00 | INFO | P03 | {
  play_id: P0459
  game_id: 0042500317
  timestamp: 2026-06-01T04:10:29Z
  player_id: PL_1628368
  action_type: Missed Shot
  shot_type: 2PT
  distance_ft: 4.0
  is_made: False
  quarter: 3
  time_remaining: PT04M11.00S
}
2026-05-31 17:58:00 | INFO | P03 |   Sending message with key=0042500317
2026-05-31 17:58:01 | INFO | P03 |   MESSAGE SENT  sent=321
2026-05-31 17:58:01 | INFO | C03 | {'action_type': 'Missed Shot', 'distance_ft': '4.0', 'game_id': '0042500317', 'is_made': 'False', 'play_id': 'P0459', 'player_id': 'PL_1628368', 'quarter': '3', 'shot_type': '2PT', 'time_remaining': 'PT04M11.00S', 'timestamp': '2026-06-01T04:10:29Z', '_kafka_key': '0042500317', '_kafka_partition': 0, '_kafka_offset': 320}
2026-05-31 17:58:01 | INFO | C03 | shot_quality=Paint
2026-05-31 17:58:01 | INFO | C03 | clutch_shot=False
2026-05-31 17:58:01 | INFO | C03 | points_scored=0
2026-05-31 17:58:01 | INFO | C03 | running_total_pts=143
2026-05-31 17:58:01 | INFO | C03 | MESSAGE ACCEPTED
2026-05-31 17:58:01 | INFO | C03 | play=P0459
2026-05-31 17:58:01 | INFO | C03 | points=0
2026-05-31 17:58:01 | INFO | C03 | consumed=139
2026-05-31 17:58:01 | INFO | C03 | RUNNING STATS
2026-05-31 17:58:01 | INFO | C03 | total_pts=143
2026-05-31 17:58:01 | INFO | C03 | average_pts=1.03
2026-05-31 17:58:01 | INFO | C03 | min_pts=0.00
2026-05-31 17:58:01 | INFO | C03 | max_pts=3.00
2026-05-31 17:58:01 | INFO | P03 | {
  play_id: P0460
  game_id: 0042500317
  timestamp: 2026-06-01T04:10:34Z
  player_id: PL_1628436
  action_type: Rebound
  shot_type: 2PT
  distance_ft: 0.0
  is_made: False
  quarter: 3
  time_remaining: PT04M08.00S
}
2026-05-31 17:58:01 | INFO | P03 |   Sending message with key=0042500317
2026-05-31 17:58:01 | INFO | P03 |   MESSAGE SENT  sent=322
2026-05-31 17:58:01 | INFO | C03 | {'action_type': 'Rebound', 'distance_ft': '0.0', 'game_id': '0042500317', 'is_made': 'False', 'play_id': 'P0460', 'player_id': 'PL_1628436', 'quarter': '3', 'shot_type': '2PT', 'time_remaining': 'PT04M08.00S', 'timestamp': '2026-06-01T04:10:34Z', '_kafka_key': '0042500317', '_kafka_partition': 0, '_kafka_offset': 321}
2026-05-31 17:58:01 | INFO | C03 | Skipping non-shot event: play_id=P0460, action_type=Rebound
2026-05-31 17:58:01 | WARNING | C03 | MESSAGE REJECTED
2026-05-31 17:58:01 | WARNING | C03 | play=P0460
2026-05-31 17:58:01 | WARNING | C03 | skipped=183
2026-05-31 17:58:02 | INFO | P03 | {
  play_id: P0461
  game_id: 0042500317
  timestamp: 2026-06-01T04:10:39Z
  player_id: PL_1628436
  action_type: Missed Shot
  shot_type: 2PT
  distance_ft: 0.0
  is_made: False
  quarter: 3
  time_remaining: PT04M08.00S
}
2026-05-31 17:58:02 | INFO | P03 |   Sending message with key=0042500317
2026-05-31 17:58:02 | INFO | C03 | {'action_type': 'Missed Shot', 'distance_ft': '0.0', 'game_id': '0042500317', 'is_made': 'False', 'play_id': 'P0461', 'player_id': 'PL_1628436', 'quarter': '3', 'shot_type': '2PT', 'time_remaining': 'PT04M08.00S', 'timestamp': '2026-06-01T04:10:39Z', '_kafka_key': '0042500317', '_kafka_partition': 0, '_kafka_offset': 322}
2026-05-31 17:58:02 | INFO | P03 |   MESSAGE SENT  sent=323
ea
2026-05-31 17:58:02 | INFO | C03 | clutch_shot=False
2026-05-31 17:58:02 | INFO | C03 | points_scored=0
2026-05-31 17:58:02 | INFO | C03 | running_total_pts=143
2026-05-31 17:58:02 | INFO | C03 | MESSAGE ACCEPTED
2026-05-31 17:58:02 | INFO | C03 | play=P0461
2026-05-31 17:58:02 | INFO | C03 | points=0
2026-05-31 17:58:02 | INFO | C03 | consumed=140
2026-05-31 17:58:02 | INFO | C03 | RUNNING STATS
2026-05-31 17:58:02 | INFO | C03 | total_pts=143
2026-05-31 17:58:02 | INFO | C03 | average_pts=1.02
2026-05-31 17:58:02 | INFO | C03 | min_pts=0.00
2026-05-31 17:58:02 | INFO | C03 | max_pts=3.00
2026-05-31 17:58:02 | INFO | P03 | {
  play_id: P0462
  game_id: 0042500317
  timestamp: 2026-06-01T04:10:44Z
  player_id: PL_1628436
  action_type: Rebound
  shot_type: 2PT
  distance_ft: 0.0
  is_made: False
  quarter: 3
  time_remaining: PT04M07.00S
}
2026-05-31 17:58:02 | INFO | P03 |   Sending message with key=0042500317
2026-05-31 17:58:02 | INFO | C03 | {'action_type': 'Rebound', 'distance_ft': '0.0', 'game_id': '0042500317', 'is_made': 'False', 'play_id': 'P0462', 'player_id': 'PL_1628436', 'quarter': '3', 'shot_type': '2PT', 'time_remaining': 'PT04M07.00S', 'timestamp': '2026-06-01T04:10:44Z', '_kafka_key': '0042500317', '_kafka_partition': 0, '_kafka_offset': 323}
2026-05-31 17:58:02 | INFO | P03 |   MESSAGE SENT  sent=324
2026-05-31 17:58:02 | INFO | C03 | Skipping non-shot event: play_id=P0462, action_type=Rebound
2026-05-31 17:58:02 | WARNING | C03 | MESSAGE REJECTED
2026-05-31 17:58:02 | WARNING | C03 | play=P0462
2026-05-31 17:58:02 | WARNING | C03 | skipped=184
2026-05-31 17:58:03 | INFO | P03 | {
  play_id: P0485
  game_id: 0042500317
  timestamp: 2026-06-01T04:10:49Z
  player_id: PL_1628436
  action_type: Missed Shot
  shot_type: 2PT
  distance_ft: 1.0
  is_made: False
  quarter: 3
  time_remaining: PT04M07.00S
}
2026-05-31 17:58:03 | INFO | P03 |   Sending message with key=0042500317
2026-05-31 17:58:03 | INFO | P03 |   MESSAGE SENT  sent=325
2026-05-31 17:58:03 | INFO | C03 | {'action_type': 'Missed Shot', 'distance_ft': '1.0', 'game_id': '0042500317', 'is_made': 'False', 'play_id': 'P0485', 'player_id': 'PL_1628436', 'quarter': '3', 'shot_type': '2PT', 'time_remaining': 'PT04M07.00S', 'timestamp': '2026-06-01T04:10:49Z', '_kafka_key': '0042500317', '_kafka_partition': 0, '_kafka_offset': 324}
2026-05-31 17:58:03 | INFO | C03 | shot_quality=Restricted Area
2026-05-31 17:58:03 | INFO | C03 | clutch_shot=False
2026-05-31 17:58:03 | INFO | C03 | points_scored=0
2026-05-31 17:58:03 | INFO | C03 | running_total_pts=143
2026-05-31 17:58:03 | INFO | C03 | MESSAGE ACCEPTED
2026-05-31 17:58:03 | INFO | C03 | play=P0485
2026-05-31 17:58:03 | INFO | C03 | points=0
2026-05-31 17:58:03 | INFO | C03 | consumed=141
2026-05-31 17:58:03 | INFO | C03 | RUNNING STATS
2026-05-31 17:58:03 | INFO | C03 | total_pts=143
2026-05-31 17:58:03 | INFO | C03 | average_pts=1.01
2026-05-31 17:58:03 | INFO | C03 | min_pts=0.00
2026-05-31 17:58:03 | INFO | C03 | max_pts=3.00
2026-05-31 17:58:03 | INFO | P03 | {
  play_id: P0486
  game_id: 0042500317
  timestamp: 2026-06-01T04:10:54Z
  player_id: PL_1610612759
  action_type: Rebound
  shot_type: 2PT
  distance_ft: 0.0
  is_made: False
  quarter: 3
  time_remaining: PT04M07.00S
}
2026-05-31 17:58:03 | INFO | P03 |   Sending message with key=0042500317
2026-05-31 17:58:03 | INFO | P03 |   MESSAGE SENT  sent=326
2026-05-31 17:58:03 | INFO | C03 | {'action_type': 'Rebound', 'distance_ft': '0.0', 'game_id': '0042500317', 'is_made': 'False', 'play_id': 'P0486', 'player_id': 'PL_1610612759', 'quarter': '3', 'shot_type': '2PT', 'time_remaining': 'PT04M07.00S', 'timestamp': '2026-06-01T04:10:54Z', '_kafka_key': '0042500317', '_kafka_partition': 0, '_kafka_offset': 325}
2026-05-31 17:58:03 | INFO | C03 | Skipping non-shot event: play_id=P0486, action_type=Rebound
2026-05-31 17:58:03 | WARNING | C03 | MESSAGE REJECTED
2026-05-31 17:58:03 | WARNING | C03 | play=P0486
2026-05-31 17:58:03 | WARNING | C03 | skipped=185
2026-05-31 17:58:04 | INFO | P03 | {
  play_id: P0463
  game_id: 0042500317
  timestamp: 2026-06-01T04:10:59Z
  player_id: PL_1628392
  action_type: Foul
  shot_type: 2PT
  distance_ft: 0.0
  is_made: False
  quarter: 3
  time_remaining: PT04M07.00S
}
2026-05-31 17:58:04 | INFO | P03 |   Sending message with key=0042500317
2026-05-31 17:58:04 | INFO | P03 |   MESSAGE SENT  sent=327
2026-05-31 17:58:04 | INFO | C03 | {'action_type': 'Foul', 'distance_ft': '0.0', 'game_id': '0042500317', 'is_made': 'False', 'play_id': 'P0463', 'player_id': 'PL_1628392', 'quarter': '3', 'shot_type': '2PT', 'time_remaining': 'PT04M07.00S', 'timestamp': '2026-06-01T04:10:59Z', '_kafka_key': '0042500317', '_kafka_partition': 0, '_kafka_offset': 326}
2026-05-31 17:58:04 | INFO | C03 | Skipping non-shot event: play_id=P0463, action_type=Foul
2026-05-31 17:58:04 | WARNING | C03 | MESSAGE REJECTED
2026-05-31 17:58:04 | WARNING | C03 | play=P0463
2026-05-31 17:58:04 | WARNING | C03 | skipped=186
2026-05-31 17:58:04 | INFO | P03 | {
  play_id: P0465
  game_id: 0042500317
  timestamp: 2026-06-01T04:11:04Z
  player_id: PL_1630170
  action_type: Missed Shot
  shot_type: 3PT
  distance_ft: 27.0
  is_made: False
  quarter: 3
  time_remaining: PT04M00.00S
}
2026-05-31 17:58:04 | INFO | P03 |   Sending message with key=0042500317
2026-05-31 17:58:04 | INFO | P03 |   MESSAGE SENT  sent=328
2026-05-31 17:58:04 | INFO | C03 | {'action_type': 'Missed Shot', 'distance_ft': '27.0', 'game_id': '0042500317', 'is_made': 'False', 'play_id': 'P0465', 'player_id': 'PL_1630170', 'quarter': '3', 'shot_type': '3PT', 'time_remaining': 'PT04M00.00S', 'timestamp': '2026-06-01T04:11:04Z', '_kafka_key': '0042500317', '_kafka_partition': 0, '_kafka_offset': 327}
2026-05-31 17:58:04 | INFO | C03 | shot_quality=NBA Deep 3
2026-05-31 17:58:04 | INFO | C03 | clutch_shot=False
2026-05-31 17:58:04 | INFO | C03 | points_scored=0
2026-05-31 17:58:04 | INFO | C03 | running_total_pts=143
2026-05-31 17:58:04 | INFO | C03 | MESSAGE ACCEPTED
2026-05-31 17:58:04 | INFO | C03 | play=P0465
2026-05-31 17:58:04 | INFO | C03 | points=0
2026-05-31 17:58:04 | INFO | C03 | consumed=142
2026-05-31 17:58:04 | INFO | C03 | RUNNING STATS
2026-05-31 17:58:04 | INFO | C03 | total_pts=143
2026-05-31 17:58:04 | INFO | C03 | average_pts=1.01
2026-05-31 17:58:04 | INFO | C03 | min_pts=0.00
2026-05-31 17:58:04 | INFO | C03 | max_pts=3.00
2026-05-31 17:58:05 | INFO | P03 | {
  play_id: P0466
  game_id: 0042500317
  timestamp: 2026-06-01T04:11:09Z
  player_id: PL_1629640
  action_type: Rebound
  shot_type: 2PT
  distance_ft: 0.0
  is_made: False
  quarter: 3
  time_remaining: PT03M59.00S
}
2026-05-31 17:58:05 | INFO | P03 |   Sending message with key=0042500317
2026-05-31 17:58:05 | INFO | P03 |   MESSAGE SENT  sent=329
2026-05-31 17:58:05 | INFO | C03 | {'action_type': 'Rebound', 'distance_ft': '0.0', 'game_id': '0042500317', 'is_made': 'False', 'play_id': 'P0466', 'player_id': 'PL_1629640', 'quarter': '3', 'shot_type': '2PT', 'time_remaining': 'PT03M59.00S', 'timestamp': '2026-06-01T04:11:09Z', '_kafka_key': '0042500317', '_kafka_partition': 0, '_kafka_offset': 328}
2026-05-31 17:58:05 | INFO | C03 | Skipping non-shot event: play_id=P0466, action_type=Rebound
2026-05-31 17:58:05 | WARNING | C03 | MESSAGE REJECTED
2026-05-31 17:58:05 | WARNING | C03 | play=P0466
2026-05-31 17:58:05 | WARNING | C03 | skipped=187
2026-05-31 17:58:05 | INFO | P03 | {
  play_id: P0467
  game_id: 0042500317
  timestamp: 2026-06-01T04:11:14Z
  player_id: PL_1641717
  action_type: Foul
  shot_type: 2PT
  distance_ft: 0.0
  is_made: False
  quarter: 3
  time_remaining: PT03M59.00S
}
2026-05-31 17:58:05 | INFO | P03 |   Sending message with key=0042500317
2026-05-31 17:58:05 | INFO | P03 |   MESSAGE SENT  sent=330
2026-05-31 17:58:05 | INFO | C03 | {'action_type': 'Foul', 'distance_ft': '0.0', 'game_id': '0042500317', 'is_made': 'False', 'play_id': 'P0467', 'player_id': 'PL_1641717', 'quarter': '3', 'shot_type': '2PT', 'time_remaining': 'PT03M59.00S', 'timestamp': '2026-06-01T04:11:14Z', '_kafka_key': '0042500317', '_kafka_partition': 0, '_kafka_offset': 329}
2026-05-31 17:58:05 | INFO | C03 | Skipping non-shot event: play_id=P0467, action_type=Foul
2026-05-31 17:58:05 | WARNING | C03 | MESSAGE REJECTED
2026-05-31 17:58:05 | WARNING | C03 | play=P0467
2026-05-31 17:58:05 | WARNING | C03 | skipped=188
2026-05-31 17:58:06 | INFO | P03 | {
  play_id: P0469
  game_id: 0042500317
  timestamp: 2026-06-01T04:11:19Z
  player_id: PL_1629640
  action_type: Free Throw
  shot_type: FT
  distance_ft: 0.0
  is_made: False
  quarter: 3
  time_remaining: PT03M59.00S
}
2026-05-31 17:58:06 | INFO | P03 |   Sending message with key=0042500317
2026-05-31 17:58:06 | INFO | P03 |   MESSAGE SENT  sent=331
2026-05-31 17:58:06 | INFO | C03 | {'action_type': 'Free Throw', 'distance_ft': '0.0', 'game_id': '0042500317', 'is_made': 'False', 'play_id': 'P0469', 'player_id': 'PL_1629640', 'quarter': '3', 'shot_type': 'FT', 'time_remaining': 'PT03M59.00S', 'timestamp': '2026-06-01T04:11:19Z', '_kafka_key': '0042500317', '_kafka_partition': 0, '_kafka_offset': 330}
2026-05-31 17:58:06 | INFO | C03 | shot_quality=Restricted Area
2026-05-31 17:58:06 | INFO | C03 | clutch_shot=False
2026-05-31 17:58:06 | INFO | C03 | points_scored=0
2026-05-31 17:58:06 | INFO | C03 | running_total_pts=143
2026-05-31 17:58:06 | INFO | C03 | MESSAGE ACCEPTED
2026-05-31 17:58:06 | INFO | C03 | play=P0469
2026-05-31 17:58:06 | INFO | C03 | points=0
2026-05-31 17:58:06 | INFO | C03 | consumed=143
2026-05-31 17:58:06 | INFO | C03 | RUNNING STATS
2026-05-31 17:58:06 | INFO | C03 | total_pts=143
2026-05-31 17:58:06 | INFO | C03 | average_pts=1.00
2026-05-31 17:58:06 | INFO | C03 | min_pts=0.00
2026-05-31 17:58:06 | INFO | C03 | max_pts=3.00
2026-05-31 17:58:07 | INFO | P03 | {
  play_id: P0470
  game_id: 0042500317
  timestamp: 2026-06-01T04:11:24Z
  player_id: PL_1610612759
  action_type: Rebound
  shot_type: 2PT
  distance_ft: 0.0
  is_made: False
  quarter: 3
  time_remaining: PT03M59.00S
}
2026-05-31 17:58:07 | INFO | P03 |   Sending message with key=0042500317
2026-05-31 17:58:07 | INFO | P03 |   MESSAGE SENT  sent=332
2026-05-31 17:58:07 | INFO | C03 | {'action_type': 'Rebound', 'distance_ft': '0.0', 'game_id': '0042500317', 'is_made': 'False', 'play_id': 'P0470', 'player_id': 'PL_1610612759', 'quarter': '3', 'shot_type': '2PT', 'time_remaining': 'PT03M59.00S', 'timestamp': '2026-06-01T04:11:24Z', '_kafka_key': '0042500317', '_kafka_partition': 0, '_kafka_offset': 331}
2026-05-31 17:58:07 | INFO | C03 | Skipping non-shot event: play_id=P0470, action_type=Rebound
2026-05-31 17:58:07 | WARNING | C03 | MESSAGE REJECTED
2026-05-31 17:58:07 | WARNING | C03 | play=P0470
2026-05-31 17:58:07 | WARNING | C03 | skipped=189
2026-05-31 17:58:07 | INFO | P03 | {
  play_id: P0471
  game_id: 0042500317
  timestamp: 2026-06-01T04:11:29Z
  player_id: PL_1628436
  action_type: Substitution
  shot_type: 2PT
  distance_ft: 0.0
  is_made: False
  quarter: 3
  time_remaining: PT03M59.00S
}
2026-05-31 17:58:07 | INFO | P03 |   Sending message with key=0042500317
2026-05-31 17:58:07 | INFO | P03 |   MESSAGE SENT  sent=333
2026-05-31 17:58:07 | INFO | C03 | {'action_type': 'Substitution', 'distance_ft': '0.0', 'game_id': '0042500317', 'is_made': 'False', 'play_id': 'P0471', 'player_id': 'PL_1628436', 'quarter': '3', 'shot_type': '2PT', 'time_remaining': 'PT03M59.00S', 'timestamp': '2026-06-01T04:11:29Z', '_kafka_key': '0042500317', '_kafka_partition': 0, '_kafka_offset': 332}
2026-05-31 17:58:07 | INFO | C03 | Skipping non-shot event: play_id=P0471, action_type=Substitution
2026-05-31 17:58:07 | WARNING | C03 | MESSAGE REJECTED
2026-05-31 17:58:07 | WARNING | C03 | play=P0471
2026-05-31 17:58:07 | WARNING | C03 | skipped=190
2026-05-31 17:58:08 | INFO | P03 | {
  play_id: P0475
  game_id: 0042500317
  timestamp: 2026-06-01T04:11:34Z
  player_id: PL_1629640
  action_type: Free Throw
  shot_type: FT
  distance_ft: 0.0
  is_made: True
  quarter: 3
  time_remaining: PT03M59.00S
}
2026-05-31 17:58:08 | INFO | P03 |   Sending message with key=0042500317
2026-05-31 17:58:08 | INFO | P03 |   MESSAGE SENT  sent=334
2026-05-31 17:58:08 | INFO | C03 | {'action_type': 'Free Throw', 'distance_ft': '0.0', 'game_id': '0042500317', 'is_made': 'True', 'play_id': 'P0475', 'player_id': 'PL_1629640', 'quarter': '3', 'shot_type': 'FT', 'time_remaining': 'PT03M59.00S', 'timestamp': '2026-06-01T04:11:34Z', '_kafka_key': '0042500317', '_kafka_partition': 0, '_kafka_offset': 333}
2026-05-31 17:58:08 | INFO | C03 | shot_quality=Restricted Area
2026-05-31 17:58:08 | INFO | C03 | clutch_shot=False
2026-05-31 17:58:08 | INFO | C03 | points_scored=1
2026-05-31 17:58:08 | INFO | C03 | running_total_pts=144
2026-05-31 17:58:08 | INFO | C03 | MESSAGE ACCEPTED
2026-05-31 17:58:08 | INFO | C03 | play=P0475
2026-05-31 17:58:08 | INFO | C03 | points=1
2026-05-31 17:58:08 | INFO | C03 | consumed=144
2026-05-31 17:58:08 | INFO | C03 | RUNNING STATS
2026-05-31 17:58:08 | INFO | C03 | total_pts=144
2026-05-31 17:58:08 | INFO | C03 | average_pts=1.00
2026-05-31 17:58:08 | INFO | C03 | min_pts=0.00
2026-05-31 17:58:08 | INFO | C03 | max_pts=3.00
2026-05-31 17:58:08 | INFO | P03 | {
  play_id: P0476
  game_id: 0042500317
  timestamp: 2026-06-01T04:11:39Z
  player_id: PL_1641705
  action_type: Foul
  shot_type: 2PT
  distance_ft: 0.0
  is_made: False
  quarter: 3
  time_remaining: PT03M48.00S
}
2026-05-31 17:58:08 | INFO | P03 |   Sending message with key=0042500317
2026-05-31 17:58:08 | INFO | P03 |   MESSAGE SENT  sent=335
2026-05-31 17:58:08 | INFO | C03 | {'action_type': 'Foul', 'distance_ft': '0.0', 'game_id': '0042500317', 'is_made': 'False', 'play_id': 'P0476', 'player_id': 'PL_1641705', 'quarter': '3', 'shot_type': '2PT', 'time_remaining': 'PT03M48.00S', 'timestamp': '2026-06-01T04:11:39Z', '_kafka_key': '0042500317', '_kafka_partition': 0, '_kafka_offset': 334}
2026-05-31 17:58:08 | INFO | C03 | Skipping non-shot event: play_id=P0476, action_type=Foul
2026-05-31 17:58:08 | WARNING | C03 | MESSAGE REJECTED
2026-05-31 17:58:08 | WARNING | C03 | play=P0476
2026-05-31 17:58:08 | WARNING | C03 | skipped=191
2026-05-31 17:58:09 | INFO | P03 | {
  play_id: P0478
  game_id: 0042500317
  timestamp: 2026-06-01T04:11:44Z
  player_id: PL_1628983
  action_type: Free Throw
  shot_type: FT
  distance_ft: 0.0
  is_made: True
  quarter: 3
  time_remaining: PT03M48.00S
}
2026-05-31 17:58:09 | INFO | P03 |   Sending message with key=0042500317
2026-05-31 17:58:09 | INFO | P03 |   MESSAGE SENT  sent=336
2026-05-31 17:58:09 | INFO | C03 | {'action_type': 'Free Throw', 'distance_ft': '0.0', 'game_id': '0042500317', 'is_made': 'True', 'play_id': 'P0478', 'player_id': 'PL_1628983', 'quarter': '3', 'shot_type': 'FT', 'time_remaining': 'PT03M48.00S', 'timestamp': '2026-06-01T04:11:44Z', '_kafka_key': '0042500317', '_kafka_partition': 0, '_kafka_offset': 335}
2026-05-31 17:58:09 | INFO | C03 | shot_quality=Restricted Area
2026-05-31 17:58:09 | INFO | C03 | clutch_shot=False
2026-05-31 17:58:09 | INFO | C03 | points_scored=1
2026-05-31 17:58:09 | INFO | C03 | running_total_pts=145
2026-05-31 17:58:09 | INFO | C03 | MESSAGE ACCEPTED
2026-05-31 17:58:09 | INFO | C03 | play=P0478
2026-05-31 17:58:09 | INFO | C03 | points=1
2026-05-31 17:58:09 | INFO | C03 | consumed=145
2026-05-31 17:58:09 | INFO | C03 | RUNNING STATS
2026-05-31 17:58:09 | INFO | C03 | total_pts=145
2026-05-31 17:58:09 | INFO | C03 | average_pts=1.00
2026-05-31 17:58:09 | INFO | C03 | min_pts=0.00
2026-05-31 17:58:09 | INFO | C03 | max_pts=3.00
2026-05-31 17:58:09 | INFO | P03 | {
  play_id: P0479
  game_id: 0042500317
  timestamp: 2026-06-01T04:11:49Z
  player_id: PL_1628983
  action_type: Free Throw
  shot_type: FT
  distance_ft: 0.0
  is_made: True
  quarter: 3
  time_remaining: PT03M48.00S
}
2026-05-31 17:58:09 | INFO | P03 |   Sending message with key=0042500317
2026-05-31 17:58:09 | INFO | C03 | {'action_type': 'Free Throw', 'distance_ft': '0.0', 'game_id': '0042500317', 'is_made': 'True', 'play_id': 'P0479', 'player_id': 'PL_1628983', 'quarter': '3', 'shot_type': 'FT', 'time_remaining': 'PT03M48.00S', 'timestamp': '2026-06-01T04:11:49Z', '_kafka_key': '0042500317', '_kafka_partition': 0, '_kafka_offset': 336}
2026-05-31 17:58:09 | INFO | P03 |   MESSAGE SENT  sent=337
2026-05-31 17:58:09 | INFO | C03 | shot_quality=Restricted Area
2026-05-31 17:58:09 | INFO | C03 | clutch_shot=False
2026-05-31 17:58:09 | INFO | C03 | points_scored=1
2026-05-31 17:58:09 | INFO | C03 | running_total_pts=146
2026-05-31 17:58:09 | INFO | C03 | MESSAGE ACCEPTED
2026-05-31 17:58:09 | INFO | C03 | play=P0479
2026-05-31 17:58:09 | INFO | C03 | points=1
2026-05-31 17:58:09 | INFO | C03 | consumed=146
2026-05-31 17:58:09 | INFO | C03 | RUNNING STATS
2026-05-31 17:58:09 | INFO | C03 | total_pts=146
2026-05-31 17:58:09 | INFO | C03 | average_pts=1.00
2026-05-31 17:58:09 | INFO | C03 | min_pts=0.00
2026-05-31 17:58:09 | INFO | C03 | max_pts=3.00
2026-05-31 17:58:10 | INFO | P03 | {
  play_id: P0480
  game_id: 0042500317
  timestamp: 2026-06-01T04:11:54Z
  player_id: PL_1629640
  action_type: Missed Shot
  shot_type: 3PT
  distance_ft: 26.0
  is_made: False
  quarter: 3
  time_remaining: PT03M36.00S
}
2026-05-31 17:58:10 | INFO | P03 |   Sending message with key=0042500317
2026-05-31 17:58:10 | INFO | P03 |   MESSAGE SENT  sent=338
2026-05-31 17:58:10 | INFO | C03 | {'action_type': 'Missed Shot', 'distance_ft': '26.0', 'game_id': '0042500317', 'is_made': 'False', 'play_id': 'P0480', 'player_id': 'PL_1629640', 'quarter': '3', 'shot_type': '3PT', 'time_remaining': 'PT03M36.00S', 'timestamp': '2026-06-01T04:11:54Z', '_kafka_key': '0042500317', '_kafka_partition': 0, '_kafka_offset': 337}
2026-05-31 17:58:10 | INFO | C03 | shot_quality=NBA Deep 3
2026-05-31 17:58:10 | INFO | C03 | clutch_shot=False
2026-05-31 17:58:10 | INFO | C03 | points_scored=0
2026-05-31 17:58:10 | INFO | C03 | running_total_pts=146
2026-05-31 17:58:10 | INFO | C03 | MESSAGE ACCEPTED
2026-05-31 17:58:10 | INFO | C03 | play=P0480
2026-05-31 17:58:10 | INFO | C03 | points=0
2026-05-31 17:58:10 | INFO | C03 | consumed=147
2026-05-31 17:58:10 | INFO | C03 | RUNNING STATS
2026-05-31 17:58:10 | INFO | C03 | total_pts=146
2026-05-31 17:58:10 | INFO | C03 | average_pts=0.99
2026-05-31 17:58:10 | INFO | C03 | min_pts=0.00
2026-05-31 17:58:10 | INFO | C03 | max_pts=3.00
2026-05-31 17:58:10 | INFO | P03 | {
  play_id: P0481
  game_id: 0042500317
  timestamp: 2026-06-01T04:11:59Z
  player_id: PL_1641717
  action_type: Rebound
  shot_type: 2PT
  distance_ft: 0.0
  is_made: False
  quarter: 3
  time_remaining: PT03M32.00S
}
2026-05-31 17:58:10 | INFO | P03 |   Sending message with key=0042500317
2026-05-31 17:58:10 | INFO | P03 |   MESSAGE SENT  sent=339
2026-05-31 17:58:10 | INFO | C03 | {'action_type': 'Rebound', 'distance_ft': '0.0', 'game_id': '0042500317', 'is_made': 'False', 'play_id': 'P0481', 'player_id': 'PL_1641717', 'quarter': '3', 'shot_type': '2PT', 'time_remaining': 'PT03M32.00S', 'timestamp': '2026-06-01T04:11:59Z', '_kafka_key': '0042500317', '_kafka_partition': 0, '_kafka_offset': 338}
2026-05-31 17:58:10 | INFO | C03 | Skipping non-shot event: play_id=P0481, action_type=Rebound
2026-05-31 17:58:10 | WARNING | C03 | MESSAGE REJECTED
2026-05-31 17:58:10 | WARNING | C03 | play=P0481
2026-05-31 17:58:10 | WARNING | C03 | skipped=192
2026-05-31 17:58:11 | INFO | P03 | {
  play_id: P0482
  game_id: 0042500317
  timestamp: 2026-06-01T04:12:04Z
  player_id: PL_1630170
  action_type: Foul
  shot_type: 2PT
  distance_ft: 0.0
  is_made: False
  quarter: 3
  time_remaining: PT03M15.00S
}
2026-05-31 17:58:11 | INFO | P03 |   Sending message with key=0042500317
2026-05-31 17:58:11 | INFO | P03 |   MESSAGE SENT  sent=340
2026-05-31 17:58:11 | INFO | C03 | {'action_type': 'Foul', 'distance_ft': '0.0', 'game_id': '0042500317', 'is_made': 'False', 'play_id': 'P0482', 'player_id': 'PL_1630170', 'quarter': '3', 'shot_type': '2PT', 'time_remaining': 'PT03M15.00S', 'timestamp': '2026-06-01T04:12:04Z', '_kafka_key': '0042500317', '_kafka_partition': 0, '_kafka_offset': 339}
2026-05-31 17:58:11 | INFO | C03 | Skipping non-shot event: play_id=P0482, action_type=Foul
2026-05-31 17:58:11 | WARNING | C03 | MESSAGE REJECTED
2026-05-31 17:58:11 | WARNING | C03 | play=P0482
2026-05-31 17:58:11 | WARNING | C03 | skipped=193
2026-05-31 17:58:11 | INFO | P03 | {
  play_id: P0484
  game_id: 0042500317
  timestamp: 2026-06-01T04:12:09Z
  player_id: PL_1628983
  action_type: Free Throw
  shot_type: FT
  distance_ft: 0.0
  is_made: True
  quarter: 3
  time_remaining: PT03M15.00S
}
2026-05-31 17:58:11 | INFO | P03 |   Sending message with key=0042500317
2026-05-31 17:58:12 | INFO | P03 |   MESSAGE SENT  sent=341
2026-05-31 17:58:12 | INFO | C03 | {'action_type': 'Free Throw', 'distance_ft': '0.0', 'game_id': '0042500317', 'is_made': 'True', 'play_id': 'P0484', 'player_id': 'PL_1628983', 'quarter': '3', 'shot_type': 'FT', 'time_remaining': 'PT03M15.00S', 'timestamp': '2026-06-01T04:12:09Z', '_kafka_key': '0042500317', '_kafka_partition': 0, '_kafka_offset': 340}
2026-05-31 17:58:12 | INFO | C03 | shot_quality=Restricted Area
2026-05-31 17:58:12 | INFO | C03 | clutch_shot=False
2026-05-31 17:58:12 | INFO | C03 | points_scored=1
2026-05-31 17:58:12 | INFO | C03 | running_total_pts=147
2026-05-31 17:58:12 | INFO | C03 | MESSAGE ACCEPTED
2026-05-31 17:58:12 | INFO | C03 | play=P0484
2026-05-31 17:58:12 | INFO | C03 | points=1
2026-05-31 17:58:12 | INFO | C03 | consumed=148
2026-05-31 17:58:12 | INFO | C03 | RUNNING STATS
2026-05-31 17:58:12 | INFO | C03 | total_pts=147
2026-05-31 17:58:12 | INFO | C03 | average_pts=0.99
2026-05-31 17:58:12 | INFO | C03 | min_pts=0.00
2026-05-31 17:58:12 | INFO | C03 | max_pts=3.00
2026-05-31 17:58:12 | INFO | P03 | {
  play_id: P0487
  game_id: 0042500317
  timestamp: 2026-06-01T04:12:14Z
  player_id: PL_1628983
  action_type: Free Throw
  shot_type: FT
  distance_ft: 0.0
  is_made: True
  quarter: 3
  time_remaining: PT03M15.00S
}
2026-05-31 17:58:12 | INFO | P03 |   Sending message with key=0042500317
2026-05-31 17:58:12 | INFO | C03 | {'action_type': 'Free Throw', 'distance_ft': '0.0', 'game_id': '0042500317', 'is_made': 'True', 'play_id': 'P0487', 'player_id': 'PL_1628983', 'quarter': '3', 'shot_type': 'FT', 'time_remaining': 'PT03M15.00S', 'timestamp': '2026-06-01T04:12:14Z', '_kafka_key': '0042500317', '_kafka_partition': 0, '_kafka_offset': 341}
2026-05-31 17:58:12 | INFO | P03 |   MESSAGE SENT  sent=342
2026-05-31 17:58:12 | INFO | C03 | shot_quality=Restricted Area
2026-05-31 17:58:12 | INFO | C03 | clutch_shot=False
2026-05-31 17:58:12 | INFO | C03 | points_scored=1
2026-05-31 17:58:12 | INFO | C03 | running_total_pts=148
2026-05-31 17:58:12 | INFO | C03 | MESSAGE ACCEPTED
2026-05-31 17:58:12 | INFO | C03 | play=P0487
2026-05-31 17:58:12 | INFO | C03 | points=1
2026-05-31 17:58:12 | INFO | C03 | consumed=149
2026-05-31 17:58:12 | INFO | C03 | RUNNING STATS
2026-05-31 17:58:12 | INFO | C03 | total_pts=148
2026-05-31 17:58:12 | INFO | C03 | average_pts=0.99
2026-05-31 17:58:12 | INFO | C03 | min_pts=0.00
2026-05-31 17:58:12 | INFO | C03 | max_pts=3.00
2026-05-31 17:58:13 | INFO | P03 | {
  play_id: P0488
  game_id: 0042500317
  timestamp: 2026-06-01T04:12:19Z
  player_id: PL_1628983
  action_type: Free Throw
  shot_type: FT
  distance_ft: 0.0
  is_made: True
  quarter: 3
  time_remaining: PT03M15.00S
}
2026-05-31 17:58:13 | INFO | P03 |   Sending message with key=0042500317
2026-05-31 17:58:13 | INFO | P03 |   MESSAGE SENT  sent=343
2026-05-31 17:58:13 | INFO | C03 | {'action_type': 'Free Throw', 'distance_ft': '0.0', 'game_id': '0042500317', 'is_made': 'True', 'play_id': 'P0488', 'player_id': 'PL_1628983', 'quarter': '3', 'shot_type': 'FT', 'time_remaining': 'PT03M15.00S', 'timestamp': '2026-06-01T04:12:19Z', '_kafka_key': '0042500317', '_kafka_partition': 0, '_kafka_offset': 342}
2026-05-31 17:58:13 | INFO | C03 | shot_quality=Restricted Area
2026-05-31 17:58:13 | INFO | C03 | clutch_shot=False
2026-05-31 17:58:13 | INFO | C03 | points_scored=1
2026-05-31 17:58:13 | INFO | C03 | running_total_pts=149
2026-05-31 17:58:13 | INFO | C03 | MESSAGE ACCEPTED
2026-05-31 17:58:13 | INFO | C03 | play=P0488
2026-05-31 17:58:13 | INFO | C03 | points=1
2026-05-31 17:58:13 | INFO | C03 | consumed=150
2026-05-31 17:58:13 | INFO | C03 | RUNNING STATS
2026-05-31 17:58:13 | INFO | C03 | total_pts=149
2026-05-31 17:58:13 | INFO | C03 | average_pts=0.99
2026-05-31 17:58:13 | INFO | C03 | min_pts=0.00
2026-05-31 17:58:13 | INFO | C03 | max_pts=3.00
2026-05-31 17:58:13 | INFO | P03 | {
  play_id: P0489
  game_id: 0042500317
  timestamp: 2026-06-01T04:12:24Z
  player_id: PL_1630170
  action_type: Missed Shot
  shot_type: 2PT
  distance_ft: 18.0
  is_made: False
  quarter: 3
  time_remaining: PT03M04.00S
}
2026-05-31 17:58:13 | INFO | P03 |   Sending message with key=0042500317
2026-05-31 17:58:13 | INFO | P03 |   MESSAGE SENT  sent=344
2026-05-31 17:58:13 | INFO | C03 | {'action_type': 'Missed Shot', 'distance_ft': '18.0', 'game_id': '0042500317', 'is_made': 'False', 'play_id': 'P0489', 'player_id': 'PL_1630170', 'quarter': '3', 'shot_type': '2PT', 'time_remaining': 'PT03M04.00S', 'timestamp': '2026-06-01T04:12:24Z', '_kafka_key': '0042500317', '_kafka_partition': 0, '_kafka_offset': 343}
2026-05-31 17:58:13 | INFO | C03 | shot_quality=Mid-Range
2026-05-31 17:58:13 | INFO | C03 | clutch_shot=False
2026-05-31 17:58:13 | INFO | C03 | points_scored=0
2026-05-31 17:58:13 | INFO | C03 | running_total_pts=149
2026-05-31 17:58:13 | INFO | C03 | MESSAGE ACCEPTED
2026-05-31 17:58:13 | INFO | C03 | play=P0489
2026-05-31 17:58:13 | INFO | C03 | points=0
2026-05-31 17:58:13 | INFO | C03 | consumed=151
2026-05-31 17:58:13 | INFO | C03 | RUNNING STATS
2026-05-31 17:58:13 | INFO | C03 | total_pts=149
2026-05-31 17:58:13 | INFO | C03 | average_pts=0.99
2026-05-31 17:58:13 | INFO | C03 | min_pts=0.00
2026-05-31 17:58:13 | INFO | C03 | max_pts=3.00
2026-05-31 17:58:14 | INFO | P03 | {
  play_id: P0490
  game_id: 0042500317
  timestamp: 2026-06-01T04:12:29Z
  player_id: PL_1641705
  action_type: Rebound
  shot_type: 2PT
  distance_ft: 0.0
  is_made: False
  quarter: 3
  time_remaining: PT02M59.00S
}
2026-05-31 17:58:14 | INFO | P03 |   Sending message with key=0042500317
2026-05-31 17:58:14 | INFO | P03 |   MESSAGE SENT  sent=345
2026-05-31 17:58:14 | INFO | C03 | {'action_type': 'Rebound', 'distance_ft': '0.0', 'game_id': '0042500317', 'is_made': 'False', 'play_id': 'P0490', 'player_id': 'PL_1641705', 'quarter': '3', 'shot_type': '2PT', 'time_remaining': 'PT02M59.00S', 'timestamp': '2026-06-01T04:12:29Z', '_kafka_key': '0042500317', '_kafka_partition': 0, '_kafka_offset': 344}
2026-05-31 17:58:14 | INFO | C03 | Skipping non-shot event: play_id=P0490, action_type=Rebound
2026-05-31 17:58:14 | WARNING | C03 | MESSAGE REJECTED
2026-05-31 17:58:14 | WARNING | C03 | play=P0490
2026-05-31 17:58:14 | WARNING | C03 | skipped=194
2026-05-31 17:58:14 | INFO | P03 | {
  play_id: P0491
  game_id: 0042500317
  timestamp: 2026-06-01T04:12:34Z
  player_id: PL_1630170
  action_type: Missed Shot
  shot_type: 3PT
  distance_ft: 26.0
  is_made: False
  quarter: 3
  time_remaining: PT02M58.00S
}
2026-05-31 17:58:14 | INFO | P03 |   Sending message with key=0042500317
2026-05-31 17:58:14 | INFO | P03 |   MESSAGE SENT  sent=346
2026-05-31 17:58:14 | INFO | C03 | {'action_type': 'Missed Shot', 'distance_ft': '26.0', 'game_id': '0042500317', 'is_made': 'False', 'play_id': 'P0491', 'player_id': 'PL_1630170', 'quarter': '3', 'shot_type': '3PT', 'time_remaining': 'PT02M58.00S', 'timestamp': '2026-06-01T04:12:34Z', '_kafka_key': '0042500317', '_kafka_partition': 0, '_kafka_offset': 345}
2026-05-31 17:58:14 | INFO | C03 | shot_quality=NBA Deep 3
2026-05-31 17:58:14 | INFO | C03 | clutch_shot=False
2026-05-31 17:58:14 | INFO | C03 | points_scored=0
2026-05-31 17:58:14 | INFO | C03 | running_total_pts=149
2026-05-31 17:58:14 | INFO | C03 | MESSAGE ACCEPTED
2026-05-31 17:58:14 | INFO | C03 | play=P0491
2026-05-31 17:58:14 | INFO | C03 | points=0
2026-05-31 17:58:14 | INFO | C03 | consumed=152
2026-05-31 17:58:14 | INFO | C03 | RUNNING STATS
2026-05-31 17:58:14 | INFO | C03 | total_pts=149
2026-05-31 17:58:14 | INFO | C03 | average_pts=0.98
2026-05-31 17:58:14 | INFO | C03 | min_pts=0.00
2026-05-31 17:58:14 | INFO | C03 | max_pts=3.00
2026-05-31 17:58:15 | INFO | P03 | {
  play_id: P0492
  game_id: 0042500317
  timestamp: 2026-06-01T04:12:39Z
  player_id: PL_1630170
  action_type: Rebound
  shot_type: 2PT
  distance_ft: 0.0
  is_made: False
  quarter: 3
  time_remaining: PT02M53.00S
}
2026-05-31 17:58:15 | INFO | P03 |   Sending message with key=0042500317
2026-05-31 17:58:15 | INFO | P03 |   MESSAGE SENT  sent=347
2026-05-31 17:58:15 | INFO | C03 | {'action_type': 'Rebound', 'distance_ft': '0.0', 'game_id': '0042500317', 'is_made': 'False', 'play_id': 'P0492', 'player_id': 'PL_1630170', 'quarter': '3', 'shot_type': '2PT', 'time_remaining': 'PT02M53.00S', 'timestamp': '2026-06-01T04:12:39Z', '_kafka_key': '0042500317', '_kafka_partition': 0, '_kafka_offset': 346}
2026-05-31 17:58:15 | INFO | C03 | Skipping non-shot event: play_id=P0492, action_type=Rebound
2026-05-31 17:58:15 | WARNING | C03 | MESSAGE REJECTED
2026-05-31 17:58:15 | WARNING | C03 | play=P0492
2026-05-31 17:58:15 | WARNING | C03 | skipped=195
2026-05-31 17:58:15 | INFO | P03 | {
  play_id: P0493
  game_id: 0042500317
  timestamp: 2026-06-01T04:12:44Z
  player_id: PL_1641705
  action_type: Missed Shot
  shot_type: 3PT
  distance_ft: 25.0
  is_made: False
  quarter: 3
  time_remaining: PT02M49.00S
}
2026-05-31 17:58:15 | INFO | P03 |   Sending message with key=0042500317
2026-05-31 17:58:15 | INFO | P03 |   MESSAGE SENT  sent=348
2026-05-31 17:58:15 | INFO | C03 | {'action_type': 'Missed Shot', 'distance_ft': '25.0', 'game_id': '0042500317', 'is_made': 'False', 'play_id': 'P0493', 'player_id': 'PL_1641705', 'quarter': '3', 'shot_type': '3PT', 'time_remaining': 'PT02M49.00S', 'timestamp': '2026-06-01T04:12:44Z', '_kafka_key': '0042500317', '_kafka_partition': 0, '_kafka_offset': 347}
2026-05-31 17:58:15 | INFO | C03 | shot_quality=NBA Deep 3
2026-05-31 17:58:15 | INFO | C03 | clutch_shot=False
2026-05-31 17:58:15 | INFO | C03 | points_scored=0
2026-05-31 17:58:15 | INFO | C03 | running_total_pts=149
2026-05-31 17:58:15 | INFO | C03 | MESSAGE ACCEPTED
2026-05-31 17:58:15 | INFO | C03 | play=P0493
2026-05-31 17:58:15 | INFO | C03 | points=0
2026-05-31 17:58:15 | INFO | C03 | consumed=153
2026-05-31 17:58:15 | INFO | C03 | RUNNING STATS
2026-05-31 17:58:15 | INFO | C03 | total_pts=149
2026-05-31 17:58:15 | INFO | C03 | average_pts=0.97
2026-05-31 17:58:15 | INFO | C03 | min_pts=0.00
2026-05-31 17:58:15 | INFO | C03 | max_pts=3.00
2026-05-31 17:58:16 | INFO | P03 | {
  play_id: P0494
  game_id: 0042500317
  timestamp: 2026-06-01T04:12:49Z
  player_id: PL_1610612760
  action_type: Rebound
  shot_type: 2PT
  distance_ft: 0.0
  is_made: False
  quarter: 3
  time_remaining: PT02M46.00S
}
2026-05-31 17:58:16 | INFO | P03 |   Sending message with key=0042500317
2026-05-31 17:58:16 | INFO | P03 |   MESSAGE SENT  sent=349
2026-05-31 17:58:16 | INFO | C03 | {'action_type': 'Rebound', 'distance_ft': '0.0', 'game_id': '0042500317', 'is_made': 'False', 'play_id': 'P0494', 'player_id': 'PL_1610612760', 'quarter': '3', 'shot_type': '2PT', 'time_remaining': 'PT02M46.00S', 'timestamp': '2026-06-01T04:12:49Z', '_kafka_key': '0042500317', '_kafka_partition': 0, '_kafka_offset': 348}
2026-05-31 17:58:16 | INFO | C03 | Skipping non-shot event: play_id=P0494, action_type=Rebound
2026-05-31 17:58:16 | WARNING | C03 | MESSAGE REJECTED
2026-05-31 17:58:16 | WARNING | C03 | play=P0494
2026-05-31 17:58:16 | WARNING | C03 | skipped=196
2026-05-31 17:58:16 | INFO | P03 | {
  play_id: P0495
  game_id: 0042500317
  timestamp: 2026-06-01T04:12:54Z
  player_id: PL_1629640
  action_type: Foul
  shot_type: 2PT
  distance_ft: 0.0
  is_made: False
  quarter: 3
  time_remaining: PT02M46.00S
}
2026-05-31 17:58:16 | INFO | P03 |   Sending message with key=0042500317
2026-05-31 17:58:17 | INFO | P03 |   MESSAGE SENT  sent=350
2026-05-31 17:58:17 | INFO | C03 | {'action_type': 'Foul', 'distance_ft': '0.0', 'game_id': '0042500317', 'is_made': 'False', 'play_id': 'P0495', 'player_id': 'PL_1629640', 'quarter': '3', 'shot_type': '2PT', 'time_remaining': 'PT02M46.00S', 'timestamp': '2026-06-01T04:12:54Z', '_kafka_key': '0042500317', '_kafka_partition': 0, '_kafka_offset': 349}
2026-05-31 17:58:17 | INFO | C03 | Skipping non-shot event: play_id=P0495, action_type=Foul
2026-05-31 17:58:17 | WARNING | C03 | MESSAGE REJECTED
2026-05-31 17:58:17 | WARNING | C03 | play=P0495
2026-05-31 17:58:17 | WARNING | C03 | skipped=197
2026-05-31 17:58:17 | INFO | P03 | {
  play_id: P0497
  game_id: 0042500317
  timestamp: 2026-06-01T04:12:59Z
  player_id: PL_1627936
  action_type: Free Throw
  shot_type: FT
  distance_ft: 0.0
  is_made: True
  quarter: 3
  time_remaining: PT02M46.00S
}
2026-05-31 17:58:17 | INFO | P03 |   Sending message with key=0042500317
2026-05-31 17:58:17 | INFO | C03 | {'action_type': 'Free Throw', 'distance_ft': '0.0', 'game_id': '0042500317', 'is_made': 'True', 'play_id': 'P0497', 'player_id': 'PL_1627936', 'quarter': '3', 'shot_type': 'FT', 'time_remaining': 'PT02M46.00S', 'timestamp': '2026-06-01T04:12:59Z', '_kafka_key': '0042500317', '_kafka_partition': 0, '_kafka_offset': 350}
2026-05-31 17:58:17 | INFO | P03 |   MESSAGE SENT  sent=351
2026-05-31 17:58:17 | INFO | C03 | shot_quality=Restricted Area
2026-05-31 17:58:17 | INFO | C03 | clutch_shot=False
2026-05-31 17:58:17 | INFO | C03 | points_scored=1
2026-05-31 17:58:17 | INFO | C03 | running_total_pts=150
2026-05-31 17:58:17 | INFO | C03 | MESSAGE ACCEPTED
2026-05-31 17:58:17 | INFO | C03 | play=P0497
2026-05-31 17:58:17 | INFO | C03 | points=1
2026-05-31 17:58:17 | INFO | C03 | consumed=154
2026-05-31 17:58:17 | INFO | C03 | RUNNING STATS
2026-05-31 17:58:17 | INFO | C03 | total_pts=150
2026-05-31 17:58:17 | INFO | C03 | average_pts=0.97
2026-05-31 17:58:17 | INFO | C03 | min_pts=0.00
2026-05-31 17:58:17 | INFO | C03 | max_pts=3.00
2026-05-31 17:58:18 | INFO | P03 | {
  play_id: P0498
  game_id: 0042500317
  timestamp: 2026-06-01T04:13:04Z
  player_id: PL_1642844
  action_type: Substitution
  shot_type: 2PT
  distance_ft: 0.0
  is_made: False
  quarter: 3
  time_remaining: PT02M46.00S
}
2026-05-31 17:58:18 | INFO | P03 |   Sending message with key=0042500317
2026-05-31 17:58:18 | INFO | P03 |   MESSAGE SENT  sent=352
2026-05-31 17:58:18 | INFO | C03 | {'action_type': 'Substitution', 'distance_ft': '0.0', 'game_id': '0042500317', 'is_made': 'False', 'play_id': 'P0498', 'player_id': 'PL_1642844', 'quarter': '3', 'shot_type': '2PT', 'time_remaining': 'PT02M46.00S', 'timestamp': '2026-06-01T04:13:04Z', '_kafka_key': '0042500317', '_kafka_partition': 0, '_kafka_offset': 351}
2026-05-31 17:58:18 | INFO | C03 | Skipping non-shot event: play_id=P0498, action_type=Substitution
2026-05-31 17:58:18 | WARNING | C03 | MESSAGE REJECTED
2026-05-31 17:58:18 | WARNING | C03 | play=P0498
2026-05-31 17:58:18 | WARNING | C03 | skipped=198
2026-05-31 17:58:18 | INFO | P03 | {
  play_id: P0499
  game_id: 0042500317
  timestamp: 2026-06-01T04:13:09Z
  player_id: PL_1629640
  action_type: Substitution
  shot_type: 2PT
  distance_ft: 0.0
  is_made: False
  quarter: 3
  time_remaining: PT02M46.00S
}
2026-05-31 17:58:18 | INFO | P03 |   Sending message with key=0042500317
2026-05-31 17:58:18 | INFO | C03 | {'action_type': 'Substitution', 'distance_ft': '0.0', 'game_id': '0042500317', 'is_made': 'False', 'play_id': 'P0499', 'player_id': 'PL_1629640', 'quarter': '3', 'shot_type': '2PT', 'time_remaining': 'PT02M46.00S', 'timestamp': '2026-06-01T04:13:09Z', '_kafka_key': '0042500317', '_kafka_partition': 0, '_kafka_offset': 352}
2026-05-31 17:58:18 | INFO | P03 |   MESSAGE SENT  sent=353
2026-05-31 17:58:18 | INFO | C03 | Skipping non-shot event: play_id=P0499, action_type=Substitution
2026-05-31 17:58:18 | WARNING | C03 | MESSAGE REJECTED
2026-05-31 17:58:18 | WARNING | C03 | play=P0499
2026-05-31 17:58:18 | WARNING | C03 | skipped=199
2026-05-31 17:58:19 | INFO | P03 | {
  play_id: P0502
  game_id: 0042500317
  timestamp: 2026-06-01T04:13:14Z
  player_id: PL_1627936
  action_type: Free Throw
  shot_type: FT
  distance_ft: 0.0
  is_made: True
  quarter: 3
  time_remaining: PT02M46.00S
}
2026-05-31 17:58:19 | INFO | P03 |   Sending message with key=0042500317
2026-05-31 17:58:19 | INFO | C03 | {'action_type': 'Free Throw', 'distance_ft': '0.0', 'game_id': '0042500317', 'is_made': 'True', 'play_id': 'P0502', 'player_id': 'PL_1627936', 'quarter': '3', 'shot_type': 'FT', 'time_remaining': 'PT02M46.00S', 'timestamp': '2026-06-01T04:13:14Z', '_kafka_key': '0042500317', '_kafka_partition': 0, '_kafka_offset': 353}
2026-05-31 17:58:19 | INFO | P03 |   MESSAGE SENT  sent=354
2026-05-31 17:58:19 | INFO | C03 | shot_quality=Restricted Area
2026-05-31 17:58:19 | INFO | C03 | clutch_shot=False
2026-05-31 17:58:19 | INFO | C03 | points_scored=1
2026-05-31 17:58:19 | INFO | C03 | running_total_pts=151
2026-05-31 17:58:19 | INFO | C03 | MESSAGE ACCEPTED
2026-05-31 17:58:19 | INFO | C03 | play=P0502
2026-05-31 17:58:19 | INFO | C03 | points=1
2026-05-31 17:58:19 | INFO | C03 | consumed=155
2026-05-31 17:58:19 | INFO | C03 | RUNNING STATS
2026-05-31 17:58:19 | INFO | C03 | total_pts=151
2026-05-31 17:58:19 | INFO | C03 | average_pts=0.97
2026-05-31 17:58:19 | INFO | C03 | min_pts=0.00
2026-05-31 17:58:19 | INFO | C03 | max_pts=3.00
2026-05-31 17:58:19 | INFO | P03 | {
  play_id: P0503
  game_id: 0042500317
  timestamp: 2026-06-01T04:13:19Z
  player_id: PL_1628368
  action_type: Made Shot
  shot_type: 2PT
  distance_ft: 3.0
  is_made: True
  quarter: 3
  time_remaining: PT02M29.00S
}
2026-05-31 17:58:19 | INFO | P03 |   Sending message with key=0042500317
2026-05-31 17:58:19 | INFO | P03 |   MESSAGE SENT  sent=355
2026-05-31 17:58:19 | INFO | C03 | {'action_type': 'Made Shot', 'distance_ft': '3.0', 'game_id': '0042500317', 'is_made': 'True', 'play_id': 'P0503', 'player_id': 'PL_1628368', 'quarter': '3', 'shot_type': '2PT', 'time_remaining': 'PT02M29.00S', 'timestamp': '2026-06-01T04:13:19Z', '_kafka_key': '0042500317', '_kafka_partition': 0, '_kafka_offset': 354}
2026-05-31 17:58:19 | INFO | C03 | shot_quality=Restricted Area
2026-05-31 17:58:19 | INFO | C03 | clutch_shot=False
2026-05-31 17:58:19 | INFO | C03 | points_scored=2
2026-05-31 17:58:19 | INFO | C03 | running_total_pts=153
2026-05-31 17:58:19 | INFO | C03 | MESSAGE ACCEPTED
2026-05-31 17:58:19 | INFO | C03 | play=P0503
2026-05-31 17:58:19 | INFO | C03 | points=2
2026-05-31 17:58:19 | INFO | C03 | consumed=156
2026-05-31 17:58:19 | INFO | C03 | RUNNING STATS
2026-05-31 17:58:19 | INFO | C03 | total_pts=153
2026-05-31 17:58:19 | INFO | C03 | average_pts=0.98
2026-05-31 17:58:19 | INFO | C03 | min_pts=0.00
2026-05-31 17:58:19 | INFO | C03 | max_pts=3.00
2026-05-31 17:58:20 | INFO | P03 | {
  play_id: P0504
  game_id: 0042500317
  timestamp: 2026-06-01T04:13:24Z
  player_id: PL_1628983
  action_type: Missed Shot
  shot_type: 2PT
  distance_ft: 17.0
  is_made: False
  quarter: 3
  time_remaining: PT02M10.00S
}
2026-05-31 17:58:20 | INFO | P03 |   Sending message with key=0042500317
2026-05-31 17:58:20 | INFO | P03 |   MESSAGE SENT  sent=356
2026-05-31 17:58:20 | INFO | C03 | {'action_type': 'Missed Shot', 'distance_ft': '17.0', 'game_id': '0042500317', 'is_made': 'False', 'play_id': 'P0504', 'player_id': 'PL_1628983', 'quarter': '3', 'shot_type': '2PT', 'time_remaining': 'PT02M10.00S', 'timestamp': '2026-06-01T04:13:24Z', '_kafka_key': '0042500317', '_kafka_partition': 0, '_kafka_offset': 355}
2026-05-31 17:58:20 | INFO | C03 | shot_quality=Mid-Range
2026-05-31 17:58:20 | INFO | C03 | clutch_shot=False
2026-05-31 17:58:20 | INFO | C03 | points_scored=0
2026-05-31 17:58:20 | INFO | C03 | running_total_pts=153
2026-05-31 17:58:20 | INFO | C03 | MESSAGE ACCEPTED
2026-05-31 17:58:20 | INFO | C03 | play=P0504
2026-05-31 17:58:20 | INFO | C03 | points=0
2026-05-31 17:58:20 | INFO | C03 | consumed=157
2026-05-31 17:58:20 | INFO | C03 | RUNNING STATS
2026-05-31 17:58:20 | INFO | C03 | total_pts=153
2026-05-31 17:58:20 | INFO | C03 | average_pts=0.97
2026-05-31 17:58:20 | INFO | C03 | min_pts=0.00
2026-05-31 17:58:20 | INFO | C03 | max_pts=3.00
2026-05-31 17:58:20 | INFO | P03 | {
  play_id: P0505
  game_id: 0042500317
  timestamp: 2026-06-01T04:13:29Z
  player_id: PL_1630170
  action_type: Rebound
  shot_type: 2PT
  distance_ft: 0.0
  is_made: False
  quarter: 3
  time_remaining: PT02M07.00S
}
2026-05-31 17:58:20 | INFO | P03 |   Sending message with key=0042500317
2026-05-31 17:58:20 | INFO | C03 | {'action_type': 'Rebound', 'distance_ft': '0.0', 'game_id': '0042500317', 'is_made': 'False', 'play_id': 'P0505', 'player_id': 'PL_1630170', 'quarter': '3', 'shot_type': '2PT', 'time_remaining': 'PT02M07.00S', 'timestamp': '2026-06-01T04:13:29Z', '_kafka_key': '0042500317', '_kafka_partition': 0, '_kafka_offset': 356}
2026-05-31 17:58:20 | INFO | P03 |   MESSAGE SENT  sent=357
2026-05-31 17:58:20 | INFO | C03 | Skipping non-shot event: play_id=P0505, action_type=Rebound
2026-05-31 17:58:20 | WARNING | C03 | MESSAGE REJECTED
2026-05-31 17:58:20 | WARNING | C03 | play=P0505
2026-05-31 17:58:20 | WARNING | C03 | skipped=200
2026-05-31 17:58:21 | INFO | P03 | {
  play_id: P0510
  game_id: 0042500317
  timestamp: 2026-06-01T04:13:34Z
  player_id: PL_1628368
  action_type: Missed Shot
  shot_type: 2PT
  distance_ft: 1.0
  is_made: False
  quarter: 3
  time_remaining: PT02M00.00S
}
2026-05-31 17:58:21 | INFO | P03 |   Sending message with key=0042500317
2026-05-31 17:58:21 | INFO | P03 |   MESSAGE SENT  sent=358
2026-05-31 17:58:21 | INFO | C03 | {'action_type': 'Missed Shot', 'distance_ft': '1.0', 'game_id': '0042500317', 'is_made': 'False', 'play_id': 'P0510', 'player_id': 'PL_1628368', 'quarter': '3', 'shot_type': '2PT', 'time_remaining': 'PT02M00.00S', 'timestamp': '2026-06-01T04:13:34Z', '_kafka_key': '0042500317', '_kafka_partition': 0, '_kafka_offset': 357}
2026-05-31 17:58:21 | INFO | C03 | shot_quality=Restricted Area
2026-05-31 17:58:21 | INFO | C03 | clutch_shot=False
2026-05-31 17:58:21 | INFO | C03 | points_scored=0
2026-05-31 17:58:21 | INFO | C03 | running_total_pts=153
2026-05-31 17:58:21 | INFO | C03 | MESSAGE ACCEPTED
2026-05-31 17:58:21 | INFO | C03 | play=P0510
2026-05-31 17:58:21 | INFO | C03 | points=0
2026-05-31 17:58:21 | INFO | C03 | consumed=158
2026-05-31 17:58:21 | INFO | C03 | RUNNING STATS
2026-05-31 17:58:21 | INFO | C03 | total_pts=153
2026-05-31 17:58:21 | INFO | C03 | average_pts=0.97
2026-05-31 17:58:21 | INFO | C03 | min_pts=0.00
2026-05-31 17:58:21 | INFO | C03 | max_pts=3.00
2026-05-31 17:58:21 | INFO | P03 | {
  play_id: P0510
  game_id: 0042500317
  timestamp: 2026-06-01T04:13:39Z
  player_id: PL_1627936
  action_type: Unknown
  shot_type: 2PT
  distance_ft: 0.0
  is_made: False
  quarter: 3
  time_remaining: PT02M00.00S
}
2026-05-31 17:58:21 | INFO | P03 |   Sending message with key=0042500317
2026-05-31 17:58:22 | INFO | P03 |   MESSAGE SENT  sent=359
2026-05-31 17:58:22 | INFO | C03 | {'action_type': 'Unknown', 'distance_ft': '0.0', 'game_id': '0042500317', 'is_made': 'False', 'play_id': 'P0510', 'player_id': 'PL_1627936', 'quarter': '3', 'shot_type': '2PT', 'time_remaining': 'PT02M00.00S', 'timestamp': '2026-06-01T04:13:39Z', '_kafka_key': '0042500317', '_kafka_partition': 0, '_kafka_offset': 358}
2026-05-31 17:58:22 | INFO | C03 | Skipping non-shot event: play_id=P0510, action_type=Unknown
2026-05-31 17:58:22 | WARNING | C03 | MESSAGE REJECTED
2026-05-31 17:58:22 | WARNING | C03 | play=P0510
2026-05-31 17:58:22 | WARNING | C03 | skipped=201
2026-05-31 17:58:22 | INFO | P03 | {
  play_id: P0512
  game_id: 0042500317
  timestamp: 2026-06-01T04:13:44Z
  player_id: PL_1610612760
  action_type: Rebound
  shot_type: 2PT
  distance_ft: 0.0
  is_made: False
  quarter: 3
  time_remaining: PT02M00.00S
}
2026-05-31 17:58:22 | INFO | P03 |   Sending message with key=0042500317
2026-05-31 17:58:22 | INFO | P03 |   MESSAGE SENT  sent=360
2026-05-31 17:58:22 | INFO | C03 | {'action_type': 'Rebound', 'distance_ft': '0.0', 'game_id': '0042500317', 'is_made': 'False', 'play_id': 'P0512', 'player_id': 'PL_1610612760', 'quarter': '3', 'shot_type': '2PT', 'time_remaining': 'PT02M00.00S', 'timestamp': '2026-06-01T04:13:44Z', '_kafka_key': '0042500317', '_kafka_partition': 0, '_kafka_offset': 359}
2026-05-31 17:58:22 | INFO | C03 | Skipping non-shot event: play_id=P0512, action_type=Rebound
2026-05-31 17:58:22 | WARNING | C03 | MESSAGE REJECTED
2026-05-31 17:58:22 | WARNING | C03 | play=P0512
2026-05-31 17:58:22 | WARNING | C03 | skipped=202
2026-05-31 17:58:23 | INFO | P03 | {
  play_id: P0508
  game_id: 0042500317
  timestamp: 2026-06-01T04:13:49Z
  player_id: PL_1610612760
  action_type: Timeout
  shot_type: 2PT
  distance_ft: 0.0
  is_made: False
  quarter: 3
  time_remaining: PT02M00.00S
}
2026-05-31 17:58:23 | INFO | P03 |   Sending message with key=0042500317
2026-05-31 17:58:23 | INFO | C03 | {'action_type': 'Timeout', 'distance_ft': '0.0', 'game_id': '0042500317', 'is_made': 'False', 'play_id': 'P0508', 'player_id': 'PL_1610612760', 'quarter': '3', 'shot_type': '2PT', 'time_remaining': 'PT02M00.00S', 'timestamp': '2026-06-01T04:13:49Z', '_kafka_key': '0042500317', '_kafka_partition': 0, '_kafka_offset': 360}
2026-05-31 17:58:23 | INFO | C03 | Skipping non-shot event: play_id=P0508, action_type=Timeout
2026-05-31 17:58:23 | WARNING | C03 | MESSAGE REJECTED
2026-05-31 17:58:23 | INFO | P03 |   MESSAGE SENT  sent=361
2026-05-31 17:58:23 | WARNING | C03 | play=P0508
2026-05-31 17:58:23 | WARNING | C03 | skipped=203
2026-05-31 17:58:23 | INFO | P03 | {
  play_id: P0509
  game_id: 0042500317
  timestamp: 2026-06-01T04:13:54Z
  player_id: PL_506
  action_type: Instant Replay
  shot_type: 2PT
  distance_ft: 0.0
  is_made: False
  quarter: 3
  time_remaining: PT02M00.00S
}
2026-05-31 17:58:23 | INFO | P03 |   Sending message with key=0042500317
2026-05-31 17:58:23 | INFO | C03 | {'action_type': 'Instant Replay', 'distance_ft': '0.0', 'game_id': '0042500317', 'is_made': 'False', 'play_id': 'P0509', 'player_id': 'PL_506', 'quarter': '3', 'shot_type': '2PT', 'time_remaining': 'PT02M00.00S', 'timestamp': '2026-06-01T04:13:54Z', '_kafka_key': '0042500317', '_kafka_partition': 0, '_kafka_offset': 361}
2026-05-31 17:58:23 | INFO | P03 |   MESSAGE SENT  sent=362
2026-05-31 17:58:23 | INFO | C03 | Skipping non-shot event: play_id=P0509, action_type=Instant Replay
2026-05-31 17:58:23 | WARNING | C03 | MESSAGE REJECTED
2026-05-31 17:58:23 | WARNING | C03 | play=P0509
2026-05-31 17:58:23 | WARNING | C03 | skipped=204
2026-05-31 17:58:24 | INFO | P03 | {
  play_id: P0513
  game_id: 0042500317
  timestamp: 2026-06-01T04:13:59Z
  player_id: PL_1642272
  action_type: Substitution
  shot_type: 2PT
  distance_ft: 0.0
  is_made: False
  quarter: 3
  time_remaining: PT02M00.00S
}
2026-05-31 17:58:24 | INFO | P03 |   Sending message with key=0042500317
2026-05-31 17:58:24 | INFO | P03 |   MESSAGE SENT  sent=363
2026-05-31 17:58:24 | INFO | C03 | {'action_type': 'Substitution', 'distance_ft': '0.0', 'game_id': '0042500317', 'is_made': 'False', 'play_id': 'P0513', 'player_id': 'PL_1642272', 'quarter': '3', 'shot_type': '2PT', 'time_remaining': 'PT02M00.00S', 'timestamp': '2026-06-01T04:13:59Z', '_kafka_key': '0042500317', '_kafka_partition': 0, '_kafka_offset': 362}
2026-05-31 17:58:24 | INFO | C03 | Skipping non-shot event: play_id=P0513, action_type=Substitution
2026-05-31 17:58:24 | WARNING | C03 | MESSAGE REJECTED
2026-05-31 17:58:24 | WARNING | C03 | play=P0513
2026-05-31 17:58:24 | WARNING | C03 | skipped=205
2026-05-31 17:58:24 | INFO | P03 | {
  play_id: P0514
  game_id: 0042500317
  timestamp: 2026-06-01T04:14:04Z
  player_id: PL_1627936
  action_type: Substitution
  shot_type: 2PT
  distance_ft: 0.0
  is_made: False
  quarter: 3
  time_remaining: PT02M00.00S
}
2026-05-31 17:58:24 | INFO | P03 |   Sending message with key=0042500317
2026-05-31 17:58:24 | INFO | P03 |   MESSAGE SENT  sent=364
ion', 'distance_ft': '0.0', 'game_id': '0042500317', 'is_made': 'False', 'play_id': 'P0514', 'player_id': 'PL_1627936', 'quarter': '3', 'shot_type': '2PT', 'time_remaining': 'PT02M00.00S', 'timestamp': '2026-06-01T04:14:04Z', '_kafka_key': '0042500317', '_kafka_partition': 0, '_kafka_offset': 363}
2026-05-31 17:58:24 | INFO | C03 | Skipping non-shot event: play_id=P0514, action_type=Substitution
2026-05-31 17:58:24 | WARNING | C03 | MESSAGE REJECTED
2026-05-31 17:58:24 | WARNING | C03 | play=P0514
2026-05-31 17:58:24 | WARNING | C03 | skipped=206
2026-05-31 17:58:25 | INFO | P03 | {
  play_id: P0515
  game_id: 0042500317
  timestamp: 2026-06-01T04:14:09Z
  player_id: PL_1628392
  action_type: Substitution
  shot_type: 2PT
  distance_ft: 0.0
  is_made: False
  quarter: 3
  time_remaining: PT02M00.00S
}
2026-05-31 17:58:25 | INFO | P03 |   Sending message with key=0042500317
2026-05-31 17:58:25 | INFO | P03 |   MESSAGE SENT  sent=365
2026-05-31 17:58:25 | INFO | C03 | {'action_type': 'Substitution', 'distance_ft': '0.0', 'game_id': '0042500317', 'is_made': 'False', 'play_id': 'P0515', 'player_id': 'PL_1628392', 'quarter': '3', 'shot_type': '2PT', 'time_remaining': 'PT02M00.00S', 'timestamp': '2026-06-01T04:14:09Z', '_kafka_key': '0042500317', '_kafka_partition': 0, '_kafka_offset': 364}
2026-05-31 17:58:25 | INFO | C03 | Skipping non-shot event: play_id=P0515, action_type=Substitution
2026-05-31 17:58:25 | WARNING | C03 | MESSAGE REJECTED
2026-05-31 17:58:25 | WARNING | C03 | play=P0515
2026-05-31 17:58:25 | WARNING | C03 | skipped=207
2026-05-31 17:58:25 | INFO | P03 | {
  play_id: P0519
  game_id: 0042500317
  timestamp: 2026-06-01T04:14:14Z
  player_id: PL_1628983
  action_type: Missed Shot
  shot_type: 2PT
  distance_ft: 3.0
  is_made: False
  quarter: 3
  time_remaining: PT01M47.00S
}
2026-05-31 17:58:25 | INFO | P03 |   Sending message with key=0042500317
2026-05-31 17:58:25 | INFO | P03 |   MESSAGE SENT  sent=366
2026-05-31 17:58:25 | INFO | C03 | {'action_type': 'Missed Shot', 'distance_ft': '3.0', 'game_id': '0042500317', 'is_made': 'False', 'play_id': 'P0519', 'player_id': 'PL_1628983', 'quarter': '3', 'shot_type': '2PT', 'time_remaining': 'PT01M47.00S', 'timestamp': '2026-06-01T04:14:14Z', '_kafka_key': '0042500317', '_kafka_partition': 0, '_kafka_offset': 365}
2026-05-31 17:58:25 | INFO | C03 | shot_quality=Restricted Area
2026-05-31 17:58:25 | INFO | C03 | clutch_shot=False
2026-05-31 17:58:25 | INFO | C03 | points_scored=0
2026-05-31 17:58:25 | INFO | C03 | running_total_pts=153
2026-05-31 17:58:25 | INFO | C03 | MESSAGE ACCEPTED
2026-05-31 17:58:25 | INFO | C03 | play=P0519
2026-05-31 17:58:25 | INFO | C03 | points=0
2026-05-31 17:58:25 | INFO | C03 | consumed=159
2026-05-31 17:58:25 | INFO | C03 | RUNNING STATS
2026-05-31 17:58:25 | INFO | C03 | total_pts=153
2026-05-31 17:58:25 | INFO | C03 | average_pts=0.96
2026-05-31 17:58:25 | INFO | C03 | min_pts=0.00
2026-05-31 17:58:25 | INFO | C03 | max_pts=3.00
2026-05-31 17:58:26 | INFO | P03 | {
  play_id: P0520
  game_id: 0042500317
  timestamp: 2026-06-01T04:14:19Z
  player_id: PL_1630577
  action_type: Rebound
  shot_type: 2PT
  distance_ft: 0.0
  is_made: False
  quarter: 3
  time_remaining: PT01M45.00S
}
2026-05-31 17:58:26 | INFO | P03 |   Sending message with key=0042500317
2026-05-31 17:58:26 | INFO | P03 |   MESSAGE SENT  sent=367
2026-05-31 17:58:26 | INFO | C03 | {'action_type': 'Rebound', 'distance_ft': '0.0', 'game_id': '0042500317', 'is_made': 'False', 'play_id': 'P0520', 'player_id': 'PL_1630577', 'quarter': '3', 'shot_type': '2PT', 'time_remaining': 'PT01M45.00S', 'timestamp': '2026-06-01T04:14:19Z', '_kafka_key': '0042500317', '_kafka_partition': 0, '_kafka_offset': 366}
2026-05-31 17:58:26 | INFO | C03 | Skipping non-shot event: play_id=P0520, action_type=Rebound
2026-05-31 17:58:26 | WARNING | C03 | MESSAGE REJECTED
2026-05-31 17:58:26 | WARNING | C03 | play=P0520
2026-05-31 17:58:26 | WARNING | C03 | skipped=208
2026-05-31 17:58:26 | INFO | P03 | {
  play_id: P0521
  game_id: 0042500317
  timestamp: 2026-06-01T04:14:24Z
  player_id: PL_1642264
  action_type: Missed Shot
  shot_type: 3PT
  distance_ft: 0.0
  is_made: False
  quarter: 3
  time_remaining: PT01M33.00S
}
2026-05-31 17:58:26 | INFO | P03 |   Sending message with key=0042500317
2026-05-31 17:58:26 | INFO | P03 |   MESSAGE SENT  sent=368
2026-05-31 17:58:26 | INFO | C03 | {'action_type': 'Missed Shot', 'distance_ft': '0.0', 'game_id': '0042500317', 'is_made': 'False', 'play_id': 'P0521', 'player_id': 'PL_1642264', 'quarter': '3', 'shot_type': '3PT', 'time_remaining': 'PT01M33.00S', 'timestamp': '2026-06-01T04:14:24Z', '_kafka_key': '0042500317', '_kafka_partition': 0, '_kafka_offset': 367}
2026-05-31 17:58:26 | INFO | C03 | shot_quality=Restricted Area
2026-05-31 17:58:26 | INFO | C03 | clutch_shot=False
2026-05-31 17:58:26 | INFO | C03 | points_scored=0
2026-05-31 17:58:26 | INFO | C03 | running_total_pts=153
2026-05-31 17:58:26 | INFO | C03 | MESSAGE ACCEPTED
2026-05-31 17:58:26 | INFO | C03 | play=P0521
2026-05-31 17:58:26 | INFO | C03 | points=0
2026-05-31 17:58:26 | INFO | C03 | consumed=160
2026-05-31 17:58:26 | INFO | C03 | RUNNING STATS
2026-05-31 17:58:27 | INFO | C03 | total_pts=153
2026-05-31 17:58:27 | INFO | C03 | average_pts=0.96
2026-05-31 17:58:27 | INFO | C03 | min_pts=0.00
2026-05-31 17:58:27 | INFO | C03 | max_pts=3.00
2026-05-31 17:58:27 | INFO | P03 | {
  play_id: P0522
  game_id: 0042500317
  timestamp: 2026-06-01T04:14:29Z
  player_id: PL_1631096
  action_type: Rebound
  shot_type: 2PT
  distance_ft: 0.0
  is_made: False
  quarter: 3
  time_remaining: PT01M31.00S
}
2026-05-31 17:58:27 | INFO | P03 |   Sending message with key=0042500317
2026-05-31 17:58:27 | INFO | P03 |   MESSAGE SENT  sent=369
 'distance_ft': '0.0', 'game_id': '0042500317', 'is_made': 'False', 'play_id': 'P0522', 'player_id': 'PL_1631096', 'quarter': '3', 'shot_type': '2PT', 'time_remaining': 'PT01M31.00S', 'timestamp': '2026-06-01T04:14:29Z', '_kafka_key': '0042500317', '_kafka_partition': 0, '_kafka_offset': 368}
2026-05-31 17:58:27 | INFO | C03 | Skipping non-shot event: play_id=P0522, action_type=Rebound
2026-05-31 17:58:27 | WARNING | C03 | MESSAGE REJECTED
2026-05-31 17:58:27 | WARNING | C03 | play=P0522
2026-05-31 17:58:27 | WARNING | C03 | skipped=209
2026-05-31 17:58:28 | INFO | P03 | {
  play_id: P0523
  game_id: 0042500317
  timestamp: 2026-06-01T04:14:34Z
  player_id: PL_1631119
  action_type: Made Shot
  shot_type: 3PT
  distance_ft: 27.0
  is_made: True
  quarter: 3
  time_remaining: PT01M08.00S
}
2026-05-31 17:58:28 | INFO | P03 |   Sending message with key=0042500317
2026-05-31 17:58:28 | INFO | P03 |   MESSAGE SENT  sent=370
2026-05-31 17:58:28 | INFO | C03 | {'action_type': 'Made Shot', 'distance_ft': '27.0', 'game_id': '0042500317', 'is_made': 'True', 'play_id': 'P0523', 'player_id': 'PL_1631119', 'quarter': '3', 'shot_type': '3PT', 'time_remaining': 'PT01M08.00S', 'timestamp': '2026-06-01T04:14:34Z', '_kafka_key': '0042500317', '_kafka_partition': 0, '_kafka_offset': 369}
2026-05-31 17:58:28 | INFO | C03 | shot_quality=NBA Deep 3
2026-05-31 17:58:28 | INFO | C03 | clutch_shot=False
2026-05-31 17:58:28 | INFO | C03 | points_scored=3
2026-05-31 17:58:28 | INFO | C03 | running_total_pts=156
2026-05-31 17:58:28 | INFO | C03 | MESSAGE ACCEPTED
2026-05-31 17:58:28 | INFO | C03 | play=P0523
2026-05-31 17:58:28 | INFO | C03 | points=3
2026-05-31 17:58:28 | INFO | C03 | consumed=161
2026-05-31 17:58:28 | INFO | C03 | RUNNING STATS
2026-05-31 17:58:28 | INFO | C03 | total_pts=156
2026-05-31 17:58:28 | INFO | C03 | average_pts=0.97
2026-05-31 17:58:28 | INFO | C03 | min_pts=0.00
2026-05-31 17:58:28 | INFO | C03 | max_pts=3.00
2026-05-31 17:58:28 | INFO | P03 | {
  play_id: P0525
  game_id: 0042500317
  timestamp: 2026-06-01T04:14:39Z
  player_id: PL_1610612759
  action_type: Timeout
  shot_type: 2PT
  distance_ft: 0.0
  is_made: False
  quarter: 3
  time_remaining: PT01M06.00S
}
2026-05-31 17:58:28 | INFO | P03 |   Sending message with key=0042500317
2026-05-31 17:58:28 | INFO | P03 |   MESSAGE SENT  sent=371
2026-05-31 17:58:28 | INFO | C03 | {'action_type': 'Timeout', 'distance_ft': '0.0', 'game_id': '0042500317', 'is_made': 'False', 'play_id': 'P0525', 'player_id': 'PL_1610612759', 'quarter': '3', 'shot_type': '2PT', 'time_remaining': 'PT01M06.00S', 'timestamp': '2026-06-01T04:14:39Z', '_kafka_key': '0042500317', '_kafka_partition': 0, '_kafka_offset': 370}
2026-05-31 17:58:28 | INFO | C03 | Skipping non-shot event: play_id=P0525, action_type=Timeout
2026-05-31 17:58:28 | WARNING | C03 | MESSAGE REJECTED
2026-05-31 17:58:28 | WARNING | C03 | play=P0525
2026-05-31 17:58:28 | WARNING | C03 | skipped=210
2026-05-31 17:58:29 | INFO | P03 | {
  play_id: P0526
  game_id: 0042500317
  timestamp: 2026-06-01T04:14:44Z
  player_id: PL_1630170
  action_type: Missed Shot
  shot_type: 3PT
  distance_ft: 24.0
  is_made: False
  quarter: 3
  time_remaining: PT00M52.20S
}
2026-05-31 17:58:29 | INFO | P03 |   Sending message with key=0042500317
2026-05-31 17:58:29 | INFO | P03 |   MESSAGE SENT  sent=372
2026-05-31 17:58:29 | INFO | C03 | {'action_type': 'Missed Shot', 'distance_ft': '24.0', 'game_id': '0042500317', 'is_made': 'False', 'play_id': 'P0526', 'player_id': 'PL_1630170', 'quarter': '3', 'shot_type': '3PT', 'time_remaining': 'PT00M52.20S', 'timestamp': '2026-06-01T04:14:44Z', '_kafka_key': '0042500317', '_kafka_partition': 0, '_kafka_offset': 371}
2026-05-31 17:58:29 | INFO | C03 | shot_quality=NBA Deep 3
2026-05-31 17:58:29 | INFO | C03 | clutch_shot=False
2026-05-31 17:58:29 | INFO | C03 | points_scored=0
2026-05-31 17:58:29 | INFO | C03 | running_total_pts=156
2026-05-31 17:58:29 | INFO | C03 | MESSAGE ACCEPTED
2026-05-31 17:58:29 | INFO | C03 | play=P0526
2026-05-31 17:58:29 | INFO | C03 | points=0
2026-05-31 17:58:29 | INFO | C03 | consumed=162
2026-05-31 17:58:29 | INFO | C03 | RUNNING STATS
2026-05-31 17:58:29 | INFO | C03 | total_pts=156
2026-05-31 17:58:29 | INFO | C03 | average_pts=0.96
2026-05-31 17:58:29 | INFO | C03 | min_pts=0.00
2026-05-31 17:58:29 | INFO | C03 | max_pts=3.00
2026-05-31 17:58:29 | INFO | P03 | {
  play_id: P0527
  game_id: 0042500317
  timestamp: 2026-06-01T04:14:49Z
  player_id: PL_1642264
  action_type: Rebound
  shot_type: 2PT
  distance_ft: 0.0
  is_made: False
  quarter: 3
  time_remaining: PT00M49.30S
}
2026-05-31 17:58:29 | INFO | P03 |   Sending message with key=0042500317
2026-05-31 17:58:29 | INFO | C03 | {'action_type': 'Rebound', 'distance_ft': '0.0', 'game_id': '0042500317', 'is_made': 'False', 'play_id': 'P0527', 'player_id': 'PL_1642264', 'quarter': '3', 'shot_type': '2PT', 'time_remaining': 'PT00M49.30S', 'timestamp': '2026-06-01T04:14:49Z', '_kafka_key': '0042500317', '_kafka_partition': 0, '_kafka_offset': 372}
2026-05-31 17:58:29 | INFO | P03 |   MESSAGE SENT  sent=373
2026-05-31 17:58:29 | INFO | C03 | Skipping non-shot event: play_id=P0527, action_type=Rebound
2026-05-31 17:58:29 | WARNING | C03 | MESSAGE REJECTED
2026-05-31 17:58:29 | WARNING | C03 | play=P0527
2026-05-31 17:58:29 | WARNING | C03 | skipped=211
2026-05-31 17:58:30 | INFO | P03 | {
  play_id: P0528
  game_id: 0042500317
  timestamp: 2026-06-01T04:14:54Z
  player_id: PL_1631119
  action_type: Foul
  shot_type: 2PT
  distance_ft: 0.0
  is_made: False
  quarter: 3
  time_remaining: PT00M48.00S
}
2026-05-31 17:58:30 | INFO | P03 |   Sending message with key=0042500317
2026-05-31 17:58:30 | INFO | P03 |   MESSAGE SENT  sent=374
istance_ft': '0.0', 'game_id': '0042500317', 'is_made': 'False', 'play_id': 'P0528', 'player_id': 'PL_1631119', 'quarter': '3', 'shot_type': '2PT', 'time_remaining': 'PT00M48.00S', 'timestamp': '2026-06-01T04:14:54Z', '_kafka_key': '0042500317', '_kafka_partition': 0, '_kafka_offset': 373}
2026-05-31 17:58:30 | INFO | C03 | Skipping non-shot event: play_id=P0528, action_type=Foul
2026-05-31 17:58:30 | WARNING | C03 | MESSAGE REJECTED
2026-05-31 17:58:30 | WARNING | C03 | play=P0528
2026-05-31 17:58:30 | WARNING | C03 | skipped=212
2026-05-31 17:58:30 | INFO | P03 | {
  play_id: P0530
  game_id: 0042500317
  timestamp: 2026-06-01T04:14:59Z
  player_id: PL_1641705
  action_type: Free Throw
  shot_type: FT
  distance_ft: 0.0
  is_made: True
  quarter: 3
  time_remaining: PT00M48.00S
}
2026-05-31 17:58:30 | INFO | P03 |   Sending message with key=0042500317
2026-05-31 17:58:30 | INFO | P03 |   MESSAGE SENT  sent=375
2026-05-31 17:58:30 | INFO | C03 | {'action_type': 'Free Throw', 'distance_ft': '0.0', 'game_id': '0042500317', 'is_made': 'True', 'play_id': 'P0530', 'player_id': 'PL_1641705', 'quarter': '3', 'shot_type': 'FT', 'time_remaining': 'PT00M48.00S', 'timestamp': '2026-06-01T04:14:59Z', '_kafka_key': '0042500317', '_kafka_partition': 0, '_kafka_offset': 374}
2026-05-31 17:58:30 | INFO | C03 | shot_quality=Restricted Area
2026-05-31 17:58:30 | INFO | C03 | clutch_shot=False
2026-05-31 17:58:30 | INFO | C03 | points_scored=1
2026-05-31 17:58:30 | INFO | C03 | running_total_pts=157
2026-05-31 17:58:30 | INFO | C03 | MESSAGE ACCEPTED
2026-05-31 17:58:30 | INFO | C03 | play=P0530
2026-05-31 17:58:30 | INFO | C03 | points=1
2026-05-31 17:58:30 | INFO | C03 | consumed=163
2026-05-31 17:58:30 | INFO | C03 | RUNNING STATS
2026-05-31 17:58:30 | INFO | C03 | total_pts=157
2026-05-31 17:58:30 | INFO | C03 | average_pts=0.96
2026-05-31 17:58:30 | INFO | C03 | min_pts=0.00
2026-05-31 17:58:30 | INFO | C03 | max_pts=3.00
2026-05-31 17:58:31 | INFO | P03 | {
  play_id: P0531
  game_id: 0042500317
  timestamp: 2026-06-01T04:15:04Z
  player_id: PL_1631096
  action_type: Substitution
  shot_type: 2PT
  distance_ft: 0.0
  is_made: False
  quarter: 3
  time_remaining: PT00M48.00S
}
2026-05-31 17:58:31 | INFO | P03 |   Sending message with key=0042500317
2026-05-31 17:58:31 | INFO | C03 | {'action_type': 'Substitution', 'distance_ft': '0.0', 'game_id': '0042500317', 'is_made': 'False', 'play_id': 'P0531', 'player_id': 'PL_1631096', 'quarter': '3', 'shot_type': '2PT', 'time_remaining': 'PT00M48.00S', 'timestamp': '2026-06-01T04:15:04Z', '_kafka_key': '0042500317', '_kafka_partition': 0, '_kafka_offset': 375}
2026-05-31 17:58:31 | INFO | P03 |   MESSAGE SENT  sent=376
2026-05-31 17:58:31 | INFO | C03 | Skipping non-shot event: play_id=P0531, action_type=Substitution
2026-05-31 17:58:31 | WARNING | C03 | MESSAGE REJECTED
2026-05-31 17:58:31 | WARNING | C03 | play=P0531
2026-05-31 17:58:31 | WARNING | C03 | skipped=213
2026-05-31 17:58:31 | INFO | P03 | {
  play_id: P0532
  game_id: 0042500317
  timestamp: 2026-06-01T04:15:09Z
  player_id: PL_1642264
  action_type: Substitution
  shot_type: 2PT
  distance_ft: 0.0
  is_made: False
  quarter: 3
  time_remaining: PT00M48.00S
}
2026-05-31 17:58:31 | INFO | P03 |   Sending message with key=0042500317
2026-05-31 17:58:31 | INFO | P03 |   MESSAGE SENT  sent=377
2026-05-31 17:58:31 | INFO | C03 | {'action_type': 'Substitution', 'distance_ft': '0.0', 'game_id': '0042500317', 'is_made': 'False', 'play_id': 'P0532', 'player_id': 'PL_1642264', 'quarter': '3', 'shot_type': '2PT', 'time_remaining': 'PT00M48.00S', 'timestamp': '2026-06-01T04:15:09Z', '_kafka_key': '0042500317', '_kafka_partition': 0, '_kafka_offset': 376}
2026-05-31 17:58:31 | INFO | C03 | Skipping non-shot event: play_id=P0532, action_type=Substitution
2026-05-31 17:58:31 | WARNING | C03 | MESSAGE REJECTED
2026-05-31 17:58:31 | WARNING | C03 | play=P0532
2026-05-31 17:58:31 | WARNING | C03 | skipped=214
2026-05-31 17:58:32 | INFO | P03 | {
  play_id: P0535
  game_id: 0042500317
  timestamp: 2026-06-01T04:15:14Z
  player_id: PL_1641705
  action_type: Free Throw
  shot_type: FT
  distance_ft: 0.0
  is_made: False
  quarter: 3
  time_remaining: PT00M48.00S
}
2026-05-31 17:58:32 | INFO | P03 |   Sending message with key=0042500317
2026-05-31 17:58:32 | INFO | P03 |   MESSAGE SENT  sent=378
2026-05-31 17:58:32 | INFO | C03 | {'action_type': 'Free Throw', 'distance_ft': '0.0', 'game_id': '0042500317', 'is_made': 'False', 'play_id': 'P0535', 'player_id': 'PL_1641705', 'quarter': '3', 'shot_type': 'FT', 'time_remaining': 'PT00M48.00S', 'timestamp': '2026-06-01T04:15:14Z', '_kafka_key': '0042500317', '_kafka_partition': 0, '_kafka_offset': 377}
2026-05-31 17:58:32 | INFO | C03 | shot_quality=Restricted Area
2026-05-31 17:58:32 | INFO | C03 | clutch_shot=False
2026-05-31 17:58:32 | INFO | C03 | points_scored=0
2026-05-31 17:58:32 | INFO | C03 | running_total_pts=157
2026-05-31 17:58:32 | INFO | C03 | MESSAGE ACCEPTED
2026-05-31 17:58:32 | INFO | C03 | play=P0535
2026-05-31 17:58:32 | INFO | C03 | points=0
2026-05-31 17:58:32 | INFO | C03 | consumed=164
2026-05-31 17:58:32 | INFO | C03 | RUNNING STATS
2026-05-31 17:58:32 | INFO | C03 | total_pts=157
2026-05-31 17:58:32 | INFO | C03 | average_pts=0.96
2026-05-31 17:58:32 | INFO | C03 | min_pts=0.00
2026-05-31 17:58:32 | INFO | C03 | max_pts=3.00
2026-05-31 17:58:33 | INFO | P03 | {
  play_id: P0536
  game_id: 0042500317
  timestamp: 2026-06-01T04:15:19Z
  player_id: PL_1629652
  action_type: Rebound
  shot_type: 2PT
  distance_ft: 0.0
  is_made: False
  quarter: 3
  time_remaining: PT00M46.20S
}
2026-05-31 17:58:33 | INFO | P03 |   Sending message with key=0042500317
2026-05-31 17:58:33 | INFO | P03 |   MESSAGE SENT  sent=379
2026-05-31 17:58:33 | INFO | C03 | {'action_type': 'Rebound', 'distance_ft': '0.0', 'game_id': '0042500317', 'is_made': 'False', 'play_id': 'P0536', 'player_id': 'PL_1629652', 'quarter': '3', 'shot_type': '2PT', 'time_remaining': 'PT00M46.20S', 'timestamp': '2026-06-01T04:15:19Z', '_kafka_key': '0042500317', '_kafka_partition': 0, '_kafka_offset': 378}
2026-05-31 17:58:33 | INFO | C03 | Skipping non-shot event: play_id=P0536, action_type=Rebound
2026-05-31 17:58:33 | WARNING | C03 | MESSAGE REJECTED
2026-05-31 17:58:33 | WARNING | C03 | play=P0536
2026-05-31 17:58:33 | WARNING | C03 | skipped=215
2026-05-31 17:58:33 | INFO | P03 | {
  play_id: P0537
  game_id: 0042500317
  timestamp: 2026-06-01T04:15:24Z
  player_id: PL_1641717
  action_type: Missed Shot
  shot_type: 3PT
  distance_ft: 26.0
  is_made: False
  quarter: 3
  time_remaining: PT00M28.80S
}
2026-05-31 17:58:33 | INFO | P03 |   Sending message with key=0042500317
2026-05-31 17:58:33 | INFO | P03 |   MESSAGE SENT  sent=380
2026-05-31 17:58:33 | INFO | C03 | {'action_type': 'Missed Shot', 'distance_ft': '26.0', 'game_id': '0042500317', 'is_made': 'False', 'play_id': 'P0537', 'player_id': 'PL_1641717', 'quarter': '3', 'shot_type': '3PT', 'time_remaining': 'PT00M28.80S', 'timestamp': '2026-06-01T04:15:24Z', '_kafka_key': '0042500317', '_kafka_partition': 0, '_kafka_offset': 379}
2026-05-31 17:58:33 | INFO | C03 | shot_quality=NBA Deep 3
2026-05-31 17:58:33 | INFO | C03 | clutch_shot=False
2026-05-31 17:58:33 | INFO | C03 | points_scored=0
2026-05-31 17:58:33 | INFO | C03 | running_total_pts=157
2026-05-31 17:58:33 | INFO | C03 | MESSAGE ACCEPTED
2026-05-31 17:58:33 | INFO | C03 | play=P0537
2026-05-31 17:58:33 | INFO | C03 | points=0
2026-05-31 17:58:33 | INFO | C03 | consumed=165
2026-05-31 17:58:33 | INFO | C03 | RUNNING STATS
2026-05-31 17:58:33 | INFO | C03 | total_pts=157
2026-05-31 17:58:33 | INFO | C03 | average_pts=0.95
2026-05-31 17:58:33 | INFO | C03 | min_pts=0.00
2026-05-31 17:58:33 | INFO | C03 | max_pts=3.00
2026-05-31 17:58:34 | INFO | P03 | {
  play_id: P0538
  game_id: 0042500317
  timestamp: 2026-06-01T04:15:29Z
  player_id: PL_1642844
  action_type: Rebound
  shot_type: 2PT
  distance_ft: 0.0
  is_made: False
  quarter: 3
  time_remaining: PT00M24.80S
}
2026-05-31 17:58:34 | INFO | P03 |   Sending message with key=0042500317
2026-05-31 17:58:34 | INFO | P03 |   MESSAGE SENT  sent=381
2026-05-31 17:58:34 | INFO | C03 | {'action_type': 'Rebound', 'distance_ft': '0.0', 'game_id': '0042500317', 'is_made': 'False', 'play_id': 'P0538', 'player_id': 'PL_1642844', 'quarter': '3', 'shot_type': '2PT', 'time_remaining': 'PT00M24.80S', 'timestamp': '2026-06-01T04:15:29Z', '_kafka_key': '0042500317', '_kafka_partition': 0, '_kafka_offset': 380}
2026-05-31 17:58:34 | INFO | C03 | Skipping non-shot event: play_id=P0538, action_type=Rebound
2026-05-31 17:58:34 | WARNING | C03 | MESSAGE REJECTED
2026-05-31 17:58:34 | WARNING | C03 | play=P0538
2026-05-31 17:58:34 | WARNING | C03 | skipped=216
2026-05-31 17:58:34 | INFO | P03 | {
  play_id: P0539
  game_id: 0042500317
  timestamp: 2026-06-01T04:15:34Z
  player_id: PL_1641705
  action_type: Missed Shot
  shot_type: 2PT
  distance_ft: 17.0
  is_made: False
  quarter: 3
  time_remaining: PT00M03.10S
}
2026-05-31 17:58:34 | INFO | P03 |   Sending message with key=0042500317
2026-05-31 17:58:34 | INFO | P03 |   MESSAGE SENT  sent=382
2026-05-31 17:58:34 | INFO | C03 | {'action_type': 'Missed Shot', 'distance_ft': '17.0', 'game_id': '0042500317', 'is_made': 'False', 'play_id': 'P0539', 'player_id': 'PL_1641705', 'quarter': '3', 'shot_type': '2PT', 'time_remaining': 'PT00M03.10S', 'timestamp': '2026-06-01T04:15:34Z', '_kafka_key': '0042500317', '_kafka_partition': 0, '_kafka_offset': 381}
2026-05-31 17:58:34 | INFO | C03 | shot_quality=Mid-Range
2026-05-31 17:58:34 | INFO | C03 | clutch_shot=False
2026-05-31 17:58:34 | INFO | C03 | points_scored=0
2026-05-31 17:58:34 | INFO | C03 | running_total_pts=157
2026-05-31 17:58:34 | INFO | C03 | MESSAGE ACCEPTED
2026-05-31 17:58:34 | INFO | C03 | play=P0539
2026-05-31 17:58:34 | INFO | C03 | points=0
2026-05-31 17:58:34 | INFO | C03 | consumed=166
2026-05-31 17:58:34 | INFO | C03 | RUNNING STATS
2026-05-31 17:58:34 | INFO | C03 | total_pts=157
2026-05-31 17:58:34 | INFO | C03 | average_pts=0.95
2026-05-31 17:58:34 | INFO | C03 | min_pts=0.00
2026-05-31 17:58:34 | INFO | C03 | max_pts=3.00
2026-05-31 17:58:35 | INFO | P03 | {
  play_id: P0540
  game_id: 0042500317
  timestamp: 2026-06-01T04:15:39Z
  player_id: PL_1641717
  action_type: Rebound
  shot_type: 2PT
  distance_ft: 0.0
  is_made: False
  quarter: 3
  time_remaining: PT00M03.10S
}
2026-05-31 17:58:35 | INFO | P03 |   Sending message with key=0042500317
2026-05-31 17:58:35 | INFO | P03 |   MESSAGE SENT  sent=383
2026-05-31 17:58:35 | INFO | C03 | {'action_type': 'Rebound', 'distance_ft': '0.0', 'game_id': '0042500317', 'is_made': 'False', 'play_id': 'P0540', 'player_id': 'PL_1641717', 'quarter': '3', 'shot_type': '2PT', 'time_remaining': 'PT00M03.10S', 'timestamp': '2026-06-01T04:15:39Z', '_kafka_key': '0042500317', '_kafka_partition': 0, '_kafka_offset': 382}
2026-05-31 17:58:35 | INFO | C03 | Skipping non-shot event: play_id=P0540, action_type=Rebound
2026-05-31 17:58:35 | WARNING | C03 | MESSAGE REJECTED
2026-05-31 17:58:35 | WARNING | C03 | play=P0540
2026-05-31 17:58:35 | WARNING | C03 | skipped=217
2026-05-31 17:58:35 | INFO | P03 | {
  play_id: P0542
  game_id: 0042500317
  timestamp: 2026-06-01T04:15:49Z
  player_id: PL_1610612760
  action_type: Rebound
  shot_type: 2PT
  distance_ft: 0.0
  is_made: False
  quarter: 3
  time_remaining: PT00M00.10S
}
2026-05-31 17:58:35 | INFO | P03 |   Sending message with key=0042500317
2026-05-31 17:58:35 | INFO | P03 |   MESSAGE SENT  sent=384
 'distance_ft': '0.0', 'game_id': '0042500317', 'is_made': 'False', 'play_id': 'P0542', 'player_id': 'PL_1610612760', 'quarter': '3', 'shot_type': '2PT', 'time_remaining': 'PT00M00.10S', 'timestamp': '2026-06-01T04:15:49Z', '_kafka_key': '0042500317', '_kafka_partition': 0, '_kafka_offset': 383}
2026-05-31 17:58:35 | INFO | C03 | Skipping non-shot event: play_id=P0542, action_type=Rebound
2026-05-31 17:58:35 | WARNING | C03 | MESSAGE REJECTED
2026-05-31 17:58:35 | WARNING | C03 | play=P0542
2026-05-31 17:58:35 | WARNING | C03 | skipped=218
2026-05-31 17:58:36 | INFO | P03 | {
  play_id: P0551
  game_id: 0042500317
  timestamp: 2026-06-01T04:16:04Z
  player_id: PL_1631096
  action_type: Foul
  shot_type: 2PT
  distance_ft: 0.0
  is_made: False
  quarter: 4
  time_remaining: PT11M41.00S
}
2026-05-31 17:58:36 | INFO | P03 |   Sending message with key=0042500317
2026-05-31 17:58:36 | INFO | C03 | {'action_type': 'Foul', 'distance_ft': '0.0', 'game_id': '0042500317', 'is_made': 'False', 'play_id': 'P0551', 'player_id': 'PL_1631096', 'quarter': '4', 'shot_type': '2PT', 'time_remaining': 'PT11M41.00S', 'timestamp': '2026-06-01T04:16:04Z', '_kafka_key': '0042500317', '_kafka_partition': 0, '_kafka_offset': 384}
2026-05-31 17:58:36 | INFO | P03 |   MESSAGE SENT  sent=385
2026-05-31 17:58:36 | INFO | C03 | Skipping non-shot event: play_id=P0551, action_type=Foul
2026-05-31 17:58:36 | WARNING | C03 | MESSAGE REJECTED
2026-05-31 17:58:36 | WARNING | C03 | play=P0551
2026-05-31 17:58:36 | WARNING | C03 | skipped=219
2026-05-31 17:58:36 | INFO | P03 | {
  play_id: P0553
  game_id: 0042500317
  timestamp: 2026-06-01T04:16:09Z
  player_id: PL_1641705
  action_type: Free Throw
  shot_type: FT
  distance_ft: 0.0
  is_made: False
  quarter: 4
  time_remaining: PT11M41.00S
}
2026-05-31 17:58:36 | INFO | P03 |   Sending message with key=0042500317
2026-05-31 17:58:36 | INFO | P03 |   MESSAGE SENT  sent=386
2026-05-31 17:58:36 | INFO | C03 | {'action_type': 'Free Throw', 'distance_ft': '0.0', 'game_id': '0042500317', 'is_made': 'False', 'play_id': 'P0553', 'player_id': 'PL_1641705', 'quarter': '4', 'shot_type': 'FT', 'time_remaining': 'PT11M41.00S', 'timestamp': '2026-06-01T04:16:09Z', '_kafka_key': '0042500317', '_kafka_partition': 0, '_kafka_offset': 385}
2026-05-31 17:58:36 | INFO | C03 | shot_quality=Restricted Area
2026-05-31 17:58:36 | INFO | C03 | clutch_shot=True
2026-05-31 17:58:36 | INFO | C03 | points_scored=0
2026-05-31 17:58:36 | INFO | C03 | running_total_pts=157
2026-05-31 17:58:36 | INFO | C03 | MESSAGE ACCEPTED
2026-05-31 17:58:36 | INFO | C03 | play=P0553
2026-05-31 17:58:36 | INFO | C03 | points=0
2026-05-31 17:58:36 | INFO | C03 | consumed=167
2026-05-31 17:58:36 | INFO | C03 | RUNNING STATS
2026-05-31 17:58:36 | INFO | C03 | total_pts=157
2026-05-31 17:58:36 | INFO | C03 | average_pts=0.94
2026-05-31 17:58:36 | INFO | C03 | min_pts=0.00
2026-05-31 17:58:36 | INFO | C03 | max_pts=3.00
2026-05-31 17:58:37 | INFO | P03 | {
  play_id: P0554
  game_id: 0042500317
  timestamp: 2026-06-01T04:16:14Z
  player_id: PL_1610612759
  action_type: Rebound
  shot_type: 2PT
  distance_ft: 0.0
  is_made: False
  quarter: 4
  time_remaining: PT11M41.00S
}
2026-05-31 17:58:37 | INFO | P03 |   Sending message with key=0042500317
2026-05-31 17:58:37 | INFO | P03 |   MESSAGE SENT  sent=387
2026-05-31 17:58:37 | INFO | C03 | {'action_type': 'Rebound', 'distance_ft': '0.0', 'game_id': '0042500317', 'is_made': 'False', 'play_id': 'P0554', 'player_id': 'PL_1610612759', 'quarter': '4', 'shot_type': '2PT', 'time_remaining': 'PT11M41.00S', 'timestamp': '2026-06-01T04:16:14Z', '_kafka_key': '0042500317', '_kafka_partition': 0, '_kafka_offset': 386}
2026-05-31 17:58:37 | INFO | C03 | Skipping non-shot event: play_id=P0554, action_type=Rebound
2026-05-31 17:58:37 | WARNING | C03 | MESSAGE REJECTED
2026-05-31 17:58:37 | WARNING | C03 | play=P0554
2026-05-31 17:58:37 | WARNING | C03 | skipped=220
2026-05-31 17:58:38 | INFO | P03 | {
  play_id: P0555
  game_id: 0042500317
  timestamp: 2026-06-01T04:16:19Z
  player_id: PL_1641705
  action_type: Free Throw
  shot_type: FT
  distance_ft: 0.0
  is_made: True
  quarter: 4
  time_remaining: PT11M41.00S
}
2026-05-31 17:58:38 | INFO | P03 |   Sending message with key=0042500317
2026-05-31 17:58:38 | INFO | P03 |   MESSAGE SENT  sent=388
2026-05-31 17:58:38 | INFO | C03 | {'action_type': 'Free Throw', 'distance_ft': '0.0', 'game_id': '0042500317', 'is_made': 'True', 'play_id': 'P0555', 'player_id': 'PL_1641705', 'quarter': '4', 'shot_type': 'FT', 'time_remaining': 'PT11M41.00S', 'timestamp': '2026-06-01T04:16:19Z', '_kafka_key': '0042500317', '_kafka_partition': 0, '_kafka_offset': 387}
2026-05-31 17:58:38 | INFO | C03 | shot_quality=Restricted Area
2026-05-31 17:58:38 | INFO | C03 | clutch_shot=True
2026-05-31 17:58:38 | INFO | C03 | points_scored=1
2026-05-31 17:58:38 | INFO | C03 | running_total_pts=158
2026-05-31 17:58:38 | INFO | C03 | MESSAGE ACCEPTED
2026-05-31 17:58:38 | INFO | C03 | play=P0555
2026-05-31 17:58:38 | INFO | C03 | points=1
2026-05-31 17:58:38 | INFO | C03 | consumed=168
2026-05-31 17:58:38 | INFO | C03 | RUNNING STATS
2026-05-31 17:58:38 | INFO | C03 | total_pts=158
2026-05-31 17:58:38 | INFO | C03 | average_pts=0.94
2026-05-31 17:58:38 | INFO | C03 | min_pts=0.00
2026-05-31 17:58:38 | INFO | C03 | max_pts=3.00
2026-05-31 17:58:38 | INFO | P03 | {
  play_id: P0556
  game_id: 0042500317
  timestamp: 2026-06-01T04:16:24Z
  player_id: PL_1642272
  action_type: Made Shot
  shot_type: 2PT
  distance_ft: 15.0
  is_made: True
  quarter: 4
  time_remaining: PT11M30.00S
}
2026-05-31 17:58:38 | INFO | P03 |   Sending message with key=0042500317
2026-05-31 17:58:38 | INFO | P03 |   MESSAGE SENT  sent=389
', 'distance_ft': '15.0', 'game_id': '0042500317', 'is_made': 'True', 'play_id': 'P0556', 'player_id': 'PL_1642272', 'quarter': '4', 'shot_type': '2PT', 'time_remaining': 'PT11M30.00S', 'timestamp': '2026-06-01T04:16:24Z', '_kafka_key': '0042500317', '_kafka_partition': 0, '_kafka_offset': 388}
2026-05-31 17:58:38 | INFO | C03 | shot_quality=Mid-Range
2026-05-31 17:58:38 | INFO | C03 | clutch_shot=True
2026-05-31 17:58:38 | INFO | C03 | points_scored=2
2026-05-31 17:58:38 | INFO | C03 | running_total_pts=160
2026-05-31 17:58:38 | INFO | C03 | MESSAGE ACCEPTED
2026-05-31 17:58:38 | INFO | C03 | play=P0556
2026-05-31 17:58:38 | INFO | C03 | points=2
2026-05-31 17:58:38 | INFO | C03 | consumed=169
2026-05-31 17:58:38 | INFO | C03 | RUNNING STATS
2026-05-31 17:58:38 | INFO | C03 | total_pts=160
2026-05-31 17:58:38 | INFO | C03 | average_pts=0.95
2026-05-31 17:58:38 | INFO | C03 | min_pts=0.00
2026-05-31 17:58:38 | INFO | C03 | max_pts=3.00
2026-05-31 17:58:39 | INFO | P03 | {
  play_id: P0558
  game_id: 0042500317
  timestamp: 2026-06-01T04:16:29Z
  player_id: PL_1629640
  action_type: Made Shot
  shot_type: 3PT
  distance_ft: 25.0
  is_made: True
  quarter: 4
  time_remaining: PT11M06.00S
}
2026-05-31 17:58:39 | INFO | P03 |   Sending message with key=0042500317
2026-05-31 17:58:39 | INFO | P03 |   MESSAGE SENT  sent=390
2026-05-31 17:58:39 | INFO | C03 | {'action_type': 'Made Shot', 'distance_ft': '25.0', 'game_id': '0042500317', 'is_made': 'True', 'play_id': 'P0558', 'player_id': 'PL_1629640', 'quarter': '4', 'shot_type': '3PT', 'time_remaining': 'PT11M06.00S', 'timestamp': '2026-06-01T04:16:29Z', '_kafka_key': '0042500317', '_kafka_partition': 0, '_kafka_offset': 389}
2026-05-31 17:58:39 | INFO | C03 | shot_quality=NBA Deep 3
2026-05-31 17:58:39 | INFO | C03 | clutch_shot=True
2026-05-31 17:58:39 | INFO | C03 | points_scored=3
2026-05-31 17:58:39 | INFO | C03 | running_total_pts=163
2026-05-31 17:58:39 | INFO | C03 | MESSAGE ACCEPTED
2026-05-31 17:58:39 | INFO | C03 | play=P0558
2026-05-31 17:58:39 | INFO | C03 | points=3
2026-05-31 17:58:39 | INFO | C03 | consumed=170
2026-05-31 17:58:39 | INFO | C03 | RUNNING STATS
2026-05-31 17:58:39 | INFO | C03 | total_pts=163
2026-05-31 17:58:39 | INFO | C03 | average_pts=0.96
2026-05-31 17:58:39 | INFO | C03 | min_pts=0.00
2026-05-31 17:58:39 | INFO | C03 | max_pts=3.00
2026-05-31 17:58:39 | INFO | P03 | {
  play_id: P0560
  game_id: 0042500317
  timestamp: 2026-06-01T04:16:34Z
  player_id: PL_1641717
  action_type: Made Shot
  shot_type: 3PT
  distance_ft: 24.0
  is_made: True
  quarter: 4
  time_remaining: PT10M53.00S
}
2026-05-31 17:58:39 | INFO | P03 |   Sending message with key=0042500317
2026-05-31 17:58:39 | INFO | P03 |   MESSAGE SENT  sent=391
2026-05-31 17:58:39 | INFO | C03 | {'action_type': 'Made Shot', 'distance_ft': '24.0', 'game_id': '0042500317', 'is_made': 'True', 'play_id': 'P0560', 'player_id': 'PL_1641717', 'quarter': '4', 'shot_type': '3PT', 'time_remaining': 'PT10M53.00S', 'timestamp': '2026-06-01T04:16:34Z', '_kafka_key': '0042500317', '_kafka_partition': 0, '_kafka_offset': 390}
2026-05-31 17:58:39 | INFO | C03 | shot_quality=NBA Deep 3
2026-05-31 17:58:39 | INFO | C03 | clutch_shot=True
2026-05-31 17:58:39 | INFO | C03 | points_scored=3
2026-05-31 17:58:39 | INFO | C03 | running_total_pts=166
2026-05-31 17:58:39 | INFO | C03 | MESSAGE ACCEPTED
2026-05-31 17:58:39 | INFO | C03 | play=P0560
2026-05-31 17:58:39 | INFO | C03 | points=3
2026-05-31 17:58:39 | INFO | C03 | consumed=171
2026-05-31 17:58:39 | INFO | C03 | RUNNING STATS
2026-05-31 17:58:39 | INFO | C03 | total_pts=166
2026-05-31 17:58:39 | INFO | C03 | average_pts=0.97
2026-05-31 17:58:39 | INFO | C03 | min_pts=0.00
2026-05-31 17:58:39 | INFO | C03 | max_pts=3.00
2026-05-31 17:58:40 | INFO | P03 | {
  play_id: P0562
  game_id: 0042500317
  timestamp: 2026-06-01T04:16:39Z
  player_id: PL_1630577
  action_type: Missed Shot
  shot_type: 3PT
  distance_ft: 26.0
  is_made: False
  quarter: 4
  time_remaining: PT10M39.00S
}
2026-05-31 17:58:40 | INFO | P03 |   Sending message with key=0042500317
2026-05-31 17:58:40 | INFO | P03 |   MESSAGE SENT  sent=392
2026-05-31 17:58:40 | INFO | C03 | {'action_type': 'Missed Shot', 'distance_ft': '26.0', 'game_id': '0042500317', 'is_made': 'False', 'play_id': 'P0562', 'player_id': 'PL_1630577', 'quarter': '4', 'shot_type': '3PT', 'time_remaining': 'PT10M39.00S', 'timestamp': '2026-06-01T04:16:39Z', '_kafka_key': '0042500317', '_kafka_partition': 0, '_kafka_offset': 391}
2026-05-31 17:58:40 | INFO | C03 | shot_quality=NBA Deep 3
2026-05-31 17:58:40 | INFO | C03 | clutch_shot=True
2026-05-31 17:58:40 | INFO | C03 | points_scored=0
2026-05-31 17:58:40 | INFO | C03 | running_total_pts=166
2026-05-31 17:58:40 | INFO | C03 | MESSAGE ACCEPTED
2026-05-31 17:58:40 | INFO | C03 | play=P0562
2026-05-31 17:58:40 | INFO | C03 | points=0
2026-05-31 17:58:40 | INFO | C03 | consumed=172
2026-05-31 17:58:40 | INFO | C03 | RUNNING STATS
2026-05-31 17:58:40 | INFO | C03 | total_pts=166
2026-05-31 17:58:40 | INFO | C03 | average_pts=0.97
2026-05-31 17:58:40 | INFO | C03 | min_pts=0.00
2026-05-31 17:58:40 | INFO | C03 | max_pts=3.00
2026-05-31 17:58:40 | INFO | P03 | {
  play_id: P0563
  game_id: 0042500317
  timestamp: 2026-06-01T04:16:44Z
  player_id: PL_1642844
  action_type: Rebound
  shot_type: 2PT
  distance_ft: 0.0
  is_made: False
  quarter: 4
  time_remaining: PT10M36.00S
}
2026-05-31 17:58:40 | INFO | P03 |   Sending message with key=0042500317
2026-05-31 17:58:40 | INFO | P03 |   MESSAGE SENT  sent=393
2026-05-31 17:58:40 | INFO | C03 | {'action_type': 'Rebound', 'distance_ft': '0.0', 'game_id': '0042500317', 'is_made': 'False', 'play_id': 'P0563', 'player_id': 'PL_1642844', 'quarter': '4', 'shot_type': '2PT', 'time_remaining': 'PT10M36.00S', 'timestamp': '2026-06-01T04:16:44Z', '_kafka_key': '0042500317', '_kafka_partition': 0, '_kafka_offset': 392}
2026-05-31 17:58:40 | INFO | C03 | Skipping non-shot event: play_id=P0563, action_type=Rebound
2026-05-31 17:58:40 | WARNING | C03 | MESSAGE REJECTED
2026-05-31 17:58:40 | WARNING | C03 | play=P0563
2026-05-31 17:58:40 | WARNING | C03 | skipped=221
2026-05-31 17:58:41 | INFO | P03 | {
  play_id: P0564
  game_id: 0042500317
  timestamp: 2026-06-01T04:16:49Z
  player_id: PL_1629640
  action_type: Made Shot
  shot_type: 3PT
  distance_ft: 0.0
  is_made: True
  quarter: 4
  time_remaining: PT10M33.00S
}
2026-05-31 17:58:41 | INFO | P03 |   Sending message with key=0042500317
2026-05-31 17:58:41 | INFO | P03 |   MESSAGE SENT  sent=394
2026-05-31 17:58:41 | INFO | C03 | {'action_type': 'Made Shot', 'distance_ft': '0.0', 'game_id': '0042500317', 'is_made': 'True', 'play_id': 'P0564', 'player_id': 'PL_1629640', 'quarter': '4', 'shot_type': '3PT', 'time_remaining': 'PT10M33.00S', 'timestamp': '2026-06-01T04:16:49Z', '_kafka_key': '0042500317', '_kafka_partition': 0, '_kafka_offset': 393}
2026-05-31 17:58:41 | INFO | C03 | shot_quality=Restricted Area
2026-05-31 17:58:41 | INFO | C03 | clutch_shot=True
2026-05-31 17:58:41 | INFO | C03 | points_scored=3
2026-05-31 17:58:41 | INFO | C03 | running_total_pts=169
2026-05-31 17:58:41 | INFO | C03 | MESSAGE ACCEPTED
2026-05-31 17:58:41 | INFO | C03 | play=P0564
2026-05-31 17:58:41 | INFO | C03 | points=3
2026-05-31 17:58:41 | INFO | C03 | consumed=173
2026-05-31 17:58:41 | INFO | C03 | RUNNING STATS
2026-05-31 17:58:41 | INFO | C03 | total_pts=169
2026-05-31 17:58:41 | INFO | C03 | average_pts=0.98
2026-05-31 17:58:41 | INFO | C03 | min_pts=0.00
2026-05-31 17:58:41 | INFO | C03 | max_pts=3.00
2026-05-31 17:58:41 | INFO | P03 | {
  play_id: P0566
  game_id: 0042500317
  timestamp: 2026-06-01T04:16:54Z
  player_id: PL_1642272
  action_type: Missed Shot
  shot_type: 3PT
  distance_ft: 0.0
  is_made: False
  quarter: 4
  time_remaining: PT10M07.00S
}
2026-05-31 17:58:41 | INFO | P03 |   Sending message with key=0042500317
2026-05-31 17:58:41 | INFO | P03 |   MESSAGE SENT  sent=395
2026-05-31 17:58:41 | INFO | C03 | {'action_type': 'Missed Shot', 'distance_ft': '0.0', 'game_id': '0042500317', 'is_made': 'False', 'play_id': 'P0566', 'player_id': 'PL_1642272', 'quarter': '4', 'shot_type': '3PT', 'time_remaining': 'PT10M07.00S', 'timestamp': '2026-06-01T04:16:54Z', '_kafka_key': '0042500317', '_kafka_partition': 0, '_kafka_offset': 394}
2026-05-31 17:58:41 | INFO | C03 | shot_quality=Restricted Area
2026-05-31 17:58:41 | INFO | C03 | clutch_shot=True
2026-05-31 17:58:41 | INFO | C03 | points_scored=0
2026-05-31 17:58:41 | INFO | C03 | running_total_pts=169
2026-05-31 17:58:41 | INFO | C03 | MESSAGE ACCEPTED
2026-05-31 17:58:41 | INFO | C03 | play=P0566
2026-05-31 17:58:41 | INFO | C03 | points=0
2026-05-31 17:58:41 | INFO | C03 | consumed=174
2026-05-31 17:58:41 | INFO | C03 | RUNNING STATS
2026-05-31 17:58:41 | INFO | C03 | total_pts=169
2026-05-31 17:58:41 | INFO | C03 | average_pts=0.97
2026-05-31 17:58:41 | INFO | C03 | min_pts=0.00
2026-05-31 17:58:41 | INFO | C03 | max_pts=3.00
2026-05-31 17:58:42 | INFO | P03 | {
  play_id: P0567
  game_id: 0042500317
  timestamp: 2026-06-01T04:16:59Z
  player_id: PL_1610612760
  action_type: Rebound
  shot_type: 2PT
  distance_ft: 0.0
  is_made: False
  quarter: 4
  time_remaining: PT10M06.00S
}
2026-05-31 17:58:42 | INFO | P03 |   Sending message with key=0042500317
2026-05-31 17:58:42 | INFO | P03 |   MESSAGE SENT  sent=396
2026-05-31 17:58:42 | INFO | C03 | {'action_type': 'Rebound', 'distance_ft': '0.0', 'game_id': '0042500317', 'is_made': 'False', 'play_id': 'P0567', 'player_id': 'PL_1610612760', 'quarter': '4', 'shot_type': '2PT', 'time_remaining': 'PT10M06.00S', 'timestamp': '2026-06-01T04:16:59Z', '_kafka_key': '0042500317', '_kafka_partition': 0, '_kafka_offset': 395}
2026-05-31 17:58:42 | INFO | C03 | Skipping non-shot event: play_id=P0567, action_type=Rebound
2026-05-31 17:58:42 | WARNING | C03 | MESSAGE REJECTED
2026-05-31 17:58:42 | WARNING | C03 | play=P0567
2026-05-31 17:58:42 | WARNING | C03 | skipped=222
2026-05-31 17:58:43 | INFO | P03 | {
  play_id: P0568
  game_id: 0042500317
  timestamp: 2026-06-01T04:17:04Z
  player_id: PL_1610612760
  action_type: Turnover
  shot_type: 2PT
  distance_ft: 0.0
  is_made: False
  quarter: 4
  time_remaining: PT10M06.00S
}
2026-05-31 17:58:43 | INFO | P03 |   Sending message with key=0042500317
2026-05-31 17:58:43 | INFO | C03 | {'action_type': 'Turnover', 'distance_ft': '0.0', 'game_id': '0042500317', 'is_made': 'False', 'play_id': 'P0568', 'player_id': 'PL_1610612760', 'quarter': '4', 'shot_type': '2PT', 'time_remaining': 'PT10M06.00S', 'timestamp': '2026-06-01T04:17:04Z', '_kafka_key': '0042500317', '_kafka_partition': 0, '_kafka_offset': 396}
2026-05-31 17:58:43 | INFO | P03 |   MESSAGE SENT  sent=397
2026-05-31 17:58:43 | INFO | C03 | Skipping non-shot event: play_id=P0568, action_type=Turnover
2026-05-31 17:58:43 | WARNING | C03 | MESSAGE REJECTED
2026-05-31 17:58:43 | WARNING | C03 | play=P0568
2026-05-31 17:58:43 | WARNING | C03 | skipped=223
2026-05-31 17:58:43 | INFO | P03 | {
  play_id: P0569
  game_id: 0042500317
  timestamp: 2026-06-01T04:17:09Z
  player_id: PL_1642272
  action_type: Substitution
  shot_type: 2PT
  distance_ft: 0.0
  is_made: False
  quarter: 4
  time_remaining: PT10M06.00S
}
2026-05-31 17:58:43 | INFO | P03 |   Sending message with key=0042500317
2026-05-31 17:58:43 | INFO | P03 |   MESSAGE SENT  sent=398
2026-05-31 17:58:43 | INFO | C03 | {'action_type': 'Substitution', 'distance_ft': '0.0', 'game_id': '0042500317', 'is_made': 'False', 'play_id': 'P0569', 'player_id': 'PL_1642272', 'quarter': '4', 'shot_type': '2PT', 'time_remaining': 'PT10M06.00S', 'timestamp': '2026-06-01T04:17:09Z', '_kafka_key': '0042500317', '_kafka_partition': 0, '_kafka_offset': 397}
2026-05-31 17:58:43 | INFO | C03 | Skipping non-shot event: play_id=P0569, action_type=Substitution
2026-05-31 17:58:43 | WARNING | C03 | MESSAGE REJECTED
2026-05-31 17:58:43 | WARNING | C03 | play=P0569
2026-05-31 17:58:43 | WARNING | C03 | skipped=224
2026-05-31 17:58:44 | INFO | P03 | {
  play_id: P0571
  game_id: 0042500317
  timestamp: 2026-06-01T04:17:14Z
  player_id: PL_1631119
  action_type: Foul
  shot_type: 2PT
  distance_ft: 0.0
  is_made: False
  quarter: 4
  time_remaining: PT09M52.00S
}
2026-05-31 17:58:44 | INFO | P03 |   Sending message with key=0042500317
2026-05-31 17:58:44 | INFO | P03 |   MESSAGE SENT  sent=399
2026-05-31 17:58:44 | INFO | C03 | {'action_type': 'Foul', 'distance_ft': '0.0', 'game_id': '0042500317', 'is_made': 'False', 'play_id': 'P0571', 'player_id': 'PL_1631119', 'quarter': '4', 'shot_type': '2PT', 'time_remaining': 'PT09M52.00S', 'timestamp': '2026-06-01T04:17:14Z', '_kafka_key': '0042500317', '_kafka_partition': 0, '_kafka_offset': 398}
2026-05-31 17:58:44 | INFO | C03 | Skipping non-shot event: play_id=P0571, action_type=Foul
2026-05-31 17:58:44 | WARNING | C03 | MESSAGE REJECTED
2026-05-31 17:58:44 | WARNING | C03 | play=P0571
2026-05-31 17:58:44 | WARNING | C03 | skipped=225
2026-05-31 17:58:44 | INFO | P03 | {
  play_id: P0573
  game_id: 0042500317
  timestamp: 2026-06-01T04:17:19Z
  player_id: PL_1641705
  action_type: Free Throw
  shot_type: FT
  distance_ft: 0.0
  is_made: True
  quarter: 4
  time_remaining: PT09M52.00S
}
2026-05-31 17:58:44 | INFO | P03 |   Sending message with key=0042500317
2026-05-31 17:58:44 | INFO | P03 |   MESSAGE SENT  sent=400
2026-05-31 17:58:44 | INFO | C03 | {'action_type': 'Free Throw', 'distance_ft': '0.0', 'game_id': '0042500317', 'is_made': 'True', 'play_id': 'P0573', 'player_id': 'PL_1641705', 'quarter': '4', 'shot_type': 'FT', 'time_remaining': 'PT09M52.00S', 'timestamp': '2026-06-01T04:17:19Z', '_kafka_key': '0042500317', '_kafka_partition': 0, '_kafka_offset': 399}
2026-05-31 17:58:44 | INFO | C03 | shot_quality=Restricted Area
2026-05-31 17:58:44 | INFO | C03 | clutch_shot=True
2026-05-31 17:58:44 | INFO | C03 | points_scored=1
2026-05-31 17:58:44 | INFO | C03 | running_total_pts=170
2026-05-31 17:58:44 | INFO | C03 | MESSAGE ACCEPTED
2026-05-31 17:58:44 | INFO | C03 | play=P0573
2026-05-31 17:58:44 | INFO | C03 | points=1
2026-05-31 17:58:44 | INFO | C03 | consumed=175
2026-05-31 17:58:44 | INFO | C03 | RUNNING STATS
2026-05-31 17:58:44 | INFO | C03 | total_pts=170
2026-05-31 17:58:44 | INFO | C03 | average_pts=0.97
2026-05-31 17:58:44 | INFO | C03 | min_pts=0.00
2026-05-31 17:58:44 | INFO | C03 | max_pts=3.00
2026-05-31 17:58:45 | INFO | P03 | {
  play_id: P0574
  game_id: 0042500317
  timestamp: 2026-06-01T04:17:24Z
  player_id: PL_1641705
  action_type: Free Throw
  shot_type: FT
  distance_ft: 0.0
  is_made: True
  quarter: 4
  time_remaining: PT09M52.00S
}
2026-05-31 17:58:45 | INFO | P03 |   Sending message with key=0042500317
2026-05-31 17:58:45 | INFO | P03 |   MESSAGE SENT  sent=401
w', 'distance_ft': '0.0', 'game_id': '0042500317', 'is_made': 'True', 'play_id': 'P0574', 'player_id': 'PL_1641705', 'quarter': '4', 'shot_type': 'FT', 'time_remaining': 'PT09M52.00S', 'timestamp': '2026-06-01T04:17:24Z', '_kafka_key': '0042500317', '_kafka_partition': 0, '_kafka_offset': 400}
2026-05-31 17:58:45 | INFO | C03 | shot_quality=Restricted Area
2026-05-31 17:58:45 | INFO | C03 | clutch_shot=True
2026-05-31 17:58:45 | INFO | C03 | points_scored=1
2026-05-31 17:58:45 | INFO | C03 | running_total_pts=171
2026-05-31 17:58:45 | INFO | C03 | MESSAGE ACCEPTED
2026-05-31 17:58:45 | INFO | C03 | play=P0574
2026-05-31 17:58:45 | INFO | C03 | points=1
2026-05-31 17:58:45 | INFO | C03 | consumed=176
2026-05-31 17:58:45 | INFO | C03 | RUNNING STATS
2026-05-31 17:58:45 | INFO | C03 | total_pts=171
2026-05-31 17:58:45 | INFO | C03 | average_pts=0.97
2026-05-31 17:58:45 | INFO | C03 | min_pts=0.00
2026-05-31 17:58:45 | INFO | C03 | max_pts=3.00
2026-05-31 17:58:45 | INFO | P03 | {
  play_id: P0575
  game_id: 0042500317
  timestamp: 2026-06-01T04:17:29Z
  player_id: PL_1641705
  action_type: Foul
  shot_type: 2PT
  distance_ft: 0.0
  is_made: False
  quarter: 4
  time_remaining: PT09M44.00S
}
2026-05-31 17:58:45 | INFO | P03 |   Sending message with key=0042500317
2026-05-31 17:58:45 | INFO | C03 | {'action_type': 'Foul', 'distance_ft': '0.0', 'game_id': '0042500317', 'is_made': 'False', 'play_id': 'P0575', 'player_id': 'PL_1641705', 'quarter': '4', 'shot_type': '2PT', 'time_remaining': 'PT09M44.00S', 'timestamp': '2026-06-01T04:17:29Z', '_kafka_key': '0042500317', '_kafka_partition': 0, '_kafka_offset': 401}
2026-05-31 17:58:45 | INFO | P03 |   MESSAGE SENT  sent=402
2026-05-31 17:58:45 | INFO | C03 | Skipping non-shot event: play_id=P0575, action_type=Foul
2026-05-31 17:58:45 | WARNING | C03 | MESSAGE REJECTED
2026-05-31 17:58:45 | WARNING | C03 | play=P0575
2026-05-31 17:58:45 | WARNING | C03 | skipped=226
2026-05-31 17:58:46 | INFO | P03 | {
  play_id: P0577
  game_id: 0042500317
  timestamp: 2026-06-01T04:17:34Z
  player_id: PL_1627936
  action_type: Free Throw
  shot_type: FT
  distance_ft: 0.0
  is_made: False
  quarter: 4
  time_remaining: PT09M44.00S
}
2026-05-31 17:58:46 | INFO | P03 |   Sending message with key=0042500317
2026-05-31 17:58:46 | INFO | P03 |   MESSAGE SENT  sent=403
w', 'distance_ft': '0.0', 'game_id': '0042500317', 'is_made': 'False', 'play_id': 'P0577', 'player_id': 'PL_1627936', 'quarter': '4', 'shot_type': 'FT', 'time_remaining': 'PT09M44.00S', 'timestamp': '2026-06-01T04:17:34Z', '_kafka_key': '0042500317', '_kafka_partition': 0, '_kafka_offset': 402}
2026-05-31 17:58:46 | INFO | C03 | shot_quality=Restricted Area
2026-05-31 17:58:46 | INFO | C03 | clutch_shot=True
2026-05-31 17:58:46 | INFO | C03 | points_scored=0
2026-05-31 17:58:46 | INFO | C03 | running_total_pts=171
2026-05-31 17:58:46 | INFO | C03 | MESSAGE ACCEPTED
2026-05-31 17:58:46 | INFO | C03 | play=P0577
2026-05-31 17:58:46 | INFO | C03 | points=0
2026-05-31 17:58:46 | INFO | C03 | consumed=177
2026-05-31 17:58:46 | INFO | C03 | RUNNING STATS
2026-05-31 17:58:46 | INFO | C03 | total_pts=171
2026-05-31 17:58:46 | INFO | C03 | average_pts=0.97
2026-05-31 17:58:46 | INFO | C03 | min_pts=0.00
2026-05-31 17:58:46 | INFO | C03 | max_pts=3.00
2026-05-31 17:58:46 | INFO | P03 | {
  play_id: P0578
  game_id: 0042500317
  timestamp: 2026-06-01T04:17:39Z
  player_id: PL_1610612760
  action_type: Rebound
  shot_type: 2PT
  distance_ft: 0.0
  is_made: False
  quarter: 4
  time_remaining: PT09M44.00S
}
2026-05-31 17:58:46 | INFO | P03 |   Sending message with key=0042500317
2026-05-31 17:58:46 | INFO | P03 |   MESSAGE SENT  sent=404
2026-05-31 17:58:46 | INFO | C03 | {'action_type': 'Rebound', 'distance_ft': '0.0', 'game_id': '0042500317', 'is_made': 'False', 'play_id': 'P0578', 'player_id': 'PL_1610612760', 'quarter': '4', 'shot_type': '2PT', 'time_remaining': 'PT09M44.00S', 'timestamp': '2026-06-01T04:17:39Z', '_kafka_key': '0042500317', '_kafka_partition': 0, '_kafka_offset': 403}
2026-05-31 17:58:46 | INFO | C03 | Skipping non-shot event: play_id=P0578, action_type=Rebound
2026-05-31 17:58:46 | WARNING | C03 | MESSAGE REJECTED
2026-05-31 17:58:46 | WARNING | C03 | play=P0578
2026-05-31 17:58:46 | WARNING | C03 | skipped=227
2026-05-31 17:58:47 | INFO | P03 | {
  play_id: P0579
  game_id: 0042500317
  timestamp: 2026-06-01T04:17:44Z
  player_id: PL_1627936
  action_type: Free Throw
  shot_type: FT
  distance_ft: 0.0
  is_made: True
  quarter: 4
  time_remaining: PT09M44.00S
}
2026-05-31 17:58:47 | INFO | P03 |   Sending message with key=0042500317
2026-05-31 17:58:47 | INFO | P03 |   MESSAGE SENT  sent=405
2026-05-31 17:58:47 | INFO | C03 | {'action_type': 'Free Throw', 'distance_ft': '0.0', 'game_id': '0042500317', 'is_made': 'True', 'play_id': 'P0579', 'player_id': 'PL_1627936', 'quarter': '4', 'shot_type': 'FT', 'time_remaining': 'PT09M44.00S', 'timestamp': '2026-06-01T04:17:44Z', '_kafka_key': '0042500317', '_kafka_partition': 0, '_kafka_offset': 404}
2026-05-31 17:58:47 | INFO | C03 | shot_quality=Restricted Area
2026-05-31 17:58:47 | INFO | C03 | clutch_shot=True
2026-05-31 17:58:47 | INFO | C03 | points_scored=1
2026-05-31 17:58:47 | INFO | C03 | running_total_pts=172
2026-05-31 17:58:47 | INFO | C03 | MESSAGE ACCEPTED
2026-05-31 17:58:47 | INFO | C03 | play=P0579
2026-05-31 17:58:47 | INFO | C03 | points=1
2026-05-31 17:58:47 | INFO | C03 | consumed=178
2026-05-31 17:58:47 | INFO | C03 | RUNNING STATS
2026-05-31 17:58:47 | INFO | C03 | total_pts=172
2026-05-31 17:58:47 | INFO | C03 | average_pts=0.97
2026-05-31 17:58:47 | INFO | C03 | min_pts=0.00
2026-05-31 17:58:47 | INFO | C03 | max_pts=3.00
2026-05-31 17:58:48 | INFO | P03 | {
  play_id: P0580
  game_id: 0042500317
  timestamp: 2026-06-01T04:17:49Z
  player_id: PL_1628368
  action_type: Made Shot
  shot_type: 3PT
  distance_ft: 25.0
  is_made: True
  quarter: 4
  time_remaining: PT09M30.00S
}
2026-05-31 17:58:48 | INFO | P03 |   Sending message with key=0042500317
2026-05-31 17:58:48 | INFO | P03 |   MESSAGE SENT  sent=406
2026-05-31 17:58:48 | INFO | C03 | {'action_type': 'Made Shot', 'distance_ft': '25.0', 'game_id': '0042500317', 'is_made': 'True', 'play_id': 'P0580', 'player_id': 'PL_1628368', 'quarter': '4', 'shot_type': '3PT', 'time_remaining': 'PT09M30.00S', 'timestamp': '2026-06-01T04:17:49Z', '_kafka_key': '0042500317', '_kafka_partition': 0, '_kafka_offset': 405}
2026-05-31 17:58:48 | INFO | C03 | shot_quality=NBA Deep 3
2026-05-31 17:58:48 | INFO | C03 | clutch_shot=True
2026-05-31 17:58:48 | INFO | C03 | points_scored=3
2026-05-31 17:58:48 | INFO | C03 | running_total_pts=175
2026-05-31 17:58:48 | INFO | C03 | MESSAGE ACCEPTED
2026-05-31 17:58:48 | INFO | C03 | play=P0580
2026-05-31 17:58:48 | INFO | C03 | points=3
2026-05-31 17:58:48 | INFO | C03 | consumed=179
2026-05-31 17:58:48 | INFO | C03 | RUNNING STATS
2026-05-31 17:58:48 | INFO | C03 | total_pts=175
2026-05-31 17:58:48 | INFO | C03 | average_pts=0.98
2026-05-31 17:58:48 | INFO | C03 | min_pts=0.00
2026-05-31 17:58:48 | INFO | C03 | max_pts=3.00
2026-05-31 17:58:48 | INFO | P03 | {
  play_id: P0581
  game_id: 0042500317
  timestamp: 2026-06-01T04:17:54Z
  player_id: PL_1641717
  action_type: Made Shot
  shot_type: 3PT
  distance_ft: 26.0
  is_made: True
  quarter: 4
  time_remaining: PT09M07.00S
}
2026-05-31 17:58:48 | INFO | P03 |   Sending message with key=0042500317
2026-05-31 17:58:48 | INFO | P03 |   MESSAGE SENT  sent=407
2026-05-31 17:58:48 | INFO | C03 | {'action_type': 'Made Shot', 'distance_ft': '26.0', 'game_id': '0042500317', 'is_made': 'True', 'play_id': 'P0581', 'player_id': 'PL_1641717', 'quarter': '4', 'shot_type': '3PT', 'time_remaining': 'PT09M07.00S', 'timestamp': '2026-06-01T04:17:54Z', '_kafka_key': '0042500317', '_kafka_partition': 0, '_kafka_offset': 406}
2026-05-31 17:58:48 | INFO | C03 | shot_quality=NBA Deep 3
2026-05-31 17:58:48 | INFO | C03 | clutch_shot=True
2026-05-31 17:58:48 | INFO | C03 | points_scored=3
2026-05-31 17:58:48 | INFO | C03 | running_total_pts=178
2026-05-31 17:58:48 | INFO | C03 | MESSAGE ACCEPTED
2026-05-31 17:58:48 | INFO | C03 | play=P0581
2026-05-31 17:58:48 | INFO | C03 | points=3
2026-05-31 17:58:48 | INFO | C03 | consumed=180
2026-05-31 17:58:48 | INFO | C03 | RUNNING STATS
2026-05-31 17:58:48 | INFO | C03 | total_pts=178
2026-05-31 17:58:48 | INFO | C03 | average_pts=0.99
2026-05-31 17:58:48 | INFO | C03 | min_pts=0.00
2026-05-31 17:58:48 | INFO | C03 | max_pts=3.00
2026-05-31 17:58:49 | INFO | P03 | {
  play_id: P0583
  game_id: 0042500317
  timestamp: 2026-06-01T04:17:59Z
  player_id: PL_1641705
  action_type: Made Shot
  shot_type: 3PT
  distance_ft: 26.0
  is_made: True
  quarter: 4
  time_remaining: PT08M43.00S
}
2026-05-31 17:58:49 | INFO | P03 |   Sending message with key=0042500317
2026-05-31 17:58:49 | INFO | P03 |   MESSAGE SENT  sent=408
2026-05-31 17:58:49 | INFO | C03 | {'action_type': 'Made Shot', 'distance_ft': '26.0', 'game_id': '0042500317', 'is_made': 'True', 'play_id': 'P0583', 'player_id': 'PL_1641705', 'quarter': '4', 'shot_type': '3PT', 'time_remaining': 'PT08M43.00S', 'timestamp': '2026-06-01T04:17:59Z', '_kafka_key': '0042500317', '_kafka_partition': 0, '_kafka_offset': 407}
2026-05-31 17:58:49 | INFO | C03 | shot_quality=NBA Deep 3
2026-05-31 17:58:49 | INFO | C03 | clutch_shot=True
2026-05-31 17:58:49 | INFO | C03 | points_scored=3
2026-05-31 17:58:49 | INFO | C03 | running_total_pts=181
2026-05-31 17:58:49 | INFO | C03 | MESSAGE ACCEPTED
2026-05-31 17:58:49 | INFO | C03 | play=P0583
2026-05-31 17:58:49 | INFO | C03 | points=3
2026-05-31 17:58:49 | INFO | C03 | consumed=181
2026-05-31 17:58:49 | INFO | C03 | RUNNING STATS
2026-05-31 17:58:49 | INFO | C03 | total_pts=181
2026-05-31 17:58:49 | INFO | C03 | average_pts=1.00
2026-05-31 17:58:49 | INFO | C03 | min_pts=0.00
2026-05-31 17:58:49 | INFO | C03 | max_pts=3.00
2026-05-31 17:58:49 | INFO | P03 | {
  play_id: P0584
  game_id: 0042500317
  timestamp: 2026-06-01T04:18:04Z
  player_id: PL_1628983
  action_type: Missed Shot
  shot_type: 3PT
  distance_ft: 26.0
  is_made: False
  quarter: 4
  time_remaining: PT08M31.00S
}
2026-05-31 17:58:49 | INFO | P03 |   Sending message with key=0042500317
2026-05-31 17:58:49 | INFO | P03 |   MESSAGE SENT  sent=409
2026-05-31 17:58:49 | INFO | C03 | {'action_type': 'Missed Shot', 'distance_ft': '26.0', 'game_id': '0042500317', 'is_made': 'False', 'play_id': 'P0584', 'player_id': 'PL_1628983', 'quarter': '4', 'shot_type': '3PT', 'time_remaining': 'PT08M31.00S', 'timestamp': '2026-06-01T04:18:04Z', '_kafka_key': '0042500317', '_kafka_partition': 0, '_kafka_offset': 408}
2026-05-31 17:58:49 | INFO | C03 | shot_quality=NBA Deep 3
2026-05-31 17:58:49 | INFO | C03 | clutch_shot=True
2026-05-31 17:58:49 | INFO | C03 | points_scored=0
2026-05-31 17:58:49 | INFO | C03 | running_total_pts=181
2026-05-31 17:58:49 | INFO | C03 | MESSAGE ACCEPTED
2026-05-31 17:58:49 | INFO | C03 | play=P0584
2026-05-31 17:58:49 | INFO | C03 | points=0
2026-05-31 17:58:49 | INFO | C03 | consumed=182
2026-05-31 17:58:49 | INFO | C03 | RUNNING STATS
2026-05-31 17:58:49 | INFO | C03 | total_pts=181
2026-05-31 17:58:49 | INFO | C03 | average_pts=0.99
2026-05-31 17:58:49 | INFO | C03 | min_pts=0.00
2026-05-31 17:58:49 | INFO | C03 | max_pts=3.00
2026-05-31 17:58:50 | INFO | P03 | {
  play_id: P0585
  game_id: 0042500317
  timestamp: 2026-06-01T04:18:09Z
  player_id: PL_1630577
  action_type: Rebound
  shot_type: 2PT
  distance_ft: 0.0
  is_made: False
  quarter: 4
  time_remaining: PT08M27.00S
}
2026-05-31 17:58:50 | INFO | P03 |   Sending message with key=0042500317
2026-05-31 17:58:50 | INFO | P03 |   MESSAGE SENT  sent=410
2026-05-31 17:58:50 | INFO | C03 | {'action_type': 'Rebound', 'distance_ft': '0.0', 'game_id': '0042500317', 'is_made': 'False', 'play_id': 'P0585', 'player_id': 'PL_1630577', 'quarter': '4', 'shot_type': '2PT', 'time_remaining': 'PT08M27.00S', 'timestamp': '2026-06-01T04:18:09Z', '_kafka_key': '0042500317', '_kafka_partition': 0, '_kafka_offset': 409}
2026-05-31 17:58:50 | INFO | C03 | Skipping non-shot event: play_id=P0585, action_type=Rebound
2026-05-31 17:58:50 | WARNING | C03 | MESSAGE REJECTED
2026-05-31 17:58:50 | WARNING | C03 | play=P0585
2026-05-31 17:58:50 | WARNING | C03 | skipped=228
2026-05-31 17:58:50 | INFO | P03 | {
  play_id: P0586
  game_id: 0042500317
  timestamp: 2026-06-01T04:18:14Z
  player_id: PL_1642844
  action_type: Missed Shot
  shot_type: 3PT
  distance_ft: 24.0
  is_made: False
  quarter: 4
  time_remaining: PT08M16.00S
}
2026-05-31 17:58:50 | INFO | P03 |   Sending message with key=0042500317
2026-05-31 17:58:50 | INFO | C03 | {'action_type': 'Missed Shot', 'distance_ft': '24.0', 'game_id': '0042500317', 'is_made': 'False', 'play_id': 'P0586', 'player_id': 'PL_1642844', 'quarter': '4', 'shot_type': '3PT', 'time_remaining': 'PT08M16.00S', 'timestamp': '2026-06-01T04:18:14Z', '_kafka_key': '0042500317', '_kafka_partition': 0, '_kafka_offset': 410}
2026-05-31 17:58:50 | INFO | P03 |   MESSAGE SENT  sent=411
2026-05-31 17:58:50 | INFO | C03 | shot_quality=NBA Deep 3
2026-05-31 17:58:50 | INFO | C03 | clutch_shot=True
2026-05-31 17:58:50 | INFO | C03 | points_scored=0
2026-05-31 17:58:50 | INFO | C03 | running_total_pts=181
2026-05-31 17:58:50 | INFO | C03 | MESSAGE ACCEPTED
2026-05-31 17:58:50 | INFO | C03 | play=P0586
2026-05-31 17:58:50 | INFO | C03 | points=0
2026-05-31 17:58:50 | INFO | C03 | consumed=183
2026-05-31 17:58:50 | INFO | C03 | RUNNING STATS
2026-05-31 17:58:50 | INFO | C03 | total_pts=181
2026-05-31 17:58:50 | INFO | C03 | average_pts=0.99
2026-05-31 17:58:50 | INFO | C03 | min_pts=0.00
2026-05-31 17:58:50 | INFO | C03 | max_pts=3.00
2026-05-31 17:58:51 | INFO | P03 | {
  play_id: P0587
  game_id: 0042500317
  timestamp: 2026-06-01T04:18:19Z
  player_id: PL_1641717
  action_type: Rebound
  shot_type: 2PT
  distance_ft: 0.0
  is_made: False
  quarter: 4
  time_remaining: PT08M12.00S
}
2026-05-31 17:58:51 | INFO | P03 |   Sending message with key=0042500317
2026-05-31 17:58:51 | INFO | P03 |   MESSAGE SENT  sent=412
2026-05-31 17:58:51 | INFO | C03 | {'action_type': 'Rebound', 'distance_ft': '0.0', 'game_id': '0042500317', 'is_made': 'False', 'play_id': 'P0587', 'player_id': 'PL_1641717', 'quarter': '4', 'shot_type': '2PT', 'time_remaining': 'PT08M12.00S', 'timestamp': '2026-06-01T04:18:19Z', '_kafka_key': '0042500317', '_kafka_partition': 0, '_kafka_offset': 411}
2026-05-31 17:58:51 | INFO | C03 | Skipping non-shot event: play_id=P0587, action_type=Rebound
2026-05-31 17:58:51 | WARNING | C03 | MESSAGE REJECTED
2026-05-31 17:58:51 | WARNING | C03 | play=P0587
2026-05-31 17:58:51 | WARNING | C03 | skipped=229
2026-05-31 17:58:51 | INFO | P03 | {
  play_id: P0588
  game_id: 0042500317
  timestamp: 2026-06-01T04:18:24Z
  player_id: PL_1627936
  action_type: Missed Shot
  shot_type: 2PT
  distance_ft: 3.0
  is_made: False
  quarter: 4
  time_remaining: PT08M08.00S
}
2026-05-31 17:58:51 | INFO | P03 |   Sending message with key=0042500317
2026-05-31 17:58:51 | INFO | P03 |   MESSAGE SENT  sent=413
2026-05-31 17:58:51 | INFO | C03 | {'action_type': 'Missed Shot', 'distance_ft': '3.0', 'game_id': '0042500317', 'is_made': 'False', 'play_id': 'P0588', 'player_id': 'PL_1627936', 'quarter': '4', 'shot_type': '2PT', 'time_remaining': 'PT08M08.00S', 'timestamp': '2026-06-01T04:18:24Z', '_kafka_key': '0042500317', '_kafka_partition': 0, '_kafka_offset': 412}
2026-05-31 17:58:51 | INFO | C03 | shot_quality=Restricted Area
2026-05-31 17:58:51 | INFO | C03 | clutch_shot=True
2026-05-31 17:58:51 | INFO | C03 | points_scored=0
2026-05-31 17:58:51 | INFO | C03 | running_total_pts=181
2026-05-31 17:58:51 | INFO | C03 | MESSAGE ACCEPTED
2026-05-31 17:58:51 | INFO | C03 | play=P0588
2026-05-31 17:58:51 | INFO | C03 | points=0
2026-05-31 17:58:51 | INFO | C03 | consumed=184
2026-05-31 17:58:51 | INFO | C03 | RUNNING STATS
2026-05-31 17:58:51 | INFO | C03 | total_pts=181
2026-05-31 17:58:51 | INFO | C03 | average_pts=0.98
2026-05-31 17:58:51 | INFO | C03 | min_pts=0.00
2026-05-31 17:58:51 | INFO | C03 | max_pts=3.00
2026-05-31 17:58:52 | INFO | P03 | {
  play_id: P0589
  game_id: 0042500317
  timestamp: 2026-06-01T04:18:29Z
  player_id: PL_1642844
  action_type: Rebound
  shot_type: 2PT
  distance_ft: 0.0
  is_made: False
  quarter: 4
  time_remaining: PT08M04.00S
}
2026-05-31 17:58:52 | INFO | P03 |   Sending message with key=0042500317
2026-05-31 17:58:52 | INFO | P03 |   MESSAGE SENT  sent=414
2026-05-31 17:58:52 | INFO | C03 | {'action_type': 'Rebound', 'distance_ft': '0.0', 'game_id': '0042500317', 'is_made': 'False', 'play_id': 'P0589', 'player_id': 'PL_1642844', 'quarter': '4', 'shot_type': '2PT', 'time_remaining': 'PT08M04.00S', 'timestamp': '2026-06-01T04:18:29Z', '_kafka_key': '0042500317', '_kafka_partition': 0, '_kafka_offset': 413}
2026-05-31 17:58:52 | INFO | C03 | Skipping non-shot event: play_id=P0589, action_type=Rebound
2026-05-31 17:58:52 | WARNING | C03 | MESSAGE REJECTED
2026-05-31 17:58:52 | WARNING | C03 | play=P0589
2026-05-31 17:58:52 | WARNING | C03 | skipped=230
2026-05-31 17:58:53 | INFO | P03 | {
  play_id: P0590
  game_id: 0042500317
  timestamp: 2026-06-01T04:18:34Z
  player_id: PL_1629640
  action_type: Made Shot
  shot_type: 2PT
  distance_ft: 2.0
  is_made: True
  quarter: 4
  time_remaining: PT08M00.00S
}
2026-05-31 17:58:53 | INFO | P03 |   Sending message with key=0042500317
2026-05-31 17:58:53 | INFO | P03 |   MESSAGE SENT  sent=415
2026-05-31 17:58:53 | INFO | C03 | {'action_type': 'Made Shot', 'distance_ft': '2.0', 'game_id': '0042500317', 'is_made': 'True', 'play_id': 'P0590', 'player_id': 'PL_1629640', 'quarter': '4', 'shot_type': '2PT', 'time_remaining': 'PT08M00.00S', 'timestamp': '2026-06-01T04:18:34Z', '_kafka_key': '0042500317', '_kafka_partition': 0, '_kafka_offset': 414}
2026-05-31 17:58:53 | INFO | C03 | shot_quality=Restricted Area
2026-05-31 17:58:53 | INFO | C03 | clutch_shot=True
2026-05-31 17:58:53 | INFO | C03 | points_scored=2
2026-05-31 17:58:53 | INFO | C03 | running_total_pts=183
2026-05-31 17:58:53 | INFO | C03 | MESSAGE ACCEPTED
2026-05-31 17:58:53 | INFO | C03 | play=P0590
2026-05-31 17:58:53 | INFO | C03 | points=2
2026-05-31 17:58:53 | INFO | C03 | consumed=185
2026-05-31 17:58:53 | INFO | C03 | RUNNING STATS
2026-05-31 17:58:53 | INFO | C03 | total_pts=183
2026-05-31 17:58:53 | INFO | C03 | average_pts=0.99
2026-05-31 17:58:53 | INFO | C03 | min_pts=0.00
2026-05-31 17:58:53 | INFO | C03 | max_pts=3.00
2026-05-31 17:58:53 | INFO | P03 | {
  play_id: P0592
  game_id: 0042500317
  timestamp: 2026-06-01T04:18:39Z
  player_id: PL_1610612760
  action_type: Timeout
  shot_type: 2PT
  distance_ft: 0.0
  is_made: False
  quarter: 4
  time_remaining: PT08M00.00S
}
2026-05-31 17:58:53 | INFO | P03 |   Sending message with key=0042500317
2026-05-31 17:58:53 | INFO | P03 |   MESSAGE SENT  sent=416
2026-05-31 17:58:53 | INFO | C03 | {'action_type': 'Timeout', 'distance_ft': '0.0', 'game_id': '0042500317', 'is_made': 'False', 'play_id': 'P0592', 'player_id': 'PL_1610612760', 'quarter': '4', 'shot_type': '2PT', 'time_remaining': 'PT08M00.00S', 'timestamp': '2026-06-01T04:18:39Z', '_kafka_key': '0042500317', '_kafka_partition': 0, '_kafka_offset': 415}
2026-05-31 17:58:53 | INFO | C03 | Skipping non-shot event: play_id=P0592, action_type=Timeout
2026-05-31 17:58:53 | WARNING | C03 | MESSAGE REJECTED
2026-05-31 17:58:53 | WARNING | C03 | play=P0592
2026-05-31 17:58:53 | WARNING | C03 | skipped=231
2026-05-31 17:58:54 | INFO | P03 | {
  play_id: P0593
  game_id: 0042500317
  timestamp: 2026-06-01T04:18:44Z
  player_id: PL_1631119
  action_type: Substitution
  shot_type: 2PT
  distance_ft: 0.0
  is_made: False
  quarter: 4
  time_remaining: PT08M00.00S
}
2026-05-31 17:58:54 | INFO | P03 |   Sending message with key=0042500317
2026-05-31 17:58:54 | INFO | P03 |   MESSAGE SENT  sent=417
2026-05-31 17:58:54 | INFO | C03 | {'action_type': 'Substitution', 'distance_ft': '0.0', 'game_id': '0042500317', 'is_made': 'False', 'play_id': 'P0593', 'player_id': 'PL_1631119', 'quarter': '4', 'shot_type': '2PT', 'time_remaining': 'PT08M00.00S', 'timestamp': '2026-06-01T04:18:44Z', '_kafka_key': '0042500317', '_kafka_partition': 0, '_kafka_offset': 416}
2026-05-31 17:58:54 | INFO | C03 | Skipping non-shot event: play_id=P0593, action_type=Substitution
2026-05-31 17:58:54 | WARNING | C03 | MESSAGE REJECTED
2026-05-31 17:58:54 | WARNING | C03 | play=P0593
2026-05-31 17:58:54 | WARNING | C03 | skipped=232
2026-05-31 17:58:54 | INFO | P03 | {
  play_id: P0594
  game_id: 0042500317
  timestamp: 2026-06-01T04:18:49Z
  player_id: PL_1631096
  action_type: Substitution
  shot_type: 2PT
  distance_ft: 0.0
  is_made: False
  quarter: 4
  time_remaining: PT08M00.00S
}
2026-05-31 17:58:54 | INFO | P03 |   Sending message with key=0042500317
2026-05-31 17:58:54 | INFO | P03 |   MESSAGE SENT  sent=418
2026-05-31 17:58:54 | INFO | C03 | {'action_type': 'Substitution', 'distance_ft': '0.0', 'game_id': '0042500317', 'is_made': 'False', 'play_id': 'P0594', 'player_id': 'PL_1631096', 'quarter': '4', 'shot_type': '2PT', 'time_remaining': 'PT08M00.00S', 'timestamp': '2026-06-01T04:18:49Z', '_kafka_key': '0042500317', '_kafka_partition': 0, '_kafka_offset': 417}
2026-05-31 17:58:54 | INFO | C03 | Skipping non-shot event: play_id=P0594, action_type=Substitution
2026-05-31 17:58:54 | WARNING | C03 | MESSAGE REJECTED
2026-05-31 17:58:54 | WARNING | C03 | play=P0594
2026-05-31 17:58:54 | WARNING | C03 | skipped=233
2026-05-31 17:58:55 | INFO | P03 | {
  play_id: P0595
  game_id: 0042500317
  timestamp: 2026-06-01T04:18:54Z
  player_id: PL_1642844
  action_type: Substitution
  shot_type: 2PT
  distance_ft: 0.0
  is_made: False
  quarter: 4
  time_remaining: PT08M00.00S
}
2026-05-31 17:58:55 | INFO | P03 |   Sending message with key=0042500317
2026-05-31 17:58:55 | INFO | P03 |   MESSAGE SENT  sent=419
2026-05-31 17:58:55 | INFO | C03 | {'action_type': 'Substitution', 'distance_ft': '0.0', 'game_id': '0042500317', 'is_made': 'False', 'play_id': 'P0595', 'player_id': 'PL_1642844', 'quarter': '4', 'shot_type': '2PT', 'time_remaining': 'PT08M00.00S', 'timestamp': '2026-06-01T04:18:54Z', '_kafka_key': '0042500317', '_kafka_partition': 0, '_kafka_offset': 418}
2026-05-31 17:58:55 | INFO | C03 | Skipping non-shot event: play_id=P0595, action_type=Substitution
2026-05-31 17:58:55 | WARNING | C03 | MESSAGE REJECTED
2026-05-31 17:58:55 | WARNING | C03 | play=P0595
2026-05-31 17:58:55 | WARNING | C03 | skipped=234
2026-05-31 17:58:55 | INFO | P03 | {
  play_id: P0596
  game_id: 0042500317
  timestamp: 2026-06-01T04:18:59Z
  player_id: PL_1630577
  action_type: Substitution
  shot_type: 2PT
  distance_ft: 0.0
  is_made: False
  quarter: 4
  time_remaining: PT08M00.00S
}
2026-05-31 17:58:55 | INFO | P03 |   Sending message with key=0042500317
2026-05-31 17:58:55 | INFO | P03 |   MESSAGE SENT  sent=420
2026-05-31 17:58:55 | INFO | C03 | {'action_type': 'Substitution', 'distance_ft': '0.0', 'game_id': '0042500317', 'is_made': 'False', 'play_id': 'P0596', 'player_id': 'PL_1630577', 'quarter': '4', 'shot_type': '2PT', 'time_remaining': 'PT08M00.00S', 'timestamp': '2026-06-01T04:18:59Z', '_kafka_key': '0042500317', '_kafka_partition': 0, '_kafka_offset': 419}
2026-05-31 17:58:55 | INFO | C03 | Skipping non-shot event: play_id=P0596, action_type=Substitution
2026-05-31 17:58:55 | WARNING | C03 | MESSAGE REJECTED
2026-05-31 17:58:55 | WARNING | C03 | play=P0596
2026-05-31 17:58:55 | WARNING | C03 | skipped=235
2026-05-31 17:58:56 | INFO | P03 | {
  play_id: P0601
  game_id: 0042500317
  timestamp: 2026-06-01T04:19:04Z
  player_id: PL_1628392
  action_type: Made Shot
  shot_type: 2PT
  distance_ft: 2.0
  is_made: True
  quarter: 4
  time_remaining: PT07M50.00S
}
2026-05-31 17:58:56 | INFO | P03 |   Sending message with key=0042500317
2026-05-31 17:58:56 | INFO | P03 |   MESSAGE SENT  sent=421
2026-05-31 17:58:56 | INFO | C03 | {'action_type': 'Made Shot', 'distance_ft': '2.0', 'game_id': '0042500317', 'is_made': 'True', 'play_id': 'P0601', 'player_id': 'PL_1628392', 'quarter': '4', 'shot_type': '2PT', 'time_remaining': 'PT07M50.00S', 'timestamp': '2026-06-01T04:19:04Z', '_kafka_key': '0042500317', '_kafka_partition': 0, '_kafka_offset': 420}
2026-05-31 17:58:56 | INFO | C03 | shot_quality=Restricted Area
2026-05-31 17:58:56 | INFO | C03 | clutch_shot=True
2026-05-31 17:58:56 | INFO | C03 | points_scored=2
2026-05-31 17:58:56 | INFO | C03 | running_total_pts=185
2026-05-31 17:58:56 | INFO | C03 | MESSAGE ACCEPTED
2026-05-31 17:58:56 | INFO | C03 | play=P0601
2026-05-31 17:58:56 | INFO | C03 | points=2
2026-05-31 17:58:56 | INFO | C03 | consumed=186
2026-05-31 17:58:56 | INFO | C03 | RUNNING STATS
2026-05-31 17:58:56 | INFO | C03 | total_pts=185
2026-05-31 17:58:56 | INFO | C03 | average_pts=0.99
2026-05-31 17:58:56 | INFO | C03 | min_pts=0.00
2026-05-31 17:58:56 | INFO | C03 | max_pts=3.00
2026-05-31 17:58:56 | INFO | P03 | {
  play_id: P0603
  game_id: 0042500317
  timestamp: 2026-06-01T04:19:09Z
  player_id: PL_1641705
  action_type: Foul
  shot_type: 2PT
  distance_ft: 0.0
  is_made: False
  quarter: 4
  time_remaining: PT07M50.00S
}
2026-05-31 17:58:56 | INFO | P03 |   Sending message with key=0042500317
2026-05-31 17:58:56 | INFO | P03 |   MESSAGE SENT  sent=422
2026-05-31 17:58:56 | INFO | C03 | {'action_type': 'Foul', 'distance_ft': '0.0', 'game_id': '0042500317', 'is_made': 'False', 'play_id': 'P0603', 'player_id': 'PL_1641705', 'quarter': '4', 'shot_type': '2PT', 'time_remaining': 'PT07M50.00S', 'timestamp': '2026-06-01T04:19:09Z', '_kafka_key': '0042500317', '_kafka_partition': 0, '_kafka_offset': 421}
2026-05-31 17:58:56 | INFO | C03 | Skipping non-shot event: play_id=P0603, action_type=Foul
2026-05-31 17:58:56 | WARNING | C03 | MESSAGE REJECTED
2026-05-31 17:58:56 | WARNING | C03 | play=P0603
2026-05-31 17:58:56 | WARNING | C03 | skipped=236
2026-05-31 17:58:57 | INFO | P03 | {
  play_id: P0605
  game_id: 0042500317
  timestamp: 2026-06-01T04:19:14Z
  player_id: PL_1628392
  action_type: Free Throw
  shot_type: FT
  distance_ft: 0.0
  is_made: True
  quarter: 4
  time_remaining: PT07M50.00S
}
2026-05-31 17:58:57 | INFO | P03 |   Sending message with key=0042500317
2026-05-31 17:58:57 | INFO | P03 |   MESSAGE SENT  sent=423
2026-05-31 17:58:57 | INFO | C03 | {'action_type': 'Free Throw', 'distance_ft': '0.0', 'game_id': '0042500317', 'is_made': 'True', 'play_id': 'P0605', 'player_id': 'PL_1628392', 'quarter': '4', 'shot_type': 'FT', 'time_remaining': 'PT07M50.00S', 'timestamp': '2026-06-01T04:19:14Z', '_kafka_key': '0042500317', '_kafka_partition': 0, '_kafka_offset': 422}
2026-05-31 17:58:57 | INFO | C03 | shot_quality=Restricted Area
2026-05-31 17:58:57 | INFO | C03 | clutch_shot=True
2026-05-31 17:58:57 | INFO | C03 | points_scored=1
2026-05-31 17:58:57 | INFO | C03 | running_total_pts=186
2026-05-31 17:58:57 | INFO | C03 | MESSAGE ACCEPTED
2026-05-31 17:58:57 | INFO | C03 | play=P0605
2026-05-31 17:58:57 | INFO | C03 | points=1
2026-05-31 17:58:57 | INFO | C03 | consumed=187
2026-05-31 17:58:57 | INFO | C03 | RUNNING STATS
2026-05-31 17:58:57 | INFO | C03 | total_pts=186
2026-05-31 17:58:57 | INFO | C03 | average_pts=0.99
2026-05-31 17:58:57 | INFO | C03 | min_pts=0.00
2026-05-31 17:58:57 | INFO | C03 | max_pts=3.00
2026-05-31 17:58:57 | INFO | P03 | {
  play_id: P0606
  game_id: 0042500317
  timestamp: 2026-06-01T04:19:19Z
  player_id: PL_1628368
  action_type: Missed Shot
  shot_type: 3PT
  distance_ft: 25.0
  is_made: False
  quarter: 4
  time_remaining: PT07M35.00S
}
2026-05-31 17:58:57 | INFO | P03 |   Sending message with key=0042500317
2026-05-31 17:58:58 | INFO | P03 |   MESSAGE SENT  sent=424
2026-05-31 17:58:58 | INFO | C03 | {'action_type': 'Missed Shot', 'distance_ft': '25.0', 'game_id': '0042500317', 'is_made': 'False', 'play_id': 'P0606', 'player_id': 'PL_1628368', 'quarter': '4', 'shot_type': '3PT', 'time_remaining': 'PT07M35.00S', 'timestamp': '2026-06-01T04:19:19Z', '_kafka_key': '0042500317', '_kafka_partition': 0, '_kafka_offset': 423}
2026-05-31 17:58:58 | INFO | C03 | shot_quality=NBA Deep 3
2026-05-31 17:58:58 | INFO | C03 | clutch_shot=True
2026-05-31 17:58:58 | INFO | C03 | points_scored=0
2026-05-31 17:58:58 | INFO | C03 | running_total_pts=186
2026-05-31 17:58:58 | INFO | C03 | MESSAGE ACCEPTED
2026-05-31 17:58:58 | INFO | C03 | play=P0606
2026-05-31 17:58:58 | INFO | C03 | points=0
2026-05-31 17:58:58 | INFO | C03 | consumed=188
2026-05-31 17:58:58 | INFO | C03 | RUNNING STATS
2026-05-31 17:58:58 | INFO | C03 | total_pts=186
2026-05-31 17:58:58 | INFO | C03 | average_pts=0.99
2026-05-31 17:58:58 | INFO | C03 | min_pts=0.00
2026-05-31 17:58:58 | INFO | C03 | max_pts=3.00
2026-05-31 17:58:58 | INFO | P03 | {
  play_id: P0607
  game_id: 0042500317
  timestamp: 2026-06-01T04:19:24Z
  player_id: PL_1627936
  action_type: Rebound
  shot_type: 2PT
  distance_ft: 0.0
  is_made: False
  quarter: 4
  time_remaining: PT07M33.00S
}
2026-05-31 17:58:58 | INFO | P03 |   Sending message with key=0042500317
2026-05-31 17:58:58 | INFO | P03 |   MESSAGE SENT  sent=425
2026-05-31 17:58:58 | INFO | C03 | {'action_type': 'Rebound', 'distance_ft': '0.0', 'game_id': '0042500317', 'is_made': 'False', 'play_id': 'P0607', 'player_id': 'PL_1627936', 'quarter': '4', 'shot_type': '2PT', 'time_remaining': 'PT07M33.00S', 'timestamp': '2026-06-01T04:19:24Z', '_kafka_key': '0042500317', '_kafka_partition': 0, '_kafka_offset': 424}
2026-05-31 17:58:58 | INFO | C03 | Skipping non-shot event: play_id=P0607, action_type=Rebound
2026-05-31 17:58:58 | WARNING | C03 | MESSAGE REJECTED
2026-05-31 17:58:58 | WARNING | C03 | play=P0607
2026-05-31 17:58:58 | WARNING | C03 | skipped=237
2026-05-31 17:58:59 | INFO | P03 | {
  play_id: P0608
  game_id: 0042500317
  timestamp: 2026-06-01T04:19:29Z
  player_id: PL_1642272
  action_type: Missed Shot
  shot_type: 3PT
  distance_ft: 0.0
  is_made: False
  quarter: 4
  time_remaining: PT07M23.00S
}
2026-05-31 17:58:59 | INFO | P03 |   Sending message with key=0042500317
2026-05-31 17:58:59 | INFO | P03 |   MESSAGE SENT  sent=426
2026-05-31 17:58:59 | INFO | C03 | {'action_type': 'Missed Shot', 'distance_ft': '0.0', 'game_id': '0042500317', 'is_made': 'False', 'play_id': 'P0608', 'player_id': 'PL_1642272', 'quarter': '4', 'shot_type': '3PT', 'time_remaining': 'PT07M23.00S', 'timestamp': '2026-06-01T04:19:29Z', '_kafka_key': '0042500317', '_kafka_partition': 0, '_kafka_offset': 425}
2026-05-31 17:58:59 | INFO | C03 | shot_quality=Restricted Area
2026-05-31 17:58:59 | INFO | C03 | clutch_shot=True
2026-05-31 17:58:59 | INFO | C03 | points_scored=0
2026-05-31 17:58:59 | INFO | C03 | running_total_pts=186
2026-05-31 17:58:59 | INFO | C03 | MESSAGE ACCEPTED
2026-05-31 17:58:59 | INFO | C03 | play=P0608
2026-05-31 17:58:59 | INFO | C03 | points=0
2026-05-31 17:58:59 | INFO | C03 | consumed=189
2026-05-31 17:58:59 | INFO | C03 | RUNNING STATS
2026-05-31 17:58:59 | INFO | C03 | total_pts=186
2026-05-31 17:58:59 | INFO | C03 | average_pts=0.98
2026-05-31 17:58:59 | INFO | C03 | min_pts=0.00
2026-05-31 17:58:59 | INFO | C03 | max_pts=3.00
2026-05-31 17:58:59 | INFO | P03 | {
  play_id: P0609
  game_id: 0042500317
  timestamp: 2026-06-01T04:19:34Z
  player_id: PL_1629640
  action_type: Rebound
  shot_type: 2PT
  distance_ft: 0.0
  is_made: False
  quarter: 4
  time_remaining: PT07M21.00S
}
2026-05-31 17:58:59 | INFO | P03 |   Sending message with key=0042500317
2026-05-31 17:58:59 | INFO | P03 |   MESSAGE SENT  sent=427
2026-05-31 17:58:59 | INFO | C03 | {'action_type': 'Rebound', 'distance_ft': '0.0', 'game_id': '0042500317', 'is_made': 'False', 'play_id': 'P0609', 'player_id': 'PL_1629640', 'quarter': '4', 'shot_type': '2PT', 'time_remaining': 'PT07M21.00S', 'timestamp': '2026-06-01T04:19:34Z', '_kafka_key': '0042500317', '_kafka_partition': 0, '_kafka_offset': 426}
2026-05-31 17:58:59 | INFO | C03 | Skipping non-shot event: play_id=P0609, action_type=Rebound
2026-05-31 17:58:59 | WARNING | C03 | MESSAGE REJECTED
2026-05-31 17:58:59 | WARNING | C03 | play=P0609
2026-05-31 17:58:59 | WARNING | C03 | skipped=238
2026-05-31 17:59:00 | INFO | P03 | {
  play_id: P0610
  game_id: 0042500317
  timestamp: 2026-06-01T04:19:39Z
  player_id: PL_1630170
  action_type: Missed Shot
  shot_type: 2PT
  distance_ft: 13.0
  is_made: False
  quarter: 4
  time_remaining: PT07M02.00S
}
2026-05-31 17:59:00 | INFO | P03 |   Sending message with key=0042500317
2026-05-31 17:59:00 | INFO | P03 |   MESSAGE SENT  sent=428
2026-05-31 17:59:00 | INFO | C03 | {'action_type': 'Missed Shot', 'distance_ft': '13.0', 'game_id': '0042500317', 'is_made': 'False', 'play_id': 'P0610', 'player_id': 'PL_1630170', 'quarter': '4', 'shot_type': '2PT', 'time_remaining': 'PT07M02.00S', 'timestamp': '2026-06-01T04:19:39Z', '_kafka_key': '0042500317', '_kafka_partition': 0, '_kafka_offset': 427}
2026-05-31 17:59:00 | INFO | C03 | shot_quality=Paint
2026-05-31 17:59:00 | INFO | C03 | clutch_shot=True
2026-05-31 17:59:00 | INFO | C03 | points_scored=0
2026-05-31 17:59:00 | INFO | C03 | running_total_pts=186
2026-05-31 17:59:00 | INFO | C03 | MESSAGE ACCEPTED
2026-05-31 17:59:00 | INFO | C03 | play=P0610
2026-05-31 17:59:00 | INFO | C03 | points=0
2026-05-31 17:59:00 | INFO | C03 | consumed=190
2026-05-31 17:59:00 | INFO | C03 | RUNNING STATS
2026-05-31 17:59:00 | INFO | C03 | total_pts=186
2026-05-31 17:59:00 | INFO | C03 | average_pts=0.98
2026-05-31 17:59:00 | INFO | C03 | min_pts=0.00
2026-05-31 17:59:00 | INFO | C03 | max_pts=3.00
2026-05-31 17:59:00 | INFO | P03 | {
  play_id: P0611
  game_id: 0042500317
  timestamp: 2026-06-01T04:19:44Z
  player_id: PL_1627936
  action_type: Rebound
  shot_type: 2PT
  distance_ft: 0.0
  is_made: False
  quarter: 4
  time_remaining: PT06M59.00S
}
2026-05-31 17:59:00 | INFO | P03 |   Sending message with key=0042500317
2026-05-31 17:59:00 | INFO | P03 |   MESSAGE SENT  sent=429
2026-05-31 17:59:00 | INFO | C03 | {'action_type': 'Rebound', 'distance_ft': '0.0', 'game_id': '0042500317', 'is_made': 'False', 'play_id': 'P0611', 'player_id': 'PL_1627936', 'quarter': '4', 'shot_type': '2PT', 'time_remaining': 'PT06M59.00S', 'timestamp': '2026-06-01T04:19:44Z', '_kafka_key': '0042500317', '_kafka_partition': 0, '_kafka_offset': 428}
2026-05-31 17:59:00 | INFO | C03 | Skipping non-shot event: play_id=P0611, action_type=Rebound
2026-05-31 17:59:00 | WARNING | C03 | MESSAGE REJECTED
2026-05-31 17:59:00 | WARNING | C03 | play=P0611
2026-05-31 17:59:00 | WARNING | C03 | skipped=239
2026-05-31 17:59:01 | INFO | P03 | {
  play_id: P0612
  game_id: 0042500317
  timestamp: 2026-06-01T04:19:49Z
  player_id: PL_1628983
  action_type: Made Shot
  shot_type: 2PT
  distance_ft: 14.0
  is_made: True
  quarter: 4
  time_remaining: PT06M49.00S
}
2026-05-31 17:59:01 | INFO | P03 |   Sending message with key=0042500317
2026-05-31 17:59:01 | INFO | P03 |   MESSAGE SENT  sent=430
2026-05-31 17:59:01 | INFO | C03 | {'action_type': 'Made Shot', 'distance_ft': '14.0', 'game_id': '0042500317', 'is_made': 'True', 'play_id': 'P0612', 'player_id': 'PL_1628983', 'quarter': '4', 'shot_type': '2PT', 'time_remaining': 'PT06M49.00S', 'timestamp': '2026-06-01T04:19:49Z', '_kafka_key': '0042500317', '_kafka_partition': 0, '_kafka_offset': 429}
2026-05-31 17:59:01 | INFO | C03 | shot_quality=Paint
2026-05-31 17:59:01 | INFO | C03 | clutch_shot=True
2026-05-31 17:59:01 | INFO | C03 | points_scored=2
2026-05-31 17:59:01 | INFO | C03 | running_total_pts=188
2026-05-31 17:59:01 | INFO | C03 | MESSAGE ACCEPTED
2026-05-31 17:59:01 | INFO | C03 | play=P0612
2026-05-31 17:59:01 | INFO | C03 | points=2
2026-05-31 17:59:01 | INFO | C03 | consumed=191
2026-05-31 17:59:01 | INFO | C03 | RUNNING STATS
2026-05-31 17:59:01 | INFO | C03 | total_pts=188
2026-05-31 17:59:01 | INFO | C03 | average_pts=0.98
2026-05-31 17:59:01 | INFO | C03 | min_pts=0.00
2026-05-31 17:59:01 | INFO | C03 | max_pts=3.00
2026-05-31 17:59:01 | INFO | P03 | {
  play_id: P0613
  game_id: 0042500317
  timestamp: 2026-06-01T04:19:54Z
  player_id: PL_1610612759
  action_type: Timeout
  shot_type: 2PT
  distance_ft: 0.0
  is_made: False
  quarter: 4
  time_remaining: PT06M48.00S
}
2026-05-31 17:59:01 | INFO | P03 |   Sending message with key=0042500317
2026-05-31 17:59:01 | INFO | P03 |   MESSAGE SENT  sent=431
2026-05-31 17:59:01 | INFO | C03 | {'action_type': 'Timeout', 'distance_ft': '0.0', 'game_id': '0042500317', 'is_made': 'False', 'play_id': 'P0613', 'player_id': 'PL_1610612759', 'quarter': '4', 'shot_type': '2PT', 'time_remaining': 'PT06M48.00S', 'timestamp': '2026-06-01T04:19:54Z', '_kafka_key': '0042500317', '_kafka_partition': 0, '_kafka_offset': 430}
2026-05-31 17:59:01 | INFO | C03 | Skipping non-shot event: play_id=P0613, action_type=Timeout
2026-05-31 17:59:01 | WARNING | C03 | MESSAGE REJECTED
2026-05-31 17:59:01 | WARNING | C03 | play=P0613
2026-05-31 17:59:01 | WARNING | C03 | skipped=240
2026-05-31 17:59:02 | INFO | P03 | {
  play_id: P0614
  game_id: 0042500317
  timestamp: 2026-06-01T04:19:59Z
  player_id: PL_1641705
  action_type: Substitution
  shot_type: 2PT
  distance_ft: 0.0
  is_made: False
  quarter: 4
  time_remaining: PT06M48.00S
}
2026-05-31 17:59:02 | INFO | P03 |   Sending message with key=0042500317
2026-05-31 17:59:02 | INFO | C03 | {'action_type': 'Substitution', 'distance_ft': '0.0', 'game_id': '0042500317', 'is_made': 'False', 'play_id': 'P0614', 'player_id': 'PL_1641705', 'quarter': '4', 'shot_type': '2PT', 'time_remaining': 'PT06M48.00S', 'timestamp': '2026-06-01T04:19:59Z', '_kafka_key': '0042500317', '_kafka_partition': 0, '_kafka_offset': 431}
2026-05-31 17:59:02 | INFO | P03 |   MESSAGE SENT  sent=432
2026-05-31 17:59:02 | INFO | C03 | Skipping non-shot event: play_id=P0614, action_type=Substitution
2026-05-31 17:59:02 | WARNING | C03 | MESSAGE REJECTED
2026-05-31 17:59:02 | WARNING | C03 | play=P0614
2026-05-31 17:59:02 | WARNING | C03 | skipped=241
2026-05-31 17:59:02 | INFO | P03 | {
  play_id: P0615
  game_id: 0042500317
  timestamp: 2026-06-01T04:20:04Z
  player_id: PL_1629640
  action_type: Substitution
  shot_type: 2PT
  distance_ft: 0.0
  is_made: False
  quarter: 4
  time_remaining: PT06M48.00S
}
2026-05-31 17:59:02 | INFO | P03 |   Sending message with key=0042500317
2026-05-31 17:59:03 | INFO | P03 |   MESSAGE SENT  sent=433
2026-05-31 17:59:03 | INFO | C03 | {'action_type': 'Substitution', 'distance_ft': '0.0', 'game_id': '0042500317', 'is_made': 'False', 'play_id': 'P0615', 'player_id': 'PL_1629640', 'quarter': '4', 'shot_type': '2PT', 'time_remaining': 'PT06M48.00S', 'timestamp': '2026-06-01T04:20:04Z', '_kafka_key': '0042500317', '_kafka_partition': 0, '_kafka_offset': 432}
2026-05-31 17:59:03 | INFO | C03 | Skipping non-shot event: play_id=P0615, action_type=Substitution
2026-05-31 17:59:03 | WARNING | C03 | MESSAGE REJECTED
2026-05-31 17:59:03 | WARNING | C03 | play=P0615
2026-05-31 17:59:03 | WARNING | C03 | skipped=242
2026-05-31 17:59:03 | INFO | P03 | {
  play_id: P0616
  game_id: 0042500317
  timestamp: 2026-06-01T04:20:09Z
  player_id: PL_1628368
  action_type: Substitution
  shot_type: 2PT
  distance_ft: 0.0
  is_made: False
  quarter: 4
  time_remaining: PT06M48.00S
}
2026-05-31 17:59:03 | INFO | P03 |   Sending message with key=0042500317
2026-05-31 17:59:03 | INFO | P03 |   MESSAGE SENT  sent=434
2026-05-31 17:59:03 | INFO | C03 | {'action_type': 'Substitution', 'distance_ft': '0.0', 'game_id': '0042500317', 'is_made': 'False', 'play_id': 'P0616', 'player_id': 'PL_1628368', 'quarter': '4', 'shot_type': '2PT', 'time_remaining': 'PT06M48.00S', 'timestamp': '2026-06-01T04:20:09Z', '_kafka_key': '0042500317', '_kafka_partition': 0, '_kafka_offset': 433}
2026-05-31 17:59:03 | INFO | C03 | Skipping non-shot event: play_id=P0616, action_type=Substitution
2026-05-31 17:59:03 | WARNING | C03 | MESSAGE REJECTED
2026-05-31 17:59:03 | WARNING | C03 | play=P0616
2026-05-31 17:59:03 | WARNING | C03 | skipped=243
2026-05-31 17:59:04 | INFO | P03 | {
  play_id: P0620
  game_id: 0042500317
  timestamp: 2026-06-01T04:20:14Z
  player_id: PL_1642844
  action_type: Turnover
  shot_type: 2PT
  distance_ft: 0.0
  is_made: False
  quarter: 4
  time_remaining: PT06M34.00S
}
2026-05-31 17:59:04 | INFO | P03 |   Sending message with key=0042500317
2026-05-31 17:59:04 | INFO | C03 | {'action_type': 'Turnover', 'distance_ft': '0.0', 'game_id': '0042500317', 'is_made': 'False', 'play_id': 'P0620', 'player_id': 'PL_1642844', 'quarter': '4', 'shot_type': '2PT', 'time_remaining': 'PT06M34.00S', 'timestamp': '2026-06-01T04:20:14Z', '_kafka_key': '0042500317', '_kafka_partition': 0, '_kafka_offset': 434}
2026-05-31 17:59:04 | INFO | P03 |   MESSAGE SENT  sent=435
2026-05-31 17:59:04 | INFO | C03 | Skipping non-shot event: play_id=P0620, action_type=Turnover
2026-05-31 17:59:04 | WARNING | C03 | MESSAGE REJECTED
2026-05-31 17:59:04 | WARNING | C03 | play=P0620
2026-05-31 17:59:04 | WARNING | C03 | skipped=244
2026-05-31 17:59:04 | INFO | P03 | {
  play_id: P0620
  game_id: 0042500317
  timestamp: 2026-06-01T04:20:19Z
  player_id: PL_1628392
  action_type: Unknown
  shot_type: 2PT
  distance_ft: 0.0
  is_made: False
  quarter: 4
  time_remaining: PT06M34.00S
}
2026-05-31 17:59:04 | INFO | P03 |   Sending message with key=0042500317
2026-05-31 17:59:04 | INFO | P03 |   MESSAGE SENT  sent=436
2026-05-31 17:59:04 | INFO | C03 | {'action_type': 'Unknown', 'distance_ft': '0.0', 'game_id': '0042500317', 'is_made': 'False', 'play_id': 'P0620', 'player_id': 'PL_1628392', 'quarter': '4', 'shot_type': '2PT', 'time_remaining': 'PT06M34.00S', 'timestamp': '2026-06-01T04:20:19Z', '_kafka_key': '0042500317', '_kafka_partition': 0, '_kafka_offset': 435}
2026-05-31 17:59:04 | INFO | C03 | Skipping non-shot event: play_id=P0620, action_type=Unknown
2026-05-31 17:59:04 | WARNING | C03 | MESSAGE REJECTED
2026-05-31 17:59:04 | WARNING | C03 | play=P0620
2026-05-31 17:59:04 | WARNING | C03 | skipped=245
2026-05-31 17:59:05 | INFO | P03 | {
  play_id: P0622
  game_id: 0042500317
  timestamp: 2026-06-01T04:20:24Z
  player_id: PL_1628392
  action_type: Missed Shot
  shot_type: 2PT
  distance_ft: 2.0
  is_made: False
  quarter: 4
  time_remaining: PT06M31.00S
}
2026-05-31 17:59:05 | INFO | P03 |   Sending message with key=0042500317
2026-05-31 17:59:05 | INFO | C03 | {'action_type': 'Missed Shot', 'distance_ft': '2.0', 'game_id': '0042500317', 'is_made': 'False', 'play_id': 'P0622', 'player_id': 'PL_1628392', 'quarter': '4', 'shot_type': '2PT', 'time_remaining': 'PT06M31.00S', 'timestamp': '2026-06-01T04:20:24Z', '_kafka_key': '0042500317', '_kafka_partition': 0, '_kafka_offset': 436}
2026-05-31 17:59:05 | INFO | P03 |   MESSAGE SENT  sent=437
2026-05-31 17:59:05 | INFO | C03 | shot_quality=Restricted Area
2026-05-31 17:59:05 | INFO | C03 | clutch_shot=True
2026-05-31 17:59:05 | INFO | C03 | points_scored=0
2026-05-31 17:59:05 | INFO | C03 | running_total_pts=188
2026-05-31 17:59:05 | INFO | C03 | MESSAGE ACCEPTED
2026-05-31 17:59:05 | INFO | C03 | play=P0622
2026-05-31 17:59:05 | INFO | C03 | points=0
2026-05-31 17:59:05 | INFO | C03 | consumed=192
2026-05-31 17:59:05 | INFO | C03 | RUNNING STATS
2026-05-31 17:59:05 | INFO | C03 | total_pts=188
2026-05-31 17:59:05 | INFO | C03 | average_pts=0.98
2026-05-31 17:59:05 | INFO | C03 | min_pts=0.00
2026-05-31 17:59:05 | INFO | C03 | max_pts=3.00
2026-05-31 17:59:05 | INFO | P03 | {
  play_id: P0622
  game_id: 0042500317
  timestamp: 2026-06-01T04:20:29Z
  player_id: PL_1628436
  action_type: Unknown
  shot_type: 2PT
  distance_ft: 0.0
  is_made: False
  quarter: 4
  time_remaining: PT06M31.00S
}
2026-05-31 17:59:05 | INFO | P03 |   Sending message with key=0042500317
2026-05-31 17:59:05 | INFO | P03 |   MESSAGE SENT  sent=438
2026-05-31 17:59:05 | INFO | C03 | {'action_type': 'Unknown', 'distance_ft': '0.0', 'game_id': '0042500317', 'is_made': 'False', 'play_id': 'P0622', 'player_id': 'PL_1628436', 'quarter': '4', 'shot_type': '2PT', 'time_remaining': 'PT06M31.00S', 'timestamp': '2026-06-01T04:20:29Z', '_kafka_key': '0042500317', '_kafka_partition': 0, '_kafka_offset': 437}
2026-05-31 17:59:05 | INFO | C03 | Skipping non-shot event: play_id=P0622, action_type=Unknown
2026-05-31 17:59:05 | WARNING | C03 | MESSAGE REJECTED
2026-05-31 17:59:05 | WARNING | C03 | play=P0622
2026-05-31 17:59:05 | WARNING | C03 | skipped=246
2026-05-31 17:59:06 | INFO | P03 | {
  play_id: P0624
  game_id: 0042500317
  timestamp: 2026-06-01T04:20:34Z
  player_id: PL_1642844
  action_type: Rebound
  shot_type: 2PT
  distance_ft: 0.0
  is_made: False
  quarter: 4
  time_remaining: PT06M28.00S
}
2026-05-31 17:59:06 | INFO | P03 |   Sending message with key=0042500317
2026-05-31 17:59:06 | INFO | P03 |   MESSAGE SENT  sent=439
2026-05-31 17:59:06 | INFO | C03 | {'action_type': 'Rebound', 'distance_ft': '0.0', 'game_id': '0042500317', 'is_made': 'False', 'play_id': 'P0624', 'player_id': 'PL_1642844', 'quarter': '4', 'shot_type': '2PT', 'time_remaining': 'PT06M28.00S', 'timestamp': '2026-06-01T04:20:34Z', '_kafka_key': '0042500317', '_kafka_partition': 0, '_kafka_offset': 438}
2026-05-31 17:59:06 | INFO | C03 | Skipping non-shot event: play_id=P0624, action_type=Rebound
2026-05-31 17:59:06 | WARNING | C03 | MESSAGE REJECTED
2026-05-31 17:59:06 | WARNING | C03 | play=P0624
2026-05-31 17:59:06 | WARNING | C03 | skipped=247
2026-05-31 17:59:06 | INFO | P03 | {
  play_id: P0625
  game_id: 0042500317
  timestamp: 2026-06-01T04:20:39Z
  player_id: PL_1642264
  action_type: Made Shot
  shot_type: 2PT
  distance_ft: 15.0
  is_made: True
  quarter: 4
  time_remaining: PT06M13.00S
}
2026-05-31 17:59:06 | INFO | P03 |   Sending message with key=0042500317
2026-05-31 17:59:06 | INFO | P03 |   MESSAGE SENT  sent=440
2026-05-31 17:59:06 | INFO | C03 | {'action_type': 'Made Shot', 'distance_ft': '15.0', 'game_id': '0042500317', 'is_made': 'True', 'play_id': 'P0625', 'player_id': 'PL_1642264', 'quarter': '4', 'shot_type': '2PT', 'time_remaining': 'PT06M13.00S', 'timestamp': '2026-06-01T04:20:39Z', '_kafka_key': '0042500317', '_kafka_partition': 0, '_kafka_offset': 439}
2026-05-31 17:59:06 | INFO | C03 | shot_quality=Mid-Range
2026-05-31 17:59:06 | INFO | C03 | clutch_shot=True
2026-05-31 17:59:06 | INFO | C03 | points_scored=2
2026-05-31 17:59:06 | INFO | C03 | running_total_pts=190
2026-05-31 17:59:06 | INFO | C03 | MESSAGE ACCEPTED
2026-05-31 17:59:06 | INFO | C03 | play=P0625
2026-05-31 17:59:06 | INFO | C03 | points=2
2026-05-31 17:59:06 | INFO | C03 | consumed=193
2026-05-31 17:59:06 | INFO | C03 | RUNNING STATS
2026-05-31 17:59:06 | INFO | C03 | total_pts=190
2026-05-31 17:59:06 | INFO | C03 | average_pts=0.98
2026-05-31 17:59:06 | INFO | C03 | min_pts=0.00
2026-05-31 17:59:06 | INFO | C03 | max_pts=3.00
2026-05-31 17:59:07 | INFO | P03 | {
  play_id: P0626
  game_id: 0042500317
  timestamp: 2026-06-01T04:20:44Z
  player_id: PL_1641717
  action_type: Turnover
  shot_type: 2PT
  distance_ft: 0.0
  is_made: False
  quarter: 4
  time_remaining: PT05M49.00S
}
2026-05-31 17:59:07 | INFO | P03 |   Sending message with key=0042500317
2026-05-31 17:59:07 | INFO | P03 |   MESSAGE SENT  sent=441
, 'distance_ft': '0.0', 'game_id': '0042500317', 'is_made': 'False', 'play_id': 'P0626', 'player_id': 'PL_1641717', 'quarter': '4', 'shot_type': '2PT', 'time_remaining': 'PT05M49.00S', 'timestamp': '2026-06-01T04:20:44Z', '_kafka_key': '0042500317', '_kafka_partition': 0, '_kafka_offset': 440}
2026-05-31 17:59:07 | INFO | C03 | Skipping non-shot event: play_id=P0626, action_type=Turnover
2026-05-31 17:59:07 | WARNING | C03 | MESSAGE REJECTED
2026-05-31 17:59:07 | WARNING | C03 | play=P0626
2026-05-31 17:59:07 | WARNING | C03 | skipped=248
2026-05-31 17:59:08 | INFO | P03 | {
  play_id: P0627
  game_id: 0042500317
  timestamp: 2026-06-01T04:20:49Z
  player_id: PL_1628436
  action_type: Substitution
  shot_type: 2PT
  distance_ft: 0.0
  is_made: False
  quarter: 4
  time_remaining: PT05M49.00S
}
2026-05-31 17:59:08 | INFO | P03 |   Sending message with key=0042500317
2026-05-31 17:59:08 | INFO | P03 |   MESSAGE SENT  sent=442
2026-05-31 17:59:08 | INFO | C03 | {'action_type': 'Substitution', 'distance_ft': '0.0', 'game_id': '0042500317', 'is_made': 'False', 'play_id': 'P0627', 'player_id': 'PL_1628436', 'quarter': '4', 'shot_type': '2PT', 'time_remaining': 'PT05M49.00S', 'timestamp': '2026-06-01T04:20:49Z', '_kafka_key': '0042500317', '_kafka_partition': 0, '_kafka_offset': 441}
2026-05-31 17:59:08 | INFO | C03 | Skipping non-shot event: play_id=P0627, action_type=Substitution
2026-05-31 17:59:08 | WARNING | C03 | MESSAGE REJECTED
2026-05-31 17:59:08 | WARNING | C03 | play=P0627
2026-05-31 17:59:08 | WARNING | C03 | skipped=249
2026-05-31 17:59:08 | INFO | P03 | {
  play_id: P0629
  game_id: 0042500317
  timestamp: 2026-06-01T04:20:54Z
  player_id: PL_1630577
  action_type: Made Shot
  shot_type: 3PT
  distance_ft: 25.0
  is_made: True
  quarter: 4
  time_remaining: PT05M33.00S
}
2026-05-31 17:59:08 | INFO | P03 |   Sending message with key=0042500317
2026-05-31 17:59:08 | INFO | P03 |   MESSAGE SENT  sent=443
2026-05-31 17:59:08 | INFO | C03 | {'action_type': 'Made Shot', 'distance_ft': '25.0', 'game_id': '0042500317', 'is_made': 'True', 'play_id': 'P0629', 'player_id': 'PL_1630577', 'quarter': '4', 'shot_type': '3PT', 'time_remaining': 'PT05M33.00S', 'timestamp': '2026-06-01T04:20:54Z', '_kafka_key': '0042500317', '_kafka_partition': 0, '_kafka_offset': 442}
2026-05-31 17:59:08 | INFO | C03 | shot_quality=NBA Deep 3
2026-05-31 17:59:08 | INFO | C03 | clutch_shot=True
2026-05-31 17:59:08 | INFO | C03 | points_scored=3
2026-05-31 17:59:08 | INFO | C03 | running_total_pts=193
2026-05-31 17:59:08 | INFO | C03 | MESSAGE ACCEPTED
2026-05-31 17:59:08 | INFO | C03 | play=P0629
2026-05-31 17:59:08 | INFO | C03 | points=3
2026-05-31 17:59:08 | INFO | C03 | consumed=194
2026-05-31 17:59:08 | INFO | C03 | RUNNING STATS
2026-05-31 17:59:08 | INFO | C03 | total_pts=193
2026-05-31 17:59:08 | INFO | C03 | average_pts=0.99
2026-05-31 17:59:08 | INFO | C03 | min_pts=0.00
2026-05-31 17:59:08 | INFO | C03 | max_pts=3.00
2026-05-31 17:59:09 | INFO | P03 | {
  play_id: P0631
  game_id: 0042500317
  timestamp: 2026-06-01T04:20:59Z
  player_id: PL_1627936
  action_type: Made Shot
  shot_type: 2PT
  distance_ft: 7.0
  is_made: True
  quarter: 4
  time_remaining: PT05M16.00S
}
2026-05-31 17:59:09 | INFO | P03 |   Sending message with key=0042500317
2026-05-31 17:59:09 | INFO | C03 | {'action_type': 'Made Shot', 'distance_ft': '7.0', 'game_id': '0042500317', 'is_made': 'True', 'play_id': 'P0631', 'player_id': 'PL_1627936', 'quarter': '4', 'shot_type': '2PT', 'time_remaining': 'PT05M16.00S', 'timestamp': '2026-06-01T04:20:59Z', '_kafka_key': '0042500317', '_kafka_partition': 0, '_kafka_offset': 443}
2026-05-31 17:59:09 | INFO | P03 |   MESSAGE SENT  sent=444
2026-05-31 17:59:09 | INFO | C03 | shot_quality=Paint
2026-05-31 17:59:09 | INFO | C03 | clutch_shot=True
2026-05-31 17:59:09 | INFO | C03 | points_scored=2
2026-05-31 17:59:09 | INFO | C03 | running_total_pts=195
2026-05-31 17:59:09 | INFO | C03 | MESSAGE ACCEPTED
2026-05-31 17:59:09 | INFO | C03 | play=P0631
2026-05-31 17:59:09 | INFO | C03 | points=2
2026-05-31 17:59:09 | INFO | C03 | consumed=195
2026-05-31 17:59:09 | INFO | C03 | RUNNING STATS
2026-05-31 17:59:09 | INFO | C03 | total_pts=195
2026-05-31 17:59:09 | INFO | C03 | average_pts=1.00
2026-05-31 17:59:09 | INFO | C03 | min_pts=0.00
2026-05-31 17:59:09 | INFO | C03 | max_pts=3.00
2026-05-31 17:59:09 | INFO | P03 | {
  play_id: P0633
  game_id: 0042500317
  timestamp: 2026-06-01T04:21:04Z
  player_id: PL_1642844
  action_type: Turnover
  shot_type: 2PT
  distance_ft: 0.0
  is_made: False
  quarter: 4
  time_remaining: PT04M49.00S
}
2026-05-31 17:59:09 | INFO | P03 |   Sending message with key=0042500317
2026-05-31 17:59:09 | INFO | P03 |   MESSAGE SENT  sent=445
, 'distance_ft': '0.0', 'game_id': '0042500317', 'is_made': 'False', 'play_id': 'P0633', 'player_id': 'PL_1642844', 'quarter': '4', 'shot_type': '2PT', 'time_remaining': 'PT04M49.00S', 'timestamp': '2026-06-01T04:21:04Z', '_kafka_key': '0042500317', '_kafka_partition': 0, '_kafka_offset': 444}
2026-05-31 17:59:09 | INFO | C03 | Skipping non-shot event: play_id=P0633, action_type=Turnover
2026-05-31 17:59:09 | WARNING | C03 | MESSAGE REJECTED
2026-05-31 17:59:09 | WARNING | C03 | play=P0633
2026-05-31 17:59:09 | WARNING | C03 | skipped=250
2026-05-31 17:59:10 | INFO | P03 | {
  play_id: P0633
  game_id: 0042500317
  timestamp: 2026-06-01T04:21:09Z
  player_id: PL_1628983
  action_type: Unknown
  shot_type: 2PT
  distance_ft: 0.0
  is_made: False
  quarter: 4
  time_remaining: PT04M49.00S
}
2026-05-31 17:59:10 | INFO | P03 |   Sending message with key=0042500317
2026-05-31 17:59:10 | INFO | P03 |   MESSAGE SENT  sent=446
2026-05-31 17:59:10 | INFO | C03 | {'action_type': 'Unknown', 'distance_ft': '0.0', 'game_id': '0042500317', 'is_made': 'False', 'play_id': 'P0633', 'player_id': 'PL_1628983', 'quarter': '4', 'shot_type': '2PT', 'time_remaining': 'PT04M49.00S', 'timestamp': '2026-06-01T04:21:09Z', '_kafka_key': '0042500317', '_kafka_partition': 0, '_kafka_offset': 445}
2026-05-31 17:59:10 | INFO | C03 | Skipping non-shot event: play_id=P0633, action_type=Unknown
2026-05-31 17:59:10 | WARNING | C03 | MESSAGE REJECTED
2026-05-31 17:59:10 | WARNING | C03 | play=P0633
2026-05-31 17:59:10 | WARNING | C03 | skipped=251
2026-05-31 17:59:10 | INFO | P03 | {
  play_id: P0635
  game_id: 0042500317
  timestamp: 2026-06-01T04:21:14Z
  player_id: PL_1642272
  action_type: Missed Shot
  shot_type: 3PT
  distance_ft: 0.0
  is_made: False
  quarter: 4
  time_remaining: PT04M44.00S
}
2026-05-31 17:59:10 | INFO | P03 |   Sending message with key=0042500317
2026-05-31 17:59:10 | INFO | P03 |   MESSAGE SENT  sent=447
2026-05-31 17:59:10 | INFO | C03 | {'action_type': 'Missed Shot', 'distance_ft': '0.0', 'game_id': '0042500317', 'is_made': 'False', 'play_id': 'P0635', 'player_id': 'PL_1642272', 'quarter': '4', 'shot_type': '3PT', 'time_remaining': 'PT04M44.00S', 'timestamp': '2026-06-01T04:21:14Z', '_kafka_key': '0042500317', '_kafka_partition': 0, '_kafka_offset': 446}
2026-05-31 17:59:10 | INFO | C03 | shot_quality=Restricted Area
2026-05-31 17:59:10 | INFO | C03 | clutch_shot=True
2026-05-31 17:59:10 | INFO | C03 | points_scored=0
2026-05-31 17:59:10 | INFO | C03 | running_total_pts=195
2026-05-31 17:59:10 | INFO | C03 | MESSAGE ACCEPTED
2026-05-31 17:59:10 | INFO | C03 | play=P0635
2026-05-31 17:59:10 | INFO | C03 | points=0
2026-05-31 17:59:10 | INFO | C03 | consumed=196
2026-05-31 17:59:10 | INFO | C03 | RUNNING STATS
2026-05-31 17:59:10 | INFO | C03 | total_pts=195
2026-05-31 17:59:10 | INFO | C03 | average_pts=0.99
2026-05-31 17:59:10 | INFO | C03 | min_pts=0.00
2026-05-31 17:59:10 | INFO | C03 | max_pts=3.00
2026-05-31 17:59:11 | INFO | P03 | {
  play_id: P0636
  game_id: 0042500317
  timestamp: 2026-06-01T04:21:19Z
  player_id: PL_1630577
  action_type: Rebound
  shot_type: 2PT
  distance_ft: 0.0
  is_made: False
  quarter: 4
  time_remaining: PT04M42.00S
}
2026-05-31 17:59:11 | INFO | P03 |   Sending message with key=0042500317
2026-05-31 17:59:11 | INFO | P03 |   MESSAGE SENT  sent=448
2026-05-31 17:59:11 | INFO | C03 | {'action_type': 'Rebound', 'distance_ft': '0.0', 'game_id': '0042500317', 'is_made': 'False', 'play_id': 'P0636', 'player_id': 'PL_1630577', 'quarter': '4', 'shot_type': '2PT', 'time_remaining': 'PT04M42.00S', 'timestamp': '2026-06-01T04:21:19Z', '_kafka_key': '0042500317', '_kafka_partition': 0, '_kafka_offset': 447}
2026-05-31 17:59:11 | INFO | C03 | Skipping non-shot event: play_id=P0636, action_type=Rebound
2026-05-31 17:59:11 | WARNING | C03 | MESSAGE REJECTED
2026-05-31 17:59:11 | WARNING | C03 | play=P0636
2026-05-31 17:59:11 | WARNING | C03 | skipped=252
2026-05-31 17:59:11 | INFO | P03 | {
  play_id: P0637
  game_id: 0042500317
  timestamp: 2026-06-01T04:21:24Z
  player_id: PL_1630577
  action_type: Missed Shot
  shot_type: 3PT
  distance_ft: 25.0
  is_made: False
  quarter: 4
  time_remaining: PT04M29.00S
}
2026-05-31 17:59:11 | INFO | P03 |   Sending message with key=0042500317
2026-05-31 17:59:11 | INFO | C03 | {'action_type': 'Missed Shot', 'distance_ft': '25.0', 'game_id': '0042500317', 'is_made': 'False', 'play_id': 'P0637', 'player_id': 'PL_1630577', 'quarter': '4', 'shot_type': '3PT', 'time_remaining': 'PT04M29.00S', 'timestamp': '2026-06-01T04:21:24Z', '_kafka_key': '0042500317', '_kafka_partition': 0, '_kafka_offset': 448}
2026-05-31 17:59:11 | INFO | P03 |   MESSAGE SENT  sent=449
2026-05-31 17:59:11 | INFO | C03 | shot_quality=NBA Deep 3
2026-05-31 17:59:11 | INFO | C03 | clutch_shot=True
2026-05-31 17:59:11 | INFO | C03 | points_scored=0
2026-05-31 17:59:11 | INFO | C03 | running_total_pts=195
2026-05-31 17:59:11 | INFO | C03 | MESSAGE ACCEPTED
2026-05-31 17:59:11 | INFO | C03 | play=P0637
2026-05-31 17:59:11 | INFO | C03 | points=0
2026-05-31 17:59:11 | INFO | C03 | consumed=197
2026-05-31 17:59:11 | INFO | C03 | RUNNING STATS
2026-05-31 17:59:11 | INFO | C03 | total_pts=195
2026-05-31 17:59:11 | INFO | C03 | average_pts=0.99
2026-05-31 17:59:11 | INFO | C03 | min_pts=0.00
2026-05-31 17:59:11 | INFO | C03 | max_pts=3.00
2026-05-31 17:59:12 | INFO | P03 | {
  play_id: P0638
  game_id: 0042500317
  timestamp: 2026-06-01T04:21:29Z
  player_id: PL_1642844
  action_type: Rebound
  shot_type: 2PT
  distance_ft: 0.0
  is_made: False
  quarter: 4
  time_remaining: PT04M26.00S
}
2026-05-31 17:59:12 | INFO | P03 |   Sending message with key=0042500317
2026-05-31 17:59:12 | INFO | P03 |   MESSAGE SENT  sent=450
2026-05-31 17:59:12 | INFO | C03 | {'action_type': 'Rebound', 'distance_ft': '0.0', 'game_id': '0042500317', 'is_made': 'False', 'play_id': 'P0638', 'player_id': 'PL_1642844', 'quarter': '4', 'shot_type': '2PT', 'time_remaining': 'PT04M26.00S', 'timestamp': '2026-06-01T04:21:29Z', '_kafka_key': '0042500317', '_kafka_partition': 0, '_kafka_offset': 449}
2026-05-31 17:59:12 | INFO | C03 | Skipping non-shot event: play_id=P0638, action_type=Rebound
2026-05-31 17:59:12 | WARNING | C03 | MESSAGE REJECTED
2026-05-31 17:59:12 | WARNING | C03 | play=P0638
2026-05-31 17:59:12 | WARNING | C03 | skipped=253
2026-05-31 17:59:13 | INFO | P03 | {
  play_id: P0639
  game_id: 0042500317
  timestamp: 2026-06-01T04:21:34Z
  player_id: PL_1642844
  action_type: Made Shot
  shot_type: 2PT
  distance_ft: 0.0
  is_made: True
  quarter: 4
  time_remaining: PT04M26.00S
}
2026-05-31 17:59:13 | INFO | P03 |   Sending message with key=0042500317
2026-05-31 17:59:13 | INFO | P03 |   MESSAGE SENT  sent=451
2026-05-31 17:59:13 | INFO | C03 | {'action_type': 'Made Shot', 'distance_ft': '0.0', 'game_id': '0042500317', 'is_made': 'True', 'play_id': 'P0639', 'player_id': 'PL_1642844', 'quarter': '4', 'shot_type': '2PT', 'time_remaining': 'PT04M26.00S', 'timestamp': '2026-06-01T04:21:34Z', '_kafka_key': '0042500317', '_kafka_partition': 0, '_kafka_offset': 450}
2026-05-31 17:59:13 | INFO | C03 | shot_quality=Restricted Area
2026-05-31 17:59:13 | INFO | C03 | clutch_shot=True
2026-05-31 17:59:13 | INFO | C03 | points_scored=2
2026-05-31 17:59:13 | INFO | C03 | running_total_pts=197
2026-05-31 17:59:13 | INFO | C03 | MESSAGE ACCEPTED
2026-05-31 17:59:13 | INFO | C03 | play=P0639
2026-05-31 17:59:13 | INFO | C03 | points=2
2026-05-31 17:59:13 | INFO | C03 | consumed=198
2026-05-31 17:59:13 | INFO | C03 | RUNNING STATS
2026-05-31 17:59:13 | INFO | C03 | total_pts=197
2026-05-31 17:59:13 | INFO | C03 | average_pts=0.99
2026-05-31 17:59:13 | INFO | C03 | min_pts=0.00
2026-05-31 17:59:13 | INFO | C03 | max_pts=3.00
2026-05-31 17:59:13 | INFO | P03 | {
  play_id: P0640
  game_id: 0042500317
  timestamp: 2026-06-01T04:21:39Z
  player_id: PL_1610612760
  action_type: Timeout
  shot_type: 2PT
  distance_ft: 0.0
  is_made: False
  quarter: 4
  time_remaining: PT04M26.00S
}
2026-05-31 17:59:13 | INFO | P03 |   Sending message with key=0042500317
2026-05-31 17:59:13 | INFO | C03 | {'action_type': 'Timeout', 'distance_ft': '0.0', 'game_id': '0042500317', 'is_made': 'False', 'play_id': 'P0640', 'player_id': 'PL_1610612760', 'quarter': '4', 'shot_type': '2PT', 'time_remaining': 'PT04M26.00S', 'timestamp': '2026-06-01T04:21:39Z', '_kafka_key': '0042500317', '_kafka_partition': 0, '_kafka_offset': 451}
2026-05-31 17:59:13 | INFO | P03 |   MESSAGE SENT  sent=452
2026-05-31 17:59:13 | INFO | C03 | Skipping non-shot event: play_id=P0640, action_type=Timeout
2026-05-31 17:59:13 | WARNING | C03 | MESSAGE REJECTED
2026-05-31 17:59:13 | WARNING | C03 | play=P0640
2026-05-31 17:59:13 | WARNING | C03 | skipped=254
2026-05-31 17:59:14 | INFO | P03 | {
  play_id: P0641
  game_id: 0042500317
  timestamp: 2026-06-01T04:21:44Z
  player_id: PL_1642272
  action_type: Substitution
  shot_type: 2PT
  distance_ft: 0.0
  is_made: False
  quarter: 4
  time_remaining: PT04M26.00S
}
2026-05-31 17:59:14 | INFO | P03 |   Sending message with key=0042500317
2026-05-31 17:59:14 | INFO | P03 |   MESSAGE SENT  sent=453
2026-05-31 17:59:14 | INFO | C03 | {'action_type': 'Substitution', 'distance_ft': '0.0', 'game_id': '0042500317', 'is_made': 'False', 'play_id': 'P0641', 'player_id': 'PL_1642272', 'quarter': '4', 'shot_type': '2PT', 'time_remaining': 'PT04M26.00S', 'timestamp': '2026-06-01T04:21:44Z', '_kafka_key': '0042500317', '_kafka_partition': 0, '_kafka_offset': 452}
2026-05-31 17:59:14 | INFO | C03 | Skipping non-shot event: play_id=P0641, action_type=Substitution
2026-05-31 17:59:14 | WARNING | C03 | MESSAGE REJECTED
2026-05-31 17:59:14 | WARNING | C03 | play=P0641
2026-05-31 17:59:14 | WARNING | C03 | skipped=255
2026-05-31 17:59:14 | INFO | P03 | {
  play_id: P0642
  game_id: 0042500317
  timestamp: 2026-06-01T04:21:49Z
  player_id: PL_1628392
  action_type: Substitution
  shot_type: 2PT
  distance_ft: 0.0
  is_made: False
  quarter: 4
  time_remaining: PT04M26.00S
}
2026-05-31 17:59:14 | INFO | P03 |   Sending message with key=0042500317
2026-05-31 17:59:14 | INFO | P03 |   MESSAGE SENT  sent=454
2026-05-31 17:59:14 | INFO | C03 | {'action_type': 'Substitution', 'distance_ft': '0.0', 'game_id': '0042500317', 'is_made': 'False', 'play_id': 'P0642', 'player_id': 'PL_1628392', 'quarter': '4', 'shot_type': '2PT', 'time_remaining': 'PT04M26.00S', 'timestamp': '2026-06-01T04:21:49Z', '_kafka_key': '0042500317', '_kafka_partition': 0, '_kafka_offset': 453}
2026-05-31 17:59:14 | INFO | C03 | Skipping non-shot event: play_id=P0642, action_type=Substitution
2026-05-31 17:59:14 | WARNING | C03 | MESSAGE REJECTED
2026-05-31 17:59:14 | WARNING | C03 | play=P0642
2026-05-31 17:59:14 | WARNING | C03 | skipped=256
2026-05-31 17:59:15 | INFO | P03 | {
  play_id: P0643
  game_id: 0042500317
  timestamp: 2026-06-01T04:21:54Z
  player_id: PL_1642264
  action_type: Substitution
  shot_type: 2PT
  distance_ft: 0.0
  is_made: False
  quarter: 4
  time_remaining: PT04M26.00S
}
2026-05-31 17:59:15 | INFO | P03 |   Sending message with key=0042500317
2026-05-31 17:59:15 | INFO | C03 | {'action_type': 'Substitution', 'distance_ft': '0.0', 'game_id': '0042500317', 'is_made': 'False', 'play_id': 'P0643', 'player_id': 'PL_1642264', 'quarter': '4', 'shot_type': '2PT', 'time_remaining': 'PT04M26.00S', 'timestamp': '2026-06-01T04:21:54Z', '_kafka_key': '0042500317', '_kafka_partition': 0, '_kafka_offset': 454}
2026-05-31 17:59:15 | INFO | C03 | Skipping non-shot event: play_id=P0643, action_type=Substitution
2026-05-31 17:59:15 | WARNING | C03 | MESSAGE REJECTED
2026-05-31 17:59:15 | WARNING | C03 | play=P0643
2026-05-31 17:59:15 | WARNING | C03 | skipped=257
2026-05-31 17:59:15 | INFO | P03 | {
  play_id: P0647
  game_id: 0042500317
  timestamp: 2026-06-01T04:21:59Z
  player_id: PL_1628983
  action_type: Made Shot
  shot_type: 2PT
  distance_ft: 21.0
  is_made: True
  quarter: 4
  time_remaining: PT04M09.00S
}
2026-05-31 17:59:15 | INFO | P03 |   Sending message with key=0042500317
2026-05-31 17:59:15 | INFO | P03 |   MESSAGE SENT  sent=456
2026-05-31 17:59:15 | INFO | C03 | {'action_type': 'Made Shot', 'distance_ft': '21.0', 'game_id': '0042500317', 'is_made': 'True', 'play_id': 'P0647', 'player_id': 'PL_1628983', 'quarter': '4', 'shot_type': '2PT', 'time_remaining': 'PT04M09.00S', 'timestamp': '2026-06-01T04:21:59Z', '_kafka_key': '0042500317', '_kafka_partition': 0, '_kafka_offset': 455}
2026-05-31 17:59:15 | INFO | C03 | shot_quality=Mid-Range
2026-05-31 17:59:15 | INFO | C03 | clutch_shot=True
2026-05-31 17:59:15 | INFO | C03 | points_scored=2
2026-05-31 17:59:15 | INFO | C03 | running_total_pts=199
2026-05-31 17:59:15 | INFO | C03 | MESSAGE ACCEPTED
2026-05-31 17:59:15 | INFO | C03 | play=P0647
2026-05-31 17:59:15 | INFO | C03 | points=2
2026-05-31 17:59:15 | INFO | C03 | consumed=199
2026-05-31 17:59:15 | INFO | C03 | RUNNING STATS
2026-05-31 17:59:15 | INFO | C03 | total_pts=199
2026-05-31 17:59:15 | INFO | C03 | average_pts=1.00
2026-05-31 17:59:15 | INFO | C03 | min_pts=0.00
2026-05-31 17:59:15 | INFO | C03 | max_pts=3.00
2026-05-31 17:59:16 | INFO | P03 | {
  play_id: P0648
  game_id: 0042500317
  timestamp: 2026-06-01T04:22:04Z
  player_id: PL_1610612759
  action_type: Timeout
  shot_type: 2PT
  distance_ft: 0.0
  is_made: False
  quarter: 4
  time_remaining: PT04M06.00S
}
2026-05-31 17:59:16 | INFO | P03 |   Sending message with key=0042500317
2026-05-31 17:59:16 | INFO | C03 | {'action_type': 'Timeout', 'distance_ft': '0.0', 'game_id': '0042500317', 'is_made': 'False', 'play_id': 'P0648', 'player_id': 'PL_1610612759', 'quarter': '4', 'shot_type': '2PT', 'time_remaining': 'PT04M06.00S', 'timestamp': '2026-06-01T04:22:04Z', '_kafka_key': '0042500317', '_kafka_partition': 0, '_kafka_offset': 456}
2026-05-31 17:59:16 | INFO | P03 |   MESSAGE SENT  sent=457
2026-05-31 17:59:16 | INFO | C03 | Skipping non-shot event: play_id=P0648, action_type=Timeout
2026-05-31 17:59:16 | WARNING | C03 | MESSAGE REJECTED
2026-05-31 17:59:16 | WARNING | C03 | play=P0648
2026-05-31 17:59:16 | WARNING | C03 | skipped=258
2026-05-31 17:59:16 | INFO | P03 | {
  play_id: P0649
  game_id: 0042500317
  timestamp: 2026-06-01T04:22:09Z
  player_id: PL_1630170
  action_type: Substitution
  shot_type: 2PT
  distance_ft: 0.0
  is_made: False
  quarter: 4
  time_remaining: PT04M06.00S
}
2026-05-31 17:59:16 | INFO | P03 |   Sending message with key=0042500317
2026-05-31 17:59:16 | INFO | C03 | {'action_type': 'Substitution', 'distance_ft': '0.0', 'game_id': '0042500317', 'is_made': 'False', 'play_id': 'P0649', 'player_id': 'PL_1630170', 'quarter': '4', 'shot_type': '2PT', 'time_remaining': 'PT04M06.00S', 'timestamp': '2026-06-01T04:22:09Z', '_kafka_key': '0042500317', '_kafka_partition': 0, '_kafka_offset': 457}
2026-05-31 17:59:16 | INFO | P03 |   MESSAGE SENT  sent=458
2026-05-31 17:59:16 | INFO | C03 | Skipping non-shot event: play_id=P0649, action_type=Substitution
2026-05-31 17:59:16 | WARNING | C03 | MESSAGE REJECTED
2026-05-31 17:59:16 | WARNING | C03 | play=P0649
2026-05-31 17:59:16 | WARNING | C03 | skipped=259
2026-05-31 17:59:17 | INFO | P03 | {
  play_id: P0651
  game_id: 0042500317
  timestamp: 2026-06-01T04:22:14Z
  player_id: PL_1642844
  action_type: Made Shot
  shot_type: 3PT
  distance_ft: 27.0
  is_made: True
  quarter: 4
  time_remaining: PT03M46.00S
}
2026-05-31 17:59:17 | INFO | P03 |   Sending message with key=0042500317
2026-05-31 17:59:17 | INFO | P03 |   MESSAGE SENT  sent=459
2026-05-31 17:59:17 | INFO | C03 | {'action_type': 'Made Shot', 'distance_ft': '27.0', 'game_id': '0042500317', 'is_made': 'True', 'play_id': 'P0651', 'player_id': 'PL_1642844', 'quarter': '4', 'shot_type': '3PT', 'time_remaining': 'PT03M46.00S', 'timestamp': '2026-06-01T04:22:14Z', '_kafka_key': '0042500317', '_kafka_partition': 0, '_kafka_offset': 458}
2026-05-31 17:59:17 | INFO | C03 | shot_quality=NBA Deep 3
2026-05-31 17:59:17 | INFO | C03 | clutch_shot=True
2026-05-31 17:59:17 | INFO | C03 | points_scored=3
2026-05-31 17:59:17 | INFO | C03 | running_total_pts=202
2026-05-31 17:59:17 | INFO | C03 | MESSAGE ACCEPTED
2026-05-31 17:59:17 | INFO | C03 | play=P0651
2026-05-31 17:59:17 | INFO | C03 | points=3
2026-05-31 17:59:17 | INFO | C03 | consumed=200
2026-05-31 17:59:17 | INFO | C03 | RUNNING STATS
2026-05-31 17:59:17 | INFO | C03 | total_pts=202
2026-05-31 17:59:17 | INFO | C03 | average_pts=1.01
2026-05-31 17:59:17 | INFO | C03 | min_pts=0.00
2026-05-31 17:59:17 | INFO | C03 | max_pts=3.00
2026-05-31 17:59:18 | INFO | P03 | {
  play_id: P0652
  game_id: 0042500317
  timestamp: 2026-06-01T04:22:19Z
  player_id: PL_1641717
  action_type: Made Shot
  shot_type: 3PT
  distance_ft: 0.0
  is_made: True
  quarter: 4
  time_remaining: PT03M26.00S
}
2026-05-31 17:59:18 | INFO | P03 |   Sending message with key=0042500317
2026-05-31 17:59:18 | INFO | P03 |   MESSAGE SENT  sent=460
', 'distance_ft': '0.0', 'game_id': '0042500317', 'is_made': 'True', 'play_id': 'P0652', 'player_id': 'PL_1641717', 'quarter': '4', 'shot_type': '3PT', 'time_remaining': 'PT03M26.00S', 'timestamp': '2026-06-01T04:22:19Z', '_kafka_key': '0042500317', '_kafka_partition': 0, '_kafka_offset': 459}
2026-05-31 17:59:18 | INFO | C03 | shot_quality=Restricted Area
2026-05-31 17:59:18 | INFO | C03 | clutch_shot=True
2026-05-31 17:59:18 | INFO | C03 | points_scored=3
2026-05-31 17:59:18 | INFO | C03 | running_total_pts=205
2026-05-31 17:59:18 | INFO | C03 | MESSAGE ACCEPTED
2026-05-31 17:59:18 | INFO | C03 | play=P0652
2026-05-31 17:59:18 | INFO | C03 | points=3
2026-05-31 17:59:18 | INFO | C03 | consumed=201
2026-05-31 17:59:18 | INFO | C03 | RUNNING STATS
2026-05-31 17:59:18 | INFO | C03 | total_pts=205
2026-05-31 17:59:18 | INFO | C03 | average_pts=1.02
2026-05-31 17:59:18 | INFO | C03 | min_pts=0.00
2026-05-31 17:59:18 | INFO | C03 | max_pts=3.00
2026-05-31 17:59:18 | INFO | P03 | {
  play_id: P0674
  game_id: 0042500317
  timestamp: 2026-06-01T04:22:24Z
  player_id: PL_1642264
  action_type: Turnover
  shot_type: 2PT
  distance_ft: 0.0
  is_made: False
  quarter: 4
  time_remaining: PT02M57.00S
}
2026-05-31 17:59:18 | INFO | P03 |   Sending message with key=0042500317
2026-05-31 17:59:18 | INFO | P03 |   MESSAGE SENT  sent=461
2026-05-31 17:59:18 | INFO | C03 | {'action_type': 'Turnover', 'distance_ft': '0.0', 'game_id': '0042500317', 'is_made': 'False', 'play_id': 'P0674', 'player_id': 'PL_1642264', 'quarter': '4', 'shot_type': '2PT', 'time_remaining': 'PT02M57.00S', 'timestamp': '2026-06-01T04:22:24Z', '_kafka_key': '0042500317', '_kafka_partition': 0, '_kafka_offset': 460}
2026-05-31 17:59:18 | INFO | C03 | Skipping non-shot event: play_id=P0674, action_type=Turnover
2026-05-31 17:59:18 | WARNING | C03 | MESSAGE REJECTED
2026-05-31 17:59:18 | WARNING | C03 | play=P0674
2026-05-31 17:59:18 | WARNING | C03 | skipped=260
2026-05-31 17:59:19 | INFO | P03 | {
  play_id: P0674
  game_id: 0042500317
  timestamp: 2026-06-01T04:22:29Z
  player_id: PL_1641717
  action_type: Unknown
  shot_type: 2PT
  distance_ft: 0.0
  is_made: False
  quarter: 4
  time_remaining: PT02M57.00S
}
2026-05-31 17:59:19 | INFO | P03 |   Sending message with key=0042500317
2026-05-31 17:59:19 | INFO | C03 | {'action_type': 'Unknown', 'distance_ft': '0.0', 'game_id': '0042500317', 'is_made': 'False', 'play_id': 'P0674', 'player_id': 'PL_1641717', 'quarter': '4', 'shot_type': '2PT', 'time_remaining': 'PT02M57.00S', 'timestamp': '2026-06-01T04:22:29Z', '_kafka_key': '0042500317', '_kafka_partition': 0, '_kafka_offset': 461}
2026-05-31 17:59:19 | INFO | P03 |   MESSAGE SENT  sent=462
2026-05-31 17:59:19 | INFO | C03 | Skipping non-shot event: play_id=P0674, action_type=Unknown
2026-05-31 17:59:19 | WARNING | C03 | MESSAGE REJECTED
2026-05-31 17:59:19 | WARNING | C03 | play=P0674
2026-05-31 17:59:19 | WARNING | C03 | skipped=261
2026-05-31 17:59:19 | INFO | P03 | {
  play_id: P0657
  game_id: 0042500317
  timestamp: 2026-06-01T04:22:34Z
  player_id: PL_1631119
  action_type: Missed Shot
  shot_type: 2PT
  distance_ft: 19.0
  is_made: False
  quarter: 4
  time_remaining: PT02M34.00S
}
2026-05-31 17:59:19 | INFO | P03 |   Sending message with key=0042500317
2026-05-31 17:59:19 | INFO | C03 | {'action_type': 'Missed Shot', 'distance_ft': '19.0', 'game_id': '0042500317', 'is_made': 'False', 'play_id': 'P0657', 'player_id': 'PL_1631119', 'quarter': '4', 'shot_type': '2PT', 'time_remaining': 'PT02M34.00S', 'timestamp': '2026-06-01T04:22:34Z', '_kafka_key': '0042500317', '_kafka_partition': 0, '_kafka_offset': 462}
2026-05-31 17:59:19 | INFO | C03 | shot_quality=Mid-Range
2026-05-31 17:59:19 | INFO | C03 | clutch_shot=True
2026-05-31 17:59:19 | INFO | C03 | points_scored=0
2026-05-31 17:59:19 | INFO | C03 | running_total_pts=205
2026-05-31 17:59:19 | INFO | C03 | MESSAGE ACCEPTED
2026-05-31 17:59:19 | INFO | C03 | play=P0657
2026-05-31 17:59:19 | INFO | C03 | points=0
2026-05-31 17:59:19 | INFO | C03 | consumed=202
2026-05-31 17:59:19 | INFO | C03 | RUNNING STATS
2026-05-31 17:59:19 | INFO | C03 | total_pts=205
2026-05-31 17:59:19 | INFO | C03 | average_pts=1.01
2026-05-31 17:59:19 | INFO | C03 | min_pts=0.00
2026-05-31 17:59:19 | INFO | C03 | max_pts=3.00
2026-05-31 17:59:20 | INFO | P03 | {
  play_id: P0658
  game_id: 0042500317
  timestamp: 2026-06-01T04:22:39Z
  player_id: PL_1610612759
  action_type: Rebound
  shot_type: 2PT
  distance_ft: 0.0
  is_made: False
  quarter: 4
  time_remaining: PT02M31.00S
}
2026-05-31 17:59:20 | INFO | P03 |   Sending message with key=0042500317
2026-05-31 17:59:20 | INFO | P03 |   MESSAGE SENT  sent=464
2026-05-31 17:59:20 | INFO | C03 | {'action_type': 'Rebound', 'distance_ft': '0.0', 'game_id': '0042500317', 'is_made': 'False', 'play_id': 'P0658', 'player_id': 'PL_1610612759', 'quarter': '4', 'shot_type': '2PT', 'time_remaining': 'PT02M31.00S', 'timestamp': '2026-06-01T04:22:39Z', '_kafka_key': '0042500317', '_kafka_partition': 0, '_kafka_offset': 463}
2026-05-31 17:59:20 | INFO | C03 | Skipping non-shot event: play_id=P0658, action_type=Rebound
2026-05-31 17:59:20 | WARNING | C03 | MESSAGE REJECTED
2026-05-31 17:59:20 | WARNING | C03 | play=P0658
2026-05-31 17:59:20 | WARNING | C03 | skipped=262
2026-05-31 17:59:20 | INFO | P03 | {
  play_id: P0660
  game_id: 0042500317
  timestamp: 2026-06-01T04:22:44Z
  player_id: PL_1642844
  action_type: Missed Shot
  shot_type: 2PT
  distance_ft: 2.0
  is_made: False
  quarter: 4
  time_remaining: PT02M16.00S
}
2026-05-31 17:59:20 | INFO | P03 |   Sending message with key=0042500317
2026-05-31 17:59:20 | INFO | P03 |   MESSAGE SENT  sent=465
2026-05-31 17:59:20 | INFO | C03 | {'action_type': 'Missed Shot', 'distance_ft': '2.0', 'game_id': '0042500317', 'is_made': 'False', 'play_id': 'P0660', 'player_id': 'PL_1642844', 'quarter': '4', 'shot_type': '2PT', 'time_remaining': 'PT02M16.00S', 'timestamp': '2026-06-01T04:22:44Z', '_kafka_key': '0042500317', '_kafka_partition': 0, '_kafka_offset': 464}
2026-05-31 17:59:20 | INFO | C03 | shot_quality=Restricted Area
2026-05-31 17:59:20 | INFO | C03 | clutch_shot=True
2026-05-31 17:59:20 | INFO | C03 | points_scored=0
2026-05-31 17:59:20 | INFO | C03 | running_total_pts=205
2026-05-31 17:59:20 | INFO | C03 | MESSAGE ACCEPTED
2026-05-31 17:59:20 | INFO | C03 | play=P0660
2026-05-31 17:59:20 | INFO | C03 | points=0
2026-05-31 17:59:20 | INFO | C03 | consumed=203
2026-05-31 17:59:20 | INFO | C03 | RUNNING STATS
2026-05-31 17:59:20 | INFO | C03 | total_pts=205
2026-05-31 17:59:20 | INFO | C03 | average_pts=1.01
2026-05-31 17:59:20 | INFO | C03 | min_pts=0.00
2026-05-31 17:59:20 | INFO | C03 | max_pts=3.00
2026-05-31 17:59:21 | INFO | P03 | {
  play_id: P0660
  game_id: 0042500317
  timestamp: 2026-06-01T04:22:49Z
  player_id: PL_1631096
  action_type: Unknown
  shot_type: 2PT
  distance_ft: 0.0
  is_made: False
  quarter: 4
  time_remaining: PT02M16.00S
}
2026-05-31 17:59:21 | INFO | P03 |   Sending message with key=0042500317
2026-05-31 17:59:21 | INFO | P03 |   MESSAGE SENT  sent=466
2026-05-31 17:59:21 | INFO | C03 | {'action_type': 'Unknown', 'distance_ft': '0.0', 'game_id': '0042500317', 'is_made': 'False', 'play_id': 'P0660', 'player_id': 'PL_1631096', 'quarter': '4', 'shot_type': '2PT', 'time_remaining': 'PT02M16.00S', 'timestamp': '2026-06-01T04:22:49Z', '_kafka_key': '0042500317', '_kafka_partition': 0, '_kafka_offset': 465}
2026-05-31 17:59:21 | INFO | C03 | Skipping non-shot event: play_id=P0660, action_type=Unknown
2026-05-31 17:59:21 | WARNING | C03 | MESSAGE REJECTED
2026-05-31 17:59:21 | WARNING | C03 | play=P0660
2026-05-31 17:59:21 | WARNING | C03 | skipped=263
2026-05-31 17:59:21 | INFO | P03 | {
  play_id: P0662
  game_id: 0042500317
  timestamp: 2026-06-01T04:22:54Z
  player_id: PL_1631119
  action_type: Rebound
  shot_type: 2PT
  distance_ft: 0.0
  is_made: False
  quarter: 4
  time_remaining: PT02M13.00S
}
2026-05-31 17:59:21 | INFO | P03 |   Sending message with key=0042500317
2026-05-31 17:59:21 | INFO | P03 |   MESSAGE SENT  sent=467
2026-05-31 17:59:21 | INFO | C03 | {'action_type': 'Rebound', 'distance_ft': '0.0', 'game_id': '0042500317', 'is_made': 'False', 'play_id': 'P0662', 'player_id': 'PL_1631119', 'quarter': '4', 'shot_type': '2PT', 'time_remaining': 'PT02M13.00S', 'timestamp': '2026-06-01T04:22:54Z', '_kafka_key': '0042500317', '_kafka_partition': 0, '_kafka_offset': 466}
2026-05-31 17:59:21 | INFO | C03 | Skipping non-shot event: play_id=P0662, action_type=Rebound
2026-05-31 17:59:21 | WARNING | C03 | MESSAGE REJECTED
2026-05-31 17:59:21 | WARNING | C03 | play=P0662
2026-05-31 17:59:21 | WARNING | C03 | skipped=264
2026-05-31 17:59:22 | INFO | P03 | {
  play_id: P0663
  game_id: 0042500317
  timestamp: 2026-06-01T04:22:59Z
  player_id: PL_1641717
  action_type: Made Shot
  shot_type: 3PT
  distance_ft: 26.0
  is_made: True
  quarter: 4
  time_remaining: PT02M02.00S
}
2026-05-31 17:59:22 | INFO | P03 |   Sending message with key=0042500317
2026-05-31 17:59:22 | INFO | P03 |   MESSAGE SENT  sent=468
2026-05-31 17:59:22 | INFO | C03 | {'action_type': 'Made Shot', 'distance_ft': '26.0', 'game_id': '0042500317', 'is_made': 'True', 'play_id': 'P0663', 'player_id': 'PL_1641717', 'quarter': '4', 'shot_type': '3PT', 'time_remaining': 'PT02M02.00S', 'timestamp': '2026-06-01T04:22:59Z', '_kafka_key': '0042500317', '_kafka_partition': 0, '_kafka_offset': 467}
2026-05-31 17:59:22 | INFO | C03 | shot_quality=NBA Deep 3
2026-05-31 17:59:22 | INFO | C03 | clutch_shot=True
2026-05-31 17:59:22 | INFO | C03 | points_scored=3
2026-05-31 17:59:22 | INFO | C03 | running_total_pts=208
2026-05-31 17:59:22 | INFO | C03 | MESSAGE ACCEPTED
2026-05-31 17:59:22 | INFO | C03 | play=P0663
2026-05-31 17:59:22 | INFO | C03 | points=3
2026-05-31 17:59:22 | INFO | C03 | consumed=204
2026-05-31 17:59:22 | INFO | C03 | RUNNING STATS
2026-05-31 17:59:22 | INFO | C03 | total_pts=208
2026-05-31 17:59:22 | INFO | C03 | average_pts=1.02
2026-05-31 17:59:22 | INFO | C03 | min_pts=0.00
2026-05-31 17:59:22 | INFO | C03 | max_pts=3.00
2026-05-31 17:59:23 | INFO | P03 | {
  play_id: P0665
  game_id: 0042500317
  timestamp: 2026-06-01T04:23:04Z
  player_id: PL_1642264
  action_type: Turnover
  shot_type: 2PT
  distance_ft: 0.0
  is_made: False
  quarter: 4
  time_remaining: PT01M36.00S
}
2026-05-31 17:59:23 | INFO | P03 |   Sending message with key=0042500317
2026-05-31 17:59:23 | INFO | P03 |   MESSAGE SENT  sent=469
2026-05-31 17:59:23 | INFO | C03 | {'action_type': 'Turnover', 'distance_ft': '0.0', 'game_id': '0042500317', 'is_made': 'False', 'play_id': 'P0665', 'player_id': 'PL_1642264', 'quarter': '4', 'shot_type': '2PT', 'time_remaining': 'PT01M36.00S', 'timestamp': '2026-06-01T04:23:04Z', '_kafka_key': '0042500317', '_kafka_partition': 0, '_kafka_offset': 468}
2026-05-31 17:59:23 | INFO | C03 | Skipping non-shot event: play_id=P0665, action_type=Turnover
2026-05-31 17:59:23 | WARNING | C03 | MESSAGE REJECTED
2026-05-31 17:59:23 | WARNING | C03 | play=P0665
2026-05-31 17:59:23 | WARNING | C03 | skipped=265
2026-05-31 17:59:23 | INFO | P03 | {
  play_id: P0665
  game_id: 0042500317
  timestamp: 2026-06-01T04:23:09Z
  player_id: PL_1631096
  action_type: Unknown
  shot_type: 2PT
  distance_ft: 0.0
  is_made: False
  quarter: 4
  time_remaining: PT01M36.00S
}
2026-05-31 17:59:23 | INFO | P03 |   Sending message with key=0042500317
2026-05-31 17:59:23 | INFO | P03 |   MESSAGE SENT  sent=470
2026-05-31 17:59:23 | INFO | C03 | {'action_type': 'Unknown', 'distance_ft': '0.0', 'game_id': '0042500317', 'is_made': 'False', 'play_id': 'P0665', 'player_id': 'PL_1631096', 'quarter': '4', 'shot_type': '2PT', 'time_remaining': 'PT01M36.00S', 'timestamp': '2026-06-01T04:23:09Z', '_kafka_key': '0042500317', '_kafka_partition': 0, '_kafka_offset': 469}
2026-05-31 17:59:23 | INFO | C03 | Skipping non-shot event: play_id=P0665, action_type=Unknown
2026-05-31 17:59:23 | WARNING | C03 | MESSAGE REJECTED
2026-05-31 17:59:23 | WARNING | C03 | play=P0665
2026-05-31 17:59:23 | WARNING | C03 | skipped=266
2026-05-31 17:59:24 | INFO | P03 | {
  play_id: P0667
  game_id: 0042500317
  timestamp: 2026-06-01T04:23:14Z
  player_id: PL_1628983
  action_type: Missed Shot
  shot_type: 3PT
  distance_ft: 27.0
  is_made: False
  quarter: 4
  time_remaining: PT01M25.00S
}
2026-05-31 17:59:24 | INFO | P03 |   Sending message with key=0042500317
2026-05-31 17:59:24 | INFO | P03 |   MESSAGE SENT  sent=471
2026-05-31 17:59:24 | INFO | C03 | {'action_type': 'Missed Shot', 'distance_ft': '27.0', 'game_id': '0042500317', 'is_made': 'False', 'play_id': 'P0667', 'player_id': 'PL_1628983', 'quarter': '4', 'shot_type': '3PT', 'time_remaining': 'PT01M25.00S', 'timestamp': '2026-06-01T04:23:14Z', '_kafka_key': '0042500317', '_kafka_partition': 0, '_kafka_offset': 470}
2026-05-31 17:59:24 | INFO | C03 | shot_quality=NBA Deep 3
2026-05-31 17:59:24 | INFO | C03 | clutch_shot=True
2026-05-31 17:59:24 | INFO | C03 | points_scored=0
2026-05-31 17:59:24 | INFO | C03 | running_total_pts=208
2026-05-31 17:59:24 | INFO | C03 | MESSAGE ACCEPTED
2026-05-31 17:59:24 | INFO | C03 | play=P0667
2026-05-31 17:59:24 | INFO | C03 | points=0
2026-05-31 17:59:24 | INFO | C03 | consumed=205
2026-05-31 17:59:24 | INFO | C03 | RUNNING STATS
2026-05-31 17:59:24 | INFO | C03 | total_pts=208
2026-05-31 17:59:24 | INFO | C03 | average_pts=1.01
2026-05-31 17:59:24 | INFO | C03 | min_pts=0.00
2026-05-31 17:59:24 | INFO | C03 | max_pts=3.00
2026-05-31 17:59:24 | INFO | P03 | {
  play_id: P0669
  game_id: 0042500317
  timestamp: 2026-06-01T04:23:19Z
  player_id: PL_1610612759
  action_type: Rebound
  shot_type: 2PT
  distance_ft: 0.0
  is_made: False
  quarter: 4
  time_remaining: PT01M23.00S
}
2026-05-31 17:59:24 | INFO | P03 |   Sending message with key=0042500317
2026-05-31 17:59:24 | INFO | P03 |   MESSAGE SENT  sent=472
2026-05-31 17:59:24 | INFO | C03 | {'action_type': 'Rebound', 'distance_ft': '0.0', 'game_id': '0042500317', 'is_made': 'False', 'play_id': 'P0669', 'player_id': 'PL_1610612759', 'quarter': '4', 'shot_type': '2PT', 'time_remaining': 'PT01M23.00S', 'timestamp': '2026-06-01T04:23:19Z', '_kafka_key': '0042500317', '_kafka_partition': 0, '_kafka_offset': 471}
2026-05-31 17:59:24 | INFO | C03 | Skipping non-shot event: play_id=P0669, action_type=Rebound
2026-05-31 17:59:24 | WARNING | C03 | MESSAGE REJECTED
2026-05-31 17:59:24 | WARNING | C03 | play=P0669
2026-05-31 17:59:24 | WARNING | C03 | skipped=267
2026-05-31 17:59:25 | INFO | P03 | {
  play_id: P0670
  game_id: 0042500317
  timestamp: 2026-06-01T04:23:24Z
  player_id: PL_1642844
  action_type: Substitution
  shot_type: 2PT
  distance_ft: 0.0
  is_made: False
  quarter: 4
  time_remaining: PT01M23.00S
}
2026-05-31 17:59:25 | INFO | P03 |   Sending message with key=0042500317
2026-05-31 17:59:25 | INFO | P03 |   MESSAGE SENT  sent=473
2026-05-31 17:59:25 | INFO | C03 | {'action_type': 'Substitution', 'distance_ft': '0.0', 'game_id': '0042500317', 'is_made': 'False', 'play_id': 'P0670', 'player_id': 'PL_1642844', 'quarter': '4', 'shot_type': '2PT', 'time_remaining': 'PT01M23.00S', 'timestamp': '2026-06-01T04:23:24Z', '_kafka_key': '0042500317', '_kafka_partition': 0, '_kafka_offset': 472}
2026-05-31 17:59:25 | INFO | C03 | Skipping non-shot event: play_id=P0670, action_type=Substitution
2026-05-31 17:59:25 | WARNING | C03 | MESSAGE REJECTED
2026-05-31 17:59:25 | WARNING | C03 | play=P0670
2026-05-31 17:59:25 | WARNING | C03 | skipped=268
2026-05-31 17:59:25 | INFO | P03 | {
  play_id: P0672
  game_id: 0042500317
  timestamp: 2026-06-01T04:23:29Z
  player_id: PL_1631096
  action_type: Substitution
  shot_type: 2PT
  distance_ft: 0.0
  is_made: False
  quarter: 4
  time_remaining: PT01M23.00S
}
2026-05-31 17:59:25 | INFO | P03 |   Sending message with key=0042500317
2026-05-31 17:59:25 | INFO | C03 | {'action_type': 'Substitution', 'distance_ft': '0.0', 'game_id': '0042500317', 'is_made': 'False', 'play_id': 'P0672', 'player_id': 'PL_1631096', 'quarter': '4', 'shot_type': '2PT', 'time_remaining': 'PT01M23.00S', 'timestamp': '2026-06-01T04:23:29Z', '_kafka_key': '0042500317', '_kafka_partition': 0, '_kafka_offset': 473}
2026-05-31 17:59:25 | INFO | P03 |   MESSAGE SENT  sent=474
2026-05-31 17:59:25 | INFO | C03 | Skipping non-shot event: play_id=P0672, action_type=Substitution
2026-05-31 17:59:25 | WARNING | C03 | MESSAGE REJECTED
2026-05-31 17:59:25 | WARNING | C03 | play=P0672
2026-05-31 17:59:25 | WARNING | C03 | skipped=269
2026-05-31 17:59:26 | INFO | P03 | {
  play_id: P0676
  game_id: 0042500317
  timestamp: 2026-06-01T04:23:34Z
  player_id: PL_1630577
  action_type: Missed Shot
  shot_type: 2PT
  distance_ft: 20.0
  is_made: False
  quarter: 4
  time_remaining: PT01M01.00S
}
2026-05-31 17:59:26 | INFO | P03 |   Sending message with key=0042500317
2026-05-31 17:59:26 | INFO | C03 | {'action_type': 'Missed Shot', 'distance_ft': '20.0', 'game_id': '0042500317', 'is_made': 'False', 'play_id': 'P0676', 'player_id': 'PL_1630577', 'quarter': '4', 'shot_type': '2PT', 'time_remaining': 'PT01M01.00S', 'timestamp': '2026-06-01T04:23:34Z', '_kafka_key': '0042500317', '_kafka_partition': 0, '_kafka_offset': 474}
2026-05-31 17:59:26 | INFO | C03 | shot_quality=Mid-Range
2026-05-31 17:59:26 | INFO | C03 | clutch_shot=True
2026-05-31 17:59:26 | INFO | C03 | points_scored=0
2026-05-31 17:59:26 | INFO | C03 | running_total_pts=208
2026-05-31 17:59:26 | INFO | C03 | MESSAGE ACCEPTED
2026-05-31 17:59:26 | INFO | C03 | play=P0676
2026-05-31 17:59:26 | INFO | C03 | points=0
2026-05-31 17:59:26 | INFO | C03 | consumed=206
2026-05-31 17:59:26 | INFO | C03 | RUNNING STATS
2026-05-31 17:59:26 | INFO | C03 | total_pts=208
2026-05-31 17:59:26 | INFO | C03 | average_pts=1.01
2026-05-31 17:59:26 | INFO | C03 | min_pts=0.00
2026-05-31 17:59:26 | INFO | C03 | max_pts=3.00
2026-05-31 17:59:26 | INFO | P03 | {
  play_id: P0677
  game_id: 0042500317
  timestamp: 2026-06-01T04:23:39Z
  player_id: PL_1642264
  action_type: Rebound
  shot_type: 2PT
  distance_ft: 0.0
  is_made: False
  quarter: 4
  time_remaining: PT00M59.10S
}
2026-05-31 17:59:26 | INFO | P03 |   Sending message with key=0042500317
2026-05-31 17:59:26 | INFO | P03 |   MESSAGE SENT  sent=476
2026-05-31 17:59:26 | INFO | C03 | {'action_type': 'Rebound', 'distance_ft': '0.0', 'game_id': '0042500317', 'is_made': 'False', 'play_id': 'P0677', 'player_id': 'PL_1642264', 'quarter': '4', 'shot_type': '2PT', 'time_remaining': 'PT00M59.10S', 'timestamp': '2026-06-01T04:23:39Z', '_kafka_key': '0042500317', '_kafka_partition': 0, '_kafka_offset': 475}
2026-05-31 17:59:26 | INFO | C03 | Skipping non-shot event: play_id=P0677, action_type=Rebound
2026-05-31 17:59:26 | WARNING | C03 | MESSAGE REJECTED
2026-05-31 17:59:26 | WARNING | C03 | play=P0677
2026-05-31 17:59:26 | WARNING | C03 | skipped=270
2026-05-31 17:59:27 | INFO | P03 | {
  play_id: P0678
  game_id: 0042500317
  timestamp: 2026-06-01T04:23:44Z
  player_id: PL_1642264
  action_type: Made Shot
  shot_type: 2PT
  distance_ft: 2.0
  is_made: True
  quarter: 4
  time_remaining: PT00M59.10S
}
2026-05-31 17:59:27 | INFO | P03 |   Sending message with key=0042500317
2026-05-31 17:59:27 | INFO | P03 |   MESSAGE SENT  sent=477
2026-05-31 17:59:27 | INFO | C03 | {'action_type': 'Made Shot', 'distance_ft': '2.0', 'game_id': '0042500317', 'is_made': 'True', 'play_id': 'P0678', 'player_id': 'PL_1642264', 'quarter': '4', 'shot_type': '2PT', 'time_remaining': 'PT00M59.10S', 'timestamp': '2026-06-01T04:23:44Z', '_kafka_key': '0042500317', '_kafka_partition': 0, '_kafka_offset': 476}
2026-05-31 17:59:27 | INFO | C03 | shot_quality=Restricted Area
2026-05-31 17:59:27 | INFO | C03 | clutch_shot=True
2026-05-31 17:59:27 | INFO | C03 | points_scored=2
2026-05-31 17:59:27 | INFO | C03 | running_total_pts=210
2026-05-31 17:59:27 | INFO | C03 | MESSAGE ACCEPTED
2026-05-31 17:59:27 | INFO | C03 | play=P0678
2026-05-31 17:59:27 | INFO | C03 | points=2
2026-05-31 17:59:27 | INFO | C03 | consumed=207
2026-05-31 17:59:27 | INFO | C03 | RUNNING STATS
2026-05-31 17:59:27 | INFO | C03 | total_pts=210
2026-05-31 17:59:27 | INFO | C03 | average_pts=1.01
2026-05-31 17:59:27 | INFO | C03 | min_pts=0.00
2026-05-31 17:59:27 | INFO | C03 | max_pts=3.00
2026-05-31 17:59:28 | INFO | P03 | {
  play_id: P0679
  game_id: 0042500317
  timestamp: 2026-06-01T04:23:49Z
  player_id: PL_1641717
  action_type: Made Shot
  shot_type: 2PT
  distance_ft: 5.0
  is_made: True
  quarter: 4
  time_remaining: PT00M52.90S
}
2026-05-31 17:59:28 | INFO | P03 |   Sending message with key=0042500317
2026-05-31 17:59:28 | INFO | P03 |   MESSAGE SENT  sent=478
2026-05-31 17:59:28 | INFO | C03 | {'action_type': 'Made Shot', 'distance_ft': '5.0', 'game_id': '0042500317', 'is_made': 'True', 'play_id': 'P0679', 'player_id': 'PL_1641717', 'quarter': '4', 'shot_type': '2PT', 'time_remaining': 'PT00M52.90S', 'timestamp': '2026-06-01T04:23:49Z', '_kafka_key': '0042500317', '_kafka_partition': 0, '_kafka_offset': 477}
2026-05-31 17:59:28 | INFO | C03 | shot_quality=Paint
2026-05-31 17:59:28 | INFO | C03 | clutch_shot=True
2026-05-31 17:59:28 | INFO | C03 | points_scored=2
2026-05-31 17:59:28 | INFO | C03 | running_total_pts=212
2026-05-31 17:59:28 | INFO | C03 | MESSAGE ACCEPTED
2026-05-31 17:59:28 | INFO | C03 | play=P0679
2026-05-31 17:59:28 | INFO | C03 | points=2
2026-05-31 17:59:28 | INFO | C03 | consumed=208
2026-05-31 17:59:28 | INFO | C03 | RUNNING STATS
2026-05-31 17:59:28 | INFO | C03 | total_pts=212
2026-05-31 17:59:28 | INFO | C03 | average_pts=1.02
2026-05-31 17:59:28 | INFO | C03 | min_pts=0.00
2026-05-31 17:59:28 | INFO | C03 | max_pts=3.00
2026-05-31 17:59:28 | INFO | P03 | {
  play_id: P0680
  game_id: 0042500317
  timestamp: 2026-06-01T04:23:54Z
  player_id: PL_1610612759
  action_type: Timeout
  shot_type: 2PT
  distance_ft: 0.0
  is_made: False
  quarter: 4
  time_remaining: PT00M42.90S
}
2026-05-31 17:59:28 | INFO | P03 |   Sending message with key=0042500317
2026-05-31 17:59:28 | INFO | P03 |   MESSAGE SENT  sent=479
2026-05-31 17:59:28 | INFO | C03 | {'action_type': 'Timeout', 'distance_ft': '0.0', 'game_id': '0042500317', 'is_made': 'False', 'play_id': 'P0680', 'player_id': 'PL_1610612759', 'quarter': '4', 'shot_type': '2PT', 'time_remaining': 'PT00M42.90S', 'timestamp': '2026-06-01T04:23:54Z', '_kafka_key': '0042500317', '_kafka_partition': 0, '_kafka_offset': 478}
2026-05-31 17:59:28 | INFO | C03 | Skipping non-shot event: play_id=P0680, action_type=Timeout
2026-05-31 17:59:28 | WARNING | C03 | MESSAGE REJECTED
2026-05-31 17:59:28 | WARNING | C03 | play=P0680
2026-05-31 17:59:28 | WARNING | C03 | skipped=271
2026-05-31 17:59:29 | INFO | P03 | {
  play_id: P0681
  game_id: 0042500317
  timestamp: 2026-06-01T04:23:59Z
  player_id: PL_1631119
  action_type: Substitution
  shot_type: 2PT
  distance_ft: 0.0
  is_made: False
  quarter: 4
  time_remaining: PT00M42.90S
}
2026-05-31 17:59:29 | INFO | P03 |   Sending message with key=0042500317
2026-05-31 17:59:29 | INFO | P03 |   MESSAGE SENT  sent=480
2026-05-31 17:59:29 | INFO | C03 | {'action_type': 'Substitution', 'distance_ft': '0.0', 'game_id': '0042500317', 'is_made': 'False', 'play_id': 'P0681', 'player_id': 'PL_1631119', 'quarter': '4', 'shot_type': '2PT', 'time_remaining': 'PT00M42.90S', 'timestamp': '2026-06-01T04:23:59Z', '_kafka_key': '0042500317', '_kafka_partition': 0, '_kafka_offset': 479}
2026-05-31 17:59:29 | INFO | C03 | Skipping non-shot event: play_id=P0681, action_type=Substitution
2026-05-31 17:59:29 | WARNING | C03 | MESSAGE REJECTED
2026-05-31 17:59:29 | WARNING | C03 | play=P0681
2026-05-31 17:59:29 | WARNING | C03 | skipped=272
2026-05-31 17:59:29 | INFO | P03 | {
  play_id: P0682
  game_id: 0042500317
  timestamp: 2026-06-01T04:24:04Z
  player_id: PL_1642272
  action_type: Substitution
  shot_type: 2PT
  distance_ft: 0.0
  is_made: False
  quarter: 4
  time_remaining: PT00M42.90S
}
2026-05-31 17:59:29 | INFO | P03 |   Sending message with key=0042500317
2026-05-31 17:59:29 | INFO | P03 |   MESSAGE SENT  sent=481
2026-05-31 17:59:29 | INFO | C03 | {'action_type': 'Substitution', 'distance_ft': '0.0', 'game_id': '0042500317', 'is_made': 'False', 'play_id': 'P0682', 'player_id': 'PL_1642272', 'quarter': '4', 'shot_type': '2PT', 'time_remaining': 'PT00M42.90S', 'timestamp': '2026-06-01T04:24:04Z', '_kafka_key': '0042500317', '_kafka_partition': 0, '_kafka_offset': 480}
2026-05-31 17:59:29 | INFO | C03 | Skipping non-shot event: play_id=P0682, action_type=Substitution
2026-05-31 17:59:29 | WARNING | C03 | MESSAGE REJECTED
2026-05-31 17:59:29 | WARNING | C03 | play=P0682
2026-05-31 17:59:29 | WARNING | C03 | skipped=273
2026-05-31 17:59:30 | INFO | P03 | {
  play_id: P0683
  game_id: 0042500317
  timestamp: 2026-06-01T04:24:09Z
  player_id: PL_1630577
  action_type: Substitution
  shot_type: 2PT
  distance_ft: 0.0
  is_made: False
  quarter: 4
  time_remaining: PT00M42.90S
}
2026-05-31 17:59:30 | INFO | P03 |   Sending message with key=0042500317
2026-05-31 17:59:30 | INFO | C03 | {'action_type': 'Substitution', 'distance_ft': '0.0', 'game_id': '0042500317', 'is_made': 'False', 'play_id': 'P0683', 'player_id': 'PL_1630577', 'quarter': '4', 'shot_type': '2PT', 'time_remaining': 'PT00M42.90S', 'timestamp': '2026-06-01T04:24:09Z', '_kafka_key': '0042500317', '_kafka_partition': 0, '_kafka_offset': 481}
2026-05-31 17:59:30 | INFO | P03 |   MESSAGE SENT  sent=482
2026-05-31 17:59:30 | INFO | C03 | Skipping non-shot event: play_id=P0683, action_type=Substitution
2026-05-31 17:59:30 | WARNING | C03 | MESSAGE REJECTED
2026-05-31 17:59:30 | WARNING | C03 | play=P0683
2026-05-31 17:59:30 | WARNING | C03 | skipped=274
2026-05-31 17:59:30 | INFO | P03 | {
  play_id: P0687
  game_id: 0042500317
  timestamp: 2026-06-01T04:24:14Z
  player_id: PL_1642264
  action_type: Turnover
  shot_type: 2PT
  distance_ft: 0.0
  is_made: False
  quarter: 4
  time_remaining: PT00M40.10S
}
2026-05-31 17:59:30 | INFO | P03 |   Sending message with key=0042500317
2026-05-31 17:59:30 | INFO | P03 |   MESSAGE SENT  sent=483
2026-05-31 17:59:30 | INFO | C03 | {'action_type': 'Turnover', 'distance_ft': '0.0', 'game_id': '0042500317', 'is_made': 'False', 'play_id': 'P0687', 'player_id': 'PL_1642264', 'quarter': '4', 'shot_type': '2PT', 'time_remaining': 'PT00M40.10S', 'timestamp': '2026-06-01T04:24:14Z', '_kafka_key': '0042500317', '_kafka_partition': 0, '_kafka_offset': 482}
2026-05-31 17:59:30 | INFO | C03 | Skipping non-shot event: play_id=P0687, action_type=Turnover
2026-05-31 17:59:30 | WARNING | C03 | MESSAGE REJECTED
2026-05-31 17:59:30 | WARNING | C03 | play=P0687
2026-05-31 17:59:30 | WARNING | C03 | skipped=275
2026-05-31 17:59:31 | INFO | P03 | {
  play_id: P0687
  game_id: 0042500317
  timestamp: 2026-06-01T04:24:19Z
  player_id: PL_1641717
  action_type: Unknown
  shot_type: 2PT
  distance_ft: 0.0
  is_made: False
  quarter: 4
  time_remaining: PT00M40.10S
}
2026-05-31 17:59:31 | INFO | P03 |   Sending message with key=0042500317
2026-05-31 17:59:31 | INFO | C03 | {'action_type': 'Unknown', 'distance_ft': '0.0', 'game_id': '0042500317', 'is_made': 'False', 'play_id': 'P0687', 'player_id': 'PL_1641717', 'quarter': '4', 'shot_type': '2PT', 'time_remaining': 'PT00M40.10S', 'timestamp': '2026-06-01T04:24:19Z', '_kafka_key': '0042500317', '_kafka_partition': 0, '_kafka_offset': 483}
2026-05-31 17:59:31 | INFO | C03 | Skipping non-shot event: play_id=P0687, action_type=Unknown
2026-05-31 17:59:31 | WARNING | C03 | MESSAGE REJECTED
2026-05-31 17:59:31 | WARNING | C03 | play=P0687
2026-05-31 17:59:31 | WARNING | C03 | skipped=276
2026-05-31 17:59:31 | INFO | P03 | {
  play_id: P0689
  game_id: 0042500317
  timestamp: 2026-06-01T04:24:24Z
  player_id: PL_1629026
  action_type: Missed Shot
  shot_type: 3PT
  distance_ft: 0.0
  is_made: False
  quarter: 4
  time_remaining: PT00M28.40S
}
2026-05-31 17:59:31 | INFO | P03 |   Sending message with key=0042500317
2026-05-31 17:59:31 | INFO | P03 |   MESSAGE SENT  sent=485
2026-05-31 17:59:31 | INFO | C03 | {'action_type': 'Missed Shot', 'distance_ft': '0.0', 'game_id': '0042500317', 'is_made': 'False', 'play_id': 'P0689', 'player_id': 'PL_1629026', 'quarter': '4', 'shot_type': '3PT', 'time_remaining': 'PT00M28.40S', 'timestamp': '2026-06-01T04:24:24Z', '_kafka_key': '0042500317', '_kafka_partition': 0, '_kafka_offset': 484}
2026-05-31 17:59:31 | INFO | C03 | shot_quality=Restricted Area
2026-05-31 17:59:31 | INFO | C03 | clutch_shot=True
2026-05-31 17:59:31 | INFO | C03 | points_scored=0
2026-05-31 17:59:31 | INFO | C03 | running_total_pts=212
2026-05-31 17:59:31 | INFO | C03 | MESSAGE ACCEPTED
2026-05-31 17:59:31 | INFO | C03 | play=P0689
2026-05-31 17:59:31 | INFO | C03 | points=0
2026-05-31 17:59:31 | INFO | C03 | consumed=209
2026-05-31 17:59:31 | INFO | C03 | RUNNING STATS
2026-05-31 17:59:31 | INFO | C03 | total_pts=212
2026-05-31 17:59:31 | INFO | C03 | average_pts=1.01
2026-05-31 17:59:31 | INFO | C03 | min_pts=0.00
2026-05-31 17:59:31 | INFO | C03 | max_pts=3.00
2026-05-31 17:59:32 | INFO | P03 | {
  play_id: P0690
  game_id: 0042500317
  timestamp: 2026-06-01T04:24:29Z
  player_id: PL_1642264
  action_type: Rebound
  shot_type: 2PT
  distance_ft: 0.0
  is_made: False
  quarter: 4
  time_remaining: PT00M22.30S
}
2026-05-31 17:59:32 | INFO | P03 |   Sending message with key=0042500317
2026-05-31 17:59:32 | INFO | P03 |   MESSAGE SENT  sent=486
2026-05-31 17:59:32 | INFO | C03 | {'action_type': 'Rebound', 'distance_ft': '0.0', 'game_id': '0042500317', 'is_made': 'False', 'play_id': 'P0690', 'player_id': 'PL_1642264', 'quarter': '4', 'shot_type': '2PT', 'time_remaining': 'PT00M22.30S', 'timestamp': '2026-06-01T04:24:29Z', '_kafka_key': '0042500317', '_kafka_partition': 0, '_kafka_offset': 485}
2026-05-31 17:59:32 | INFO | C03 | Skipping non-shot event: play_id=P0690, action_type=Rebound
2026-05-31 17:59:32 | WARNING | C03 | MESSAGE REJECTED
2026-05-31 17:59:32 | WARNING | C03 | play=P0690
2026-05-31 17:59:32 | WARNING | C03 | skipped=277
2026-05-31 17:59:32 | INFO | P03 | {
  play_id: P0691
  game_id: 0042500317
  timestamp: 2026-06-01T04:24:34Z
  player_id: PL_1642264
  action_type: Turnover
  shot_type: 2PT
  distance_ft: 0.0
  is_made: False
  quarter: 4
  time_remaining: PT00M22.30S
}
2026-05-31 17:59:32 | INFO | P03 |   Sending message with key=0042500317
2026-05-31 17:59:33 | INFO | P03 |   MESSAGE SENT  sent=487
2026-05-31 17:59:33 | INFO | C03 | {'action_type': 'Turnover', 'distance_ft': '0.0', 'game_id': '0042500317', 'is_made': 'False', 'play_id': 'P0691', 'player_id': 'PL_1642264', 'quarter': '4', 'shot_type': '2PT', 'time_remaining': 'PT00M22.30S', 'timestamp': '2026-06-01T04:24:34Z', '_kafka_key': '0042500317', '_kafka_partition': 0, '_kafka_offset': 486}
2026-05-31 17:59:33 | INFO | C03 | Skipping non-shot event: play_id=P0691, action_type=Turnover
2026-05-31 17:59:33 | WARNING | C03 | MESSAGE REJECTED
2026-05-31 17:59:33 | WARNING | C03 | play=P0691
2026-05-31 17:59:33 | WARNING | C03 | skipped=278
2026-05-31 17:59:33 | INFO | P03 | {
  play_id: P0691
  game_id: 0042500317
  timestamp: 2026-06-01T04:24:39Z
  player_id: PL_1628983
  action_type: Unknown
  shot_type: 2PT
  distance_ft: 0.0
  is_made: False
  quarter: 4
  time_remaining: PT00M22.30S
}
2026-05-31 17:59:33 | INFO | P03 |   Sending message with key=0042500317
2026-05-31 17:59:33 | INFO | P03 |   MESSAGE SENT  sent=488
2026-05-31 17:59:33 | INFO | C03 | {'action_type': 'Unknown', 'distance_ft': '0.0', 'game_id': '0042500317', 'is_made': 'False', 'play_id': 'P0691', 'player_id': 'PL_1628983', 'quarter': '4', 'shot_type': '2PT', 'time_remaining': 'PT00M22.30S', 'timestamp': '2026-06-01T04:24:39Z', '_kafka_key': '0042500317', '_kafka_partition': 0, '_kafka_offset': 487}
2026-05-31 17:59:33 | INFO | C03 | Skipping non-shot event: play_id=P0691, action_type=Unknown
2026-05-31 17:59:33 | WARNING | C03 | MESSAGE REJECTED
2026-05-31 17:59:33 | WARNING | C03 | play=P0691
2026-05-31 17:59:33 | WARNING | C03 | skipped=279
2026-05-31 17:59:34 | INFO | P03 | {
  play_id: P0693
  game_id: 0042500317
  timestamp: 2026-06-01T04:24:44Z
  player_id: PL_1628368
  action_type: Foul
  shot_type: 2PT
  distance_ft: 0.0
  is_made: False
  quarter: 4
  time_remaining: PT00M22.30S
}
2026-05-31 17:59:34 | INFO | P03 |   Sending message with key=0042500317
2026-05-31 17:59:34 | INFO | P03 |   MESSAGE SENT  sent=489
2026-05-31 17:59:34 | INFO | C03 | {'action_type': 'Foul', 'distance_ft': '0.0', 'game_id': '0042500317', 'is_made': 'False', 'play_id': 'P0693', 'player_id': 'PL_1628368', 'quarter': '4', 'shot_type': '2PT', 'time_remaining': 'PT00M22.30S', 'timestamp': '2026-06-01T04:24:44Z', '_kafka_key': '0042500317', '_kafka_partition': 0, '_kafka_offset': 488}
2026-05-31 17:59:34 | INFO | C03 | Skipping non-shot event: play_id=P0693, action_type=Foul
2026-05-31 17:59:34 | WARNING | C03 | MESSAGE REJECTED
2026-05-31 17:59:34 | WARNING | C03 | play=P0693
2026-05-31 17:59:34 | WARNING | C03 | skipped=280
2026-05-31 17:59:34 | INFO | P03 | {
  play_id: P0695
  game_id: 0042500317
  timestamp: 2026-06-01T04:24:49Z
  player_id: PL_1629652
  action_type: Substitution
  shot_type: 2PT
  distance_ft: 0.0
  is_made: False
  quarter: 4
  time_remaining: PT00M22.30S
}
2026-05-31 17:59:34 | INFO | P03 |   Sending message with key=0042500317
2026-05-31 17:59:34 | INFO | P03 |   MESSAGE SENT  sent=490
2026-05-31 17:59:34 | INFO | C03 | {'action_type': 'Substitution', 'distance_ft': '0.0', 'game_id': '0042500317', 'is_made': 'False', 'play_id': 'P0695', 'player_id': 'PL_1629652', 'quarter': '4', 'shot_type': '2PT', 'time_remaining': 'PT00M22.30S', 'timestamp': '2026-06-01T04:24:49Z', '_kafka_key': '0042500317', '_kafka_partition': 0, '_kafka_offset': 489}
2026-05-31 17:59:34 | INFO | C03 | Skipping non-shot event: play_id=P0695, action_type=Substitution
2026-05-31 17:59:34 | WARNING | C03 | MESSAGE REJECTED
2026-05-31 17:59:34 | WARNING | C03 | play=P0695
2026-05-31 17:59:34 | WARNING | C03 | skipped=281
2026-05-31 17:59:35 | INFO | P03 | {
  play_id: P0696
  game_id: 0042500317
  timestamp: 2026-06-01T04:24:54Z
  player_id: PL_1629026
  action_type: Substitution
  shot_type: 2PT
  distance_ft: 0.0
  is_made: False
  quarter: 4
  time_remaining: PT00M22.30S
}
2026-05-31 17:59:35 | INFO | P03 |   Sending message with key=0042500317
2026-05-31 17:59:35 | INFO | P03 |   MESSAGE SENT  sent=491
2026-05-31 17:59:35 | INFO | C03 | {'action_type': 'Substitution', 'distance_ft': '0.0', 'game_id': '0042500317', 'is_made': 'False', 'play_id': 'P0696', 'player_id': 'PL_1629026', 'quarter': '4', 'shot_type': '2PT', 'time_remaining': 'PT00M22.30S', 'timestamp': '2026-06-01T04:24:54Z', '_kafka_key': '0042500317', '_kafka_partition': 0, '_kafka_offset': 490}
2026-05-31 17:59:35 | INFO | C03 | Skipping non-shot event: play_id=P0696, action_type=Substitution
2026-05-31 17:59:35 | WARNING | C03 | MESSAGE REJECTED
2026-05-31 17:59:35 | WARNING | C03 | play=P0696
2026-05-31 17:59:35 | WARNING | C03 | skipped=282
2026-05-31 17:59:35 | INFO | P03 | {
  play_id: P0697
  game_id: 0042500317
  timestamp: 2026-06-01T04:24:59Z
  player_id: PL_1642844
  action_type: Substitution
  shot_type: 2PT
  distance_ft: 0.0
  is_made: False
  quarter: 4
  time_remaining: PT00M22.30S
}
2026-05-31 17:59:35 | INFO | P03 |   Sending message with key=0042500317
2026-05-31 17:59:35 | INFO | P03 |   MESSAGE SENT  sent=492
2026-05-31 17:59:35 | INFO | C03 | {'action_type': 'Substitution', 'distance_ft': '0.0', 'game_id': '0042500317', 'is_made': 'False', 'play_id': 'P0697', 'player_id': 'PL_1642844', 'quarter': '4', 'shot_type': '2PT', 'time_remaining': 'PT00M22.30S', 'timestamp': '2026-06-01T04:24:59Z', '_kafka_key': '0042500317', '_kafka_partition': 0, '_kafka_offset': 491}
2026-05-31 17:59:35 | INFO | C03 | Skipping non-shot event: play_id=P0697, action_type=Substitution
2026-05-31 17:59:35 | WARNING | C03 | MESSAGE REJECTED
2026-05-31 17:59:35 | WARNING | C03 | play=P0697
2026-05-31 17:59:35 | WARNING | C03 | skipped=283
2026-05-31 17:59:36 | INFO | P03 | {
  play_id: P0701
  game_id: 0042500317
  timestamp: 2026-06-01T04:25:04Z
  player_id: PL_1627936
  action_type: Missed Shot
  shot_type: 3PT
  distance_ft: 27.0
  is_made: False
  quarter: 4
  time_remaining: PT00M18.20S
}
2026-05-31 17:59:36 | INFO | P03 |   Sending message with key=0042500317
2026-05-31 17:59:36 | INFO | C03 | {'action_type': 'Missed Shot', 'distance_ft': '27.0', 'game_id': '0042500317', 'is_made': 'False', 'play_id': 'P0701', 'player_id': 'PL_1627936', 'quarter': '4', 'shot_type': '3PT', 'time_remaining': 'PT00M18.20S', 'timestamp': '2026-06-01T04:25:04Z', '_kafka_key': '0042500317', '_kafka_partition': 0, '_kafka_offset': 492}
2026-05-31 17:59:36 | INFO | P03 |   MESSAGE SENT  sent=493
2026-05-31 17:59:36 | INFO | C03 | shot_quality=NBA Deep 3
2026-05-31 17:59:36 | INFO | C03 | clutch_shot=True
2026-05-31 17:59:36 | INFO | C03 | points_scored=0
2026-05-31 17:59:36 | INFO | C03 | running_total_pts=212
2026-05-31 17:59:36 | INFO | C03 | MESSAGE ACCEPTED
2026-05-31 17:59:36 | INFO | C03 | play=P0701
2026-05-31 17:59:36 | INFO | C03 | points=0
2026-05-31 17:59:36 | INFO | C03 | consumed=210
2026-05-31 17:59:36 | INFO | C03 | RUNNING STATS
2026-05-31 17:59:36 | INFO | C03 | total_pts=212
2026-05-31 17:59:36 | INFO | C03 | average_pts=1.01
2026-05-31 17:59:36 | INFO | C03 | min_pts=0.00
2026-05-31 17:59:36 | INFO | C03 | max_pts=3.00
2026-05-31 17:59:36 | INFO | P03 | {
  play_id: P0702
  game_id: 0042500317
  timestamp: 2026-06-01T04:25:09Z
  player_id: PL_1610612760
  action_type: Rebound
  shot_type: 2PT
  distance_ft: 0.0
  is_made: False
  quarter: 4
  time_remaining: PT00M17.10S
}
2026-05-31 17:59:36 | INFO | P03 |   Sending message with key=0042500317
2026-05-31 17:59:36 | INFO | P03 |   MESSAGE SENT  sent=494
2026-05-31 17:59:36 | INFO | C03 | {'action_type': 'Rebound', 'distance_ft': '0.0', 'game_id': '0042500317', 'is_made': 'False', 'play_id': 'P0702', 'player_id': 'PL_1610612760', 'quarter': '4', 'shot_type': '2PT', 'time_remaining': 'PT00M17.10S', 'timestamp': '2026-06-01T04:25:09Z', '_kafka_key': '0042500317', '_kafka_partition': 0, '_kafka_offset': 493}
2026-05-31 17:59:36 | INFO | C03 | Skipping non-shot event: play_id=P0702, action_type=Rebound
2026-05-31 17:59:36 | WARNING | C03 | MESSAGE REJECTED
2026-05-31 17:59:36 | WARNING | C03 | play=P0702
2026-05-31 17:59:36 | WARNING | C03 | skipped=284
2026-05-31 17:59:37 | INFO | P03 | {
  play_id: P0704
  game_id: 0042500317
  timestamp: 2026-06-01T04:25:14Z
  player_id: PL_1641717
  action_type: Missed Shot
  shot_type: 3PT
  distance_ft: 29.0
  is_made: False
  quarter: 4
  time_remaining: PT00M12.50S
}
2026-05-31 17:59:37 | INFO | P03 |   Sending message with key=0042500317
2026-05-31 17:59:37 | INFO | P03 |   MESSAGE SENT  sent=495
ot', 'distance_ft': '29.0', 'game_id': '0042500317', 'is_made': 'False', 'play_id': 'P0704', 'player_id': 'PL_1641717', 'quarter': '4', 'shot_type': '3PT', 'time_remaining': 'PT00M12.50S', 'timestamp': '2026-06-01T04:25:14Z', '_kafka_key': '0042500317', '_kafka_partition': 0, '_kafka_offset': 494}
2026-05-31 17:59:37 | INFO | C03 | shot_quality=NBA Deep 3
2026-05-31 17:59:37 | INFO | C03 | clutch_shot=True
2026-05-31 17:59:37 | INFO | C03 | points_scored=0
2026-05-31 17:59:37 | INFO | C03 | running_total_pts=212
2026-05-31 17:59:37 | INFO | C03 | MESSAGE ACCEPTED
2026-05-31 17:59:37 | INFO | C03 | play=P0704
2026-05-31 17:59:37 | INFO | C03 | points=0
2026-05-31 17:59:37 | INFO | C03 | consumed=211
2026-05-31 17:59:37 | INFO | C03 | RUNNING STATS
2026-05-31 17:59:37 | INFO | C03 | total_pts=212
2026-05-31 17:59:37 | INFO | C03 | average_pts=1.00
2026-05-31 17:59:37 | INFO | C03 | min_pts=0.00
2026-05-31 17:59:37 | INFO | C03 | max_pts=3.00
2026-05-31 17:59:37 | INFO | P03 | {
  play_id: P0705
  game_id: 0042500317
  timestamp: 2026-06-01T04:25:19Z
  player_id: PL_1630577
  action_type: Rebound
  shot_type: 2PT
  distance_ft: 0.0
  is_made: False
  quarter: 4
  time_remaining: PT00M08.40S
}
2026-05-31 17:59:37 | INFO | P03 |   Sending message with key=0042500317
2026-05-31 17:59:38 | INFO | P03 |   MESSAGE SENT  sent=496
2026-05-31 17:59:38 | INFO | C03 | {'action_type': 'Rebound', 'distance_ft': '0.0', 'game_id': '0042500317', 'is_made': 'False', 'play_id': 'P0705', 'player_id': 'PL_1630577', 'quarter': '4', 'shot_type': '2PT', 'time_remaining': 'PT00M08.40S', 'timestamp': '2026-06-01T04:25:19Z', '_kafka_key': '0042500317', '_kafka_partition': 0, '_kafka_offset': 495}
2026-05-31 17:59:38 | INFO | C03 | Skipping non-shot event: play_id=P0705, action_type=Rebound
2026-05-31 17:59:38 | WARNING | C03 | MESSAGE REJECTED
2026-05-31 17:59:38 | WARNING | C03 | play=P0705
2026-05-31 17:59:38 | WARNING | C03 | skipped=285
2026-05-31 17:59:38 | INFO | P03 | {
  play_id: P0706
  game_id: 0042500317
  timestamp: 2026-06-01T04:25:24Z
  player_id: PL_1630170
  action_type: Made Shot
  shot_type: 2PT
  distance_ft: 1.0
  is_made: True
  quarter: 4
  time_remaining: PT00M04.10S
}
2026-05-31 17:59:38 | INFO | P03 |   Sending message with key=0042500317
2026-05-31 17:59:38 | INFO | P03 |   MESSAGE SENT  sent=497
2026-05-31 17:59:38 | INFO | C03 | {'action_type': 'Made Shot', 'distance_ft': '1.0', 'game_id': '0042500317', 'is_made': 'True', 'play_id': 'P0706', 'player_id': 'PL_1630170', 'quarter': '4', 'shot_type': '2PT', 'time_remaining': 'PT00M04.10S', 'timestamp': '2026-06-01T04:25:24Z', '_kafka_key': '0042500317', '_kafka_partition': 0, '_kafka_offset': 496}
2026-05-31 17:59:38 | INFO | C03 | shot_quality=Restricted Area
2026-05-31 17:59:38 | INFO | C03 | clutch_shot=True
2026-05-31 17:59:38 | INFO | C03 | points_scored=2
2026-05-31 17:59:38 | INFO | C03 | running_total_pts=214
2026-05-31 17:59:38 | INFO | C03 | MESSAGE ACCEPTED
2026-05-31 17:59:38 | INFO | C03 | play=P0706
2026-05-31 17:59:38 | INFO | C03 | points=2
2026-05-31 17:59:38 | INFO | C03 | consumed=212
2026-05-31 17:59:38 | INFO | C03 | RUNNING STATS
2026-05-31 17:59:38 | INFO | C03 | total_pts=214
2026-05-31 17:59:38 | INFO | C03 | average_pts=1.01
2026-05-31 17:59:38 | INFO | C03 | min_pts=0.00
2026-05-31 17:59:38 | INFO | C03 | max_pts=3.00
2026-05-31 17:59:39 | INFO | P03 | Checking for rejected records...
2026-05-31 17:59:39 | INFO | P03 |   No records rejected.
2026-05-31 17:59:39 | INFO | P03 | ========================
2026-05-31 17:59:39 | INFO | P03 | SECTION E. Exit
2026-05-31 17:59:39 | INFO | P03 | ========================
2026-05-31 17:59:39 | INFO | P03 | Summary:
2026-05-31 17:59:39 | INFO | P03 | Sent 497 message(s) to topic 'streaming-03-analytics-nba-pbp'.
2026-05-31 17:59:39 | INFO | P03 | Rejected 0 message(s).
2026-05-31 17:59:39 | INFO | P03 | ========================
2026-05-31 17:59:39 | INFO | P03 | Producer executed successfully!
2026-05-31 17:59:39 | INFO | P03 | ========================
2026-05-31 17:59:48 | INFO | C03 | No message received within 10.0s timeout.
2026-05-31 17:59:48 | INFO | C03 | Producer finished or paused. Stopping consumer.
2026-05-31 17:59:48 | INFO | C03 | Kafka consumer closed.
2026-05-31 17:59:48 | INFO | C03 | ========================
2026-05-31 17:59:48 | INFO | C03 | SECTION E. Exit
2026-05-31 17:59:48 | INFO | C03 | ========================
2026-05-31 17:59:48 | INFO | C03 | Summary:
2026-05-31 17:59:48 | INFO | C03 | Consumed 212 message(s) from topic 'streaming-03-analytics-nba-pbp'.
2026-05-31 17:59:48 | INFO | C03 | Skipped  285 message(s).
2026-05-31 17:59:48 | INFO | C03 | OUTPUT_CSV = data\output\consumed_events.csv
2026-05-31 17:59:48 | INFO | C03 |   Total points:  214
2026-05-31 17:59:48 | INFO | C03 |   Average pts: 1.01
2026-05-31 17:59:48 | INFO | C03 |   Minimum pts: 0.00
2026-05-31 17:59:48 | INFO | C03 |   Maximum pts: 3.00
2026-05-31 17:59:48 | INFO | C03 | ========================
2026-05-31 17:59:48 | INFO | C03 | Consumer executed successfully!
2026-05-31 17:59:48 | INFO | C03 | ========================
